policy,profile_seed,return,information_gain,samples,unique_samples,path_length,invalid_actions,posterior_rmse,profile_source,truth_source,agent_seed
random,50000,1.378169751916086,2.03354838889086,9,7,47,0,0.27118429696285223,synthetic,prior_draw,
lawnmower,50000,2.637343136851637,3.279128083330826,8,8,56,0,0.1944847668486057,synthetic,prior_draw,
greedy_information,50000,4.9352628173190025,5.556467012387537,10,10,54,0,0.14682570544619525,synthetic,prior_draw,
random,50001,1.1514425090067304,1.909062015654468,7,6,44,0,0.19313601023416718,synthetic,prior_draw,
lawnmower,50001,2.8749517941001503,3.6385488453358095,8,8,56,0,0.25181429052230336,synthetic,prior_draw,
greedy_information,50001,4.539692582940518,5.2693380185117,10,10,54,0,0.24011498996804334,synthetic,prior_draw,
random,50002,1.2869672798222884,1.9876502147089832,10,6,45,0,0.27462265264317903,synthetic,prior_draw,
lawnmower,50002,2.654833215694986,3.3424288474080797,7,7,57,0,0.20708918877100724,synthetic,prior_draw,
greedy_information,50002,4.732185060538575,5.390994140454216,10,10,54,0,0.16609982692934078,synthetic,prior_draw,
random,50003,2.5120805173305363,3.174366315786552,10,7,43,0,0.29864211748215297,synthetic,prior_draw,
lawnmower,50003,3.1610802512515437,3.802609630924217,9,9,55,0,0.14662956377461678,synthetic,prior_draw,
greedy_information,50003,4.876389421959176,5.494052512479029,10,10,54,0,0.17346342258850786,synthetic,prior_draw,
random,50004,1.5716286194578533,2.329500382301292,10,3,39,0,0.22394246828362183,synthetic,prior_draw,
lawnmower,50004,2.8771030107899995,3.653639312075126,8,8,56,0,0.1390502750864577,synthetic,prior_draw,
greedy_information,50004,4.409251579768049,5.151260118677576,10,10,54,0,0.1724909839304081,synthetic,prior_draw,
random,50005,2.5305880954850215,3.2943221251535526,10,8,40,0,0.14038417301641123,synthetic,prior_draw,
lawnmower,50005,2.839004543705253,3.6043426778627445,8,8,56,0,0.15604087478949197,synthetic,prior_draw,
greedy_information,50005,4.3069332151646975,5.051490458381384,10,10,54,0,0.13881996261097465,synthetic,prior_draw,
random,50006,1.490986265599748,2.176287085884737,10,7,46,0,0.18158609659025304,synthetic,prior_draw,
lawnmower,50006,3.801207626278768,4.469135557973938,10,10,54,0,0.16568575993148954,synthetic,prior_draw,
greedy_information,50006,4.5774250364235725,5.234214576743213,10,10,54,0,0.148357903167414,synthetic,prior_draw,
random,50007,1.74036983797189,2.544419610488668,10,8,40,0,0.22565796797782822,synthetic,prior_draw,
lawnmower,50007,2.5855692248624123,3.436191808307177,8,8,56,0,0.2417685769157578,synthetic,prior_draw,
greedy_information,50007,4.915798586733298,5.724069104856325,10,10,54,0,0.23832114839932958,synthetic,prior_draw,
random,50008,1.96034109466233,2.6185514756673487,10,9,43,0,0.1152793750046639,synthetic,prior_draw,
lawnmower,50008,2.500015112730947,3.1526436305249037,7,7,57,0,0.11140639362512841,synthetic,prior_draw,
greedy_information,50008,5.5967322810648845,6.2410501425905345,10,10,54,0,0.10506898880326875,synthetic,prior_draw,
random,50009,1.2328620959098573,1.9381098928801523,5,5,45,0,0.36333686991006797,synthetic,prior_draw,
lawnmower,50009,2.571003012722521,3.270139077501613,7,7,57,0,0.31546323204851684,synthetic,prior_draw,
greedy_information,50009,4.360841990782137,5.029748509482855,10,10,54,0,0.14089891738924878,synthetic,prior_draw,
random,50010,1.752970918780097,2.5637827925070638,8,6,45,0,0.23962514807312527,synthetic,prior_draw,
lawnmower,50010,2.311353993523636,3.095855379699142,7,7,57,0,0.17917863556180025,synthetic,prior_draw,
greedy_information,50010,4.739196652959129,5.475318052934217,10,10,54,0,0.12218917630480045,synthetic,prior_draw,
random,50011,1.5172780703293955,2.1986029308732062,7,5,46,0,0.21890044268498884,synthetic,prior_draw,
lawnmower,50011,3.155069628106062,3.8026862581062186,9,9,55,0,0.2600419912470729,synthetic,prior_draw,
greedy_information,50011,4.458491180241269,5.091503118467461,10,10,54,0,0.19584557747504483,synthetic,prior_draw,
random,50012,1.8987838495518263,2.5035913151063385,10,6,43,0,0.12974356045199076,synthetic,prior_draw,
lawnmower,50012,2.970850235369274,3.594552063471303,8,8,56,0,0.18524078459636986,synthetic,prior_draw,
greedy_information,50012,4.6510980993874105,5.24961115839781,10,10,54,0,0.1400341192408386,synthetic,prior_draw,
random,50013,2.9194909957464805,3.556483162688109,10,9,36,0,0.34473036144694646,synthetic,prior_draw,
lawnmower,50013,2.9558020619176237,3.6205488095651503,8,8,56,0,0.2974578374139,synthetic,prior_draw,
greedy_information,50013,4.944628834466706,5.588535572377697,10,10,54,0,0.1299905752955426,synthetic,prior_draw,
random,50014,2.3206077547847985,3.1047807203063433,10,6,43,0,0.1960949900809537,synthetic,prior_draw,
lawnmower,50014,2.85930070232313,3.6409304234237574,8,8,56,0,0.16721143647228784,synthetic,prior_draw,
greedy_information,50014,4.424588427817848,5.183228791615207,10,10,54,0,0.16050960305322987,synthetic,prior_draw,
random,50015,0.7619564295198986,1.5044431772876359,5,4,42,0,0.44296844358049803,synthetic,prior_draw,
lawnmower,50015,3.4434616302692884,4.172469495108949,9,9,55,0,0.24231377661039005,synthetic,prior_draw,
greedy_information,50015,4.471935434874598,5.185283950105879,10,10,54,0,0.2685675499659969,synthetic,prior_draw,
random,50016,2.5139869477776173,3.253598780929192,10,6,41,0,0.1094267249492714,synthetic,prior_draw,
lawnmower,50016,1.3323951310289934,2.0877378889220006,4,4,60,0,0.16824792425873358,synthetic,prior_draw,
greedy_information,50016,4.640342338702857,5.351351864599415,10,10,54,0,0.1495444811587625,synthetic,prior_draw,
random,50017,1.380206066860865,2.1620878521973346,8,6,45,0,0.16841369437683898,synthetic,prior_draw,
lawnmower,50017,2.7699907978677585,3.570945345421059,8,8,56,0,0.20977523615524418,synthetic,prior_draw,
greedy_information,50017,4.654137208516509,5.409119379735842,10,10,54,0,0.17252292556277066,synthetic,prior_draw,
random,50018,1.7992673297425652,2.5868078719158003,10,6,45,0,0.22080980943332051,synthetic,prior_draw,
lawnmower,50018,2.803754689207889,3.5864970940824197,8,8,56,0,0.1375830738029168,synthetic,prior_draw,
greedy_information,50018,4.853548962766623,5.598664529789448,10,10,54,0,0.11806272341724065,synthetic,prior_draw,
random,50019,2.1650356216577302,2.785037826304336,10,8,45,0,0.19335515726903568,synthetic,prior_draw,
lawnmower,50019,2.5441504981623964,3.153081873054359,7,7,57,0,0.20616709168379035,synthetic,prior_draw,
greedy_information,50019,4.821298763955857,5.430824310418265,10,10,54,0,0.18719241324155358,synthetic,prior_draw,
random,50020,2.8260887976999,3.4206102703809,10,9,40,0,0.20130355543187253,synthetic,prior_draw,
lawnmower,50020,3.0951924821972234,3.699986624050327,8,8,56,0,0.18259153340885442,synthetic,prior_draw,
greedy_information,50020,4.70611825977297,5.293763767209974,10,10,54,0,0.17004978609050359,synthetic,prior_draw,
random,50021,2.06105446371653,2.7006639736382407,10,9,45,0,0.2575845684079672,synthetic,prior_draw,
lawnmower,50021,3.2094380306859787,3.85828753121896,8,8,56,0,0.2694940747878967,synthetic,prior_draw,
greedy_information,50021,4.971086838315341,5.5886998620326045,10,10,54,0,0.145866974791905,synthetic,prior_draw,
random,50022,1.4977305320434486,2.2562375426116996,10,7,47,0,0.1729873533002426,synthetic,prior_draw,
lawnmower,50022,3.1280396892137237,3.8799032876229664,8,8,56,0,0.1706452050738419,synthetic,prior_draw,
greedy_information,50022,5.09943221107291,5.812684994812994,10,10,54,0,0.15087490047437438,synthetic,prior_draw,
random,50023,2.336141595706743,3.0133205944338637,10,7,40,0,0.28604428150971134,synthetic,prior_draw,
lawnmower,50023,2.6351171720396183,3.301174822004514,7,7,57,0,0.3024739249884894,synthetic,prior_draw,
greedy_information,50023,4.851836061209829,5.478601317724533,10,10,54,0,0.1165676178390055,synthetic,prior_draw,
random,50024,0.9398227597989112,1.7303837667379005,4,4,48,0,0.270272966232992,synthetic,prior_draw,
lawnmower,50024,3.2557844744139275,3.9663764981228065,9,9,55,0,0.2766788902015727,synthetic,prior_draw,
greedy_information,50024,4.604098485296156,5.289559654625618,10,10,54,0,0.2706537973263754,synthetic,prior_draw,
random,50025,2.0900762512782958,2.753396399895949,10,5,36,0,0.28829406313441797,synthetic,prior_draw,
lawnmower,50025,2.7422116163355525,3.4439023453620354,8,8,56,0,0.19807674402388828,synthetic,prior_draw,
greedy_information,50025,4.728040368436965,5.40158025529767,10,10,54,0,0.1725958965892375,synthetic,prior_draw,
random,50026,2.6510188190896073,3.360621748347726,8,6,48,0,0.24018741420117176,synthetic,prior_draw,
lawnmower,50026,2.4976302399361376,3.1768526565445283,7,7,57,0,0.15452236876880818,synthetic,prior_draw,
greedy_information,50026,4.802685503137609,5.446477613674793,10,10,54,0,0.20374525064529136,synthetic,prior_draw,
random,50027,1.875724482606589,2.653878602702191,9,8,41,0,0.4071582473512131,synthetic,prior_draw,
lawnmower,50027,2.2688159572083286,3.0522953290240253,7,7,57,0,0.3224031867768024,synthetic,prior_draw,
greedy_information,50027,5.091578472394248,5.840420270357539,10,10,54,0,0.22919016176097157,synthetic,prior_draw,
random,50028,1.9737507314544696,2.6260436571835895,10,9,38,0,0.31549133055707174,synthetic,prior_draw,
lawnmower,50028,3.2957101513213294,3.9477409258793896,9,9,55,0,0.24701653587884204,synthetic,prior_draw,
greedy_information,50028,4.917836792464336,5.557551456076441,10,10,54,0,0.18895033251234963,synthetic,prior_draw,
random,50029,2.520171585647882,3.1486224153790197,10,8,45,0,0.22700515986800088,synthetic,prior_draw,
lawnmower,50029,2.924808057153812,3.5618625583687153,8,8,56,0,0.19757731365795744,synthetic,prior_draw,
greedy_information,50029,4.814143473637909,5.427344089724871,10,10,54,0,0.22314101290405894,synthetic,prior_draw,
random,50030,1.9530478270466063,2.650550407924808,10,7,40,0,0.1788171473439195,synthetic,prior_draw,
lawnmower,50030,2.366940168974075,3.0800256393753966,7,7,57,0,0.15504082295051014,synthetic,prior_draw,
greedy_information,50030,4.710872251974173,5.371765044182561,10,10,54,0,0.16442388384913117,synthetic,prior_draw,
random,50031,2.323730672463668,3.1136315410974325,10,4,40,0,0.2404890966991588,synthetic,prior_draw,
lawnmower,50031,2.903135805289642,3.691648610741772,8,8,56,0,0.15742665681366125,synthetic,prior_draw,
greedy_information,50031,4.750565256237968,5.51474055841733,10,10,54,0,0.12500469876303477,synthetic,prior_draw,
random,50032,1.905585081219735,2.720870025802501,10,4,38,0,0.14419601131464482,synthetic,prior_draw,
lawnmower,50032,2.8438477444442563,3.6676038615001403,8,8,56,0,0.15532363415691774,synthetic,prior_draw,
greedy_information,50032,4.78403313333343,5.564605197437873,10,10,54,0,0.1204447167170887,synthetic,prior_draw,
random,50033,1.978801206547992,2.7614569542125333,10,7,46,0,0.39887776803159963,synthetic,prior_draw,
lawnmower,50033,2.390031980296947,3.176706813060154,7,7,57,0,0.298068055052288,synthetic,prior_draw,
greedy_information,50033,4.3975331760387775,5.134967777787615,10,10,54,0,0.20831950524341827,synthetic,prior_draw,
random,50034,1.9418488866831605,2.6389555709712904,10,7,45,0,0.22956575979510888,synthetic,prior_draw,
lawnmower,50034,3.3112575834210767,3.98210955724931,8,8,56,0,0.2077615134459068,synthetic,prior_draw,
greedy_information,50034,4.939311428835238,5.5761025617403615,10,10,54,0,0.15163298958044027,synthetic,prior_draw,
random,50035,1.8467196353788367,2.550926887496457,10,7,42,0,0.41513535474979674,synthetic,prior_draw,
lawnmower,50035,3.183287927336783,3.8766744422000747,9,9,55,0,0.14258844649532948,synthetic,prior_draw,
greedy_information,50035,4.71397990863998,5.37784623088723,10,10,54,0,0.1474898665740802,synthetic,prior_draw,
random,50036,2.3467138079550574,3.0690929749979396,10,8,43,0,0.22328282093739568,synthetic,prior_draw,
lawnmower,50036,2.8028075061980307,3.5546486710625773,8,8,56,0,0.20751760656216436,synthetic,prior_draw,
greedy_information,50036,4.375773598761171,5.099743538762365,10,10,54,0,0.17113153038001774,synthetic,prior_draw,
random,50037,2.207981211796195,2.8755988259298153,10,7,46,0,0.20136391407341755,synthetic,prior_draw,
lawnmower,50037,2.585403354571075,3.26078585102762,7,7,57,0,0.26465704732140394,synthetic,prior_draw,
greedy_information,50037,4.72107571583724,5.392200282689569,10,10,54,0,0.11574575002023091,synthetic,prior_draw,
random,50038,2.514701403490677,3.2607793745105194,10,8,42,0,0.22639176137836745,synthetic,prior_draw,
lawnmower,50038,2.50616834100059,3.249048678919339,7,7,57,0,0.17132449460183208,synthetic,prior_draw,
greedy_information,50038,5.072672907801832,5.777425321632801,10,10,54,0,0.17569138425529374,synthetic,prior_draw,
random,50039,2.2138519577780267,2.9685093109752816,10,5,40,0,0.17881913989191553,synthetic,prior_draw,
lawnmower,50039,2.7640289599386594,3.517001510244639,8,8,56,0,0.14900075697403564,synthetic,prior_draw,
greedy_information,50039,4.479601726597313,5.205558750940747,10,10,54,0,0.15703994731985232,synthetic,prior_draw,
random,50040,2.147234225564868,2.857486198788852,10,8,43,0,0.2174482845789747,synthetic,prior_draw,
lawnmower,50040,3.265849563475006,3.9710277946721586,9,9,55,0,0.1995233964535595,synthetic,prior_draw,
greedy_information,50040,4.836329822222422,5.523542885276938,10,10,54,0,0.20915688742791363,synthetic,prior_draw,
random,50041,2.043432703362885,2.800199983647468,10,5,38,0,0.24515065723200694,synthetic,prior_draw,
lawnmower,50041,2.174722523801465,2.9724758094051724,6,6,58,0,0.2560928101935684,synthetic,prior_draw,
greedy_information,50041,4.865761817341377,5.606437604598831,10,10,54,0,0.20367370313640068,synthetic,prior_draw,
random,50042,2.0997254450718983,2.8640595194687664,10,5,45,0,0.20142327023029585,synthetic,prior_draw,
lawnmower,50042,3.3687160726347933,4.115889437547196,9,9,55,0,0.1695110572858682,synthetic,prior_draw,
greedy_information,50042,4.52588897935564,5.241268397030089,10,10,54,0,0.12275347739825934,synthetic,prior_draw,
random,50043,2.4117941725651653,3.175494727736889,10,7,41,0,0.26676356337917917,synthetic,prior_draw,
lawnmower,50043,2.572355733131788,3.344086432097745,8,8,56,0,0.10620734069503121,synthetic,prior_draw,
greedy_information,50043,4.852015502115126,5.583209652951822,10,10,54,0,0.11131759186401556,synthetic,prior_draw,
random,50044,1.3777598009916612,2.012429744427412,10,6,44,0,0.2012843479823126,synthetic,prior_draw,
lawnmower,50044,3.2793253133232128,3.9053017794582567,9,9,55,0,0.1605012377469697,synthetic,prior_draw,
greedy_information,50044,4.636894587972272,5.263434486369778,10,10,54,0,0.12303807767751895,synthetic,prior_draw,
random,50045,2.1061943301277744,2.7914502612316197,10,7,45,0,0.237547523546038,synthetic,prior_draw,
lawnmower,50045,2.7911521192355253,3.4615427003740553,8,8,56,0,0.11782434731486915,synthetic,prior_draw,
greedy_information,50045,5.131516185254187,5.780413968095924,10,10,54,0,0.11853667666387509,synthetic,prior_draw,
random,50046,1.749281776170715,2.564748186037736,10,4,46,0,0.34695251269838073,synthetic,prior_draw,
lawnmower,50046,2.333820541737559,3.144591082777754,7,7,57,0,0.14863608287890853,synthetic,prior_draw,
greedy_information,50046,4.833822594664648,5.5970553734329,10,10,54,0,0.16911448967555975,synthetic,prior_draw,
random,50047,1.2409996316454277,1.9681465620289333,10,6,40,0,0.200038523291063,synthetic,prior_draw,
lawnmower,50047,2.11627741163502,2.878588029974121,5,5,59,0,0.14448143847289438,synthetic,prior_draw,
greedy_information,50047,4.657015147677295,5.405972124648757,10,10,54,0,0.16560307004628222,synthetic,prior_draw,
random,50048,2.376836570904704,3.0593347841662,9,8,44,0,0.23952266845564543,synthetic,prior_draw,
lawnmower,50048,2.5973039054446905,3.2862629501473766,8,8,56,0,0.17271521581833413,synthetic,prior_draw,
greedy_information,50048,4.737227325442202,5.404125781338675,10,10,54,0,0.1649994212912801,synthetic,prior_draw,
random,50049,1.3830395290572923,2.0534559690186143,9,6,40,0,0.25043389974313846,synthetic,prior_draw,
lawnmower,50049,2.7169307496964654,3.377466150539887,8,8,56,0,0.21884377527136434,synthetic,prior_draw,
greedy_information,50049,5.001751776410501,5.630134038123546,10,10,54,0,0.08703596827104614,synthetic,prior_draw,
random,50050,2.0040635406622718,2.793296554009611,8,6,49,0,0.18444285438930663,synthetic,prior_draw,
lawnmower,50050,2.4825364910961087,3.2484414759642593,7,7,57,0,0.15356370072441347,synthetic,prior_draw,
greedy_information,50050,4.848519525046151,5.570414803164981,10,10,54,0,0.1553021679224955,synthetic,prior_draw,
random,50051,1.420236706711564,2.1437358673516895,10,6,44,0,0.1398902028932254,synthetic,prior_draw,
lawnmower,50051,2.748017198139838,3.4590378706208815,8,8,56,0,0.23665281094551852,synthetic,prior_draw,
greedy_information,50051,4.97495087184211,5.658879772372922,10,10,54,0,0.13000945708274145,synthetic,prior_draw,
random,50052,1.2406375254911102,1.8911579879413305,10,2,39,0,0.3283127234505776,synthetic,prior_draw,
lawnmower,50052,3.078904958173679,3.709133707988806,8,8,56,0,0.19687788010761123,synthetic,prior_draw,
greedy_information,50052,4.480301571288446,5.0847962706873675,10,10,54,0,0.17611100025658755,synthetic,prior_draw,
random,50053,1.2721111060705965,1.9980596984306318,10,6,42,0,0.20629909102767627,synthetic,prior_draw,
lawnmower,50053,2.8260288934166864,3.5657462608442336,8,8,56,0,0.23698001716425826,synthetic,prior_draw,
greedy_information,50053,4.540265111560322,5.254150401071981,10,10,54,0,0.27285229391099475,synthetic,prior_draw,
random,50054,1.4498995487573254,2.1320994838972522,10,5,47,0,0.24990226126576162,synthetic,prior_draw,
lawnmower,50054,3.40310274965111,4.054580017746362,10,10,54,0,0.219439046936366,synthetic,prior_draw,
greedy_information,50054,4.860425214225842,5.494074085072511,10,10,54,0,0.14831654074458772,synthetic,prior_draw,
random,50055,3.1666763457938747,3.904340716549594,9,6,35,0,0.2169362288175081,synthetic,prior_draw,
lawnmower,50055,2.179457072489255,2.982964235715822,5,5,59,0,0.22848758654164578,synthetic,prior_draw,
greedy_information,50055,4.89426848260288,5.631193674502798,10,10,54,0,0.17547679104318567,synthetic,prior_draw,
random,50056,2.302577019790893,3.0526087849423234,10,7,47,0,0.20013606029377837,synthetic,prior_draw,
lawnmower,50056,3.141287464281257,3.8754351273952596,9,9,55,0,0.12148748188797111,synthetic,prior_draw,
greedy_information,50056,4.633896145422548,5.335581243125407,10,10,54,0,0.1511795116267992,synthetic,prior_draw,
random,50057,1.7415891611683287,2.4447496353695137,10,8,40,0,0.15792424328963836,synthetic,prior_draw,
lawnmower,50057,2.5828145269732303,3.2992372435085393,7,7,57,0,0.14717764797744307,synthetic,prior_draw,
greedy_information,50057,4.806074173269152,5.491123314900969,10,10,54,0,0.14049750133954217,synthetic,prior_draw,
random,50058,2.0754720501599078,2.7392198867042805,10,6,35,0,0.129674679655825,synthetic,prior_draw,
lawnmower,50058,2.3734259155906114,3.061163511102133,7,7,57,0,0.17124087053093076,synthetic,prior_draw,
greedy_information,50058,4.886222106313609,5.544526637487797,10,10,54,0,0.0888448901187959,synthetic,prior_draw,
random,50059,1.647352392071144,2.483345703555998,10,6,49,0,0.25480891685855095,synthetic,prior_draw,
lawnmower,50059,2.3738028907151563,3.1901212556576746,8,8,56,0,0.11813948709776202,synthetic,prior_draw,
greedy_information,50059,4.915981992436309,5.694194721334367,10,10,54,0,0.09277661857201012,synthetic,prior_draw,
random,50060,1.795337482174903,2.4979048659526835,10,7,44,0,0.2924657318793316,synthetic,prior_draw,
lawnmower,50060,2.9884290115729266,3.7181593032169964,8,8,56,0,0.10811942696730505,synthetic,prior_draw,
greedy_information,50060,4.693183723624754,5.393522741172018,10,10,54,0,0.14273631488102223,synthetic,prior_draw,
random,50061,1.6768508405976081,2.3680371523169104,7,6,42,0,0.14766282344980877,synthetic,prior_draw,
lawnmower,50061,2.905001136450668,3.5636708168106894,8,8,56,0,0.21491408866529502,synthetic,prior_draw,
greedy_information,50061,4.623163933360795,5.294055706559624,10,10,54,0,0.17695106930832025,synthetic,prior_draw,
random,50062,2.448398421735157,3.180562693134411,10,8,42,0,0.3215706934944553,synthetic,prior_draw,
lawnmower,50062,2.7789632662922754,3.531224470998254,8,8,56,0,0.22709921026249902,synthetic,prior_draw,
greedy_information,50062,4.37523051259748,5.094950900822496,10,10,54,0,0.25499540430759016,synthetic,prior_draw,
random,50063,1.8236142419149048,2.4711078910656448,10,7,48,0,0.20407197947873032,synthetic,prior_draw,
lawnmower,50063,2.9878262784022525,3.606592079689349,9,9,55,0,0.1631597495963577,synthetic,prior_draw,
greedy_information,50063,4.645826739082639,5.252704643191725,10,10,54,0,0.1450097319583906,synthetic,prior_draw,
random,50064,1.762297456665141,2.575203240198233,10,6,34,0,0.2174059555962478,synthetic,prior_draw,
lawnmower,50064,2.347825316190024,3.196323790246219,8,8,56,0,0.14933471873495902,synthetic,prior_draw,
greedy_information,50064,4.717693172017654,5.514310457881494,10,10,54,0,0.14408763554475254,synthetic,prior_draw,
random,50065,1.8433179163733957,2.434458678328675,10,6,38,0,0.2840840639792555,synthetic,prior_draw,
lawnmower,50065,2.6355061617630087,3.2530206803414026,7,7,57,0,0.16680857904624619,synthetic,prior_draw,
greedy_information,50065,4.70530296164809,5.328857689882997,10,10,54,0,0.13970039506021298,synthetic,prior_draw,
random,50066,2.5640382647295947,3.379694033964755,10,9,41,0,0.1502799790764018,synthetic,prior_draw,
lawnmower,50066,2.642360609850812,3.480849918522227,7,7,57,0,0.23005729025640434,synthetic,prior_draw,
greedy_information,50066,4.729261876171834,5.528011292960894,10,10,54,0,0.163320499005604,synthetic,prior_draw,
random,50067,2.473205431027255,3.130793770524572,10,8,45,0,0.20090048674660274,synthetic,prior_draw,
lawnmower,50067,2.9196753240682343,3.589621738682302,9,9,55,0,0.14566418956540267,synthetic,prior_draw,
greedy_information,50067,4.913299721179323,5.570322871877375,10,10,54,0,0.1212656914318308,synthetic,prior_draw,
random,50068,2.2526748554316187,2.897717328366237,10,7,47,0,0.28614637904725676,synthetic,prior_draw,
lawnmower,50068,2.368227568351662,3.0202495593877083,7,7,57,0,0.28164268216001265,synthetic,prior_draw,
greedy_information,50068,5.0562669471753345,5.671815758882532,10,10,54,0,0.16017965961429786,synthetic,prior_draw,
random,50069,1.2198551632252699,1.8971745336341201,9,6,44,0,0.3789814785859812,synthetic,prior_draw,
lawnmower,50069,2.9245706457477234,3.5672971584800335,8,8,56,0,0.2819156987387526,synthetic,prior_draw,
greedy_information,50069,4.506950448033313,5.115970490475431,10,10,54,0,0.2603361768583706,synthetic,prior_draw,
random,50070,1.3473251042426964,2.050388470927342,10,7,44,0,0.3114615610891468,synthetic,prior_draw,
lawnmower,50070,2.4064927594740597,3.127892189491893,7,7,57,0,0.25896104997067326,synthetic,prior_draw,
greedy_information,50070,4.892993250323106,5.588669245817736,10,10,54,0,0.1551889484121875,synthetic,prior_draw,
random,50071,1.7414701203981369,2.5602159571261813,10,8,47,0,0.17708593685827848,synthetic,prior_draw,
lawnmower,50071,3.296579088810302,4.102009905342285,9,9,55,0,0.16649616739120787,synthetic,prior_draw,
greedy_information,50071,4.728747683264244,5.510081497298129,10,10,54,0,0.20824007630334906,synthetic,prior_draw,
random,50072,2.1651424534666392,2.894201539686944,10,6,43,0,0.22925809341911396,synthetic,prior_draw,
lawnmower,50072,2.3052445782321485,3.0219371393347085,7,7,57,0,0.2664220228004064,synthetic,prior_draw,
greedy_information,50072,5.093087705400033,5.774245000961615,10,10,54,0,0.21389241999608896,synthetic,prior_draw,
random,50073,2.5599583523498755,3.2572851515744303,10,6,40,0,0.27624264753932515,synthetic,prior_draw,
lawnmower,50073,2.8299335188638097,3.5325077195393364,7,7,57,0,0.2293434367303144,synthetic,prior_draw,
greedy_information,50073,4.7237885266344595,5.393909956262924,10,10,54,0,0.12869966077551637,synthetic,prior_draw,
random,50074,2.203426547163903,2.857423254310931,9,7,45,0,0.15694366920205982,synthetic,prior_draw,
lawnmower,50074,2.39409903234773,3.0416526715679457,7,7,57,0,0.21633673305940526,synthetic,prior_draw,
greedy_information,50074,4.668971499672893,5.306378646252794,10,10,54,0,0.22334265164933237,synthetic,prior_draw,
random,50075,1.5950468168914615,2.3138902273470907,10,8,40,0,0.2808154057477614,synthetic,prior_draw,
lawnmower,50075,2.9566372193450126,3.6857081122543685,8,8,56,0,0.20386816787681045,synthetic,prior_draw,
greedy_information,50075,4.79802144445913,5.490918606240617,10,10,54,0,0.13757672720144468,synthetic,prior_draw,
random,50076,2.542727868050258,3.266699710728383,10,8,43,0,0.33159696921450027,synthetic,prior_draw,
lawnmower,50076,3.1828231324615377,3.907494562310476,8,8,56,0,0.22772713374584103,synthetic,prior_draw,
greedy_information,50076,4.673033362951464,5.361792234367973,10,10,54,0,0.1649438428243299,synthetic,prior_draw,
random,50077,1.1011396731874528,1.7431611862684901,10,7,42,0,0.1716385225176276,synthetic,prior_draw,
lawnmower,50077,3.3621927313707936,3.9751025523453674,9,9,55,0,0.15415284509766464,synthetic,prior_draw,
greedy_information,50077,4.893632018316498,5.486282312253411,10,10,54,0,0.1321129576916533,synthetic,prior_draw,
random,50078,2.4223981267926398,3.2285565935547624,10,6,42,0,0.13893853005924206,synthetic,prior_draw,
lawnmower,50078,3.178297939870268,3.973641816015162,9,9,55,0,0.10861863716948897,synthetic,prior_draw,
greedy_information,50078,4.73761465434505,5.50884984624761,10,10,54,0,0.11339896167628337,synthetic,prior_draw,
random,50079,1.5435485180869482,2.2919545462636943,10,4,43,0,0.2294678375680594,synthetic,prior_draw,
lawnmower,50079,2.2655474353899523,3.009698343548033,6,6,58,0,0.2731862508916233,synthetic,prior_draw,
greedy_information,50079,4.718246296133141,5.420961769466027,10,10,54,0,0.12788218590866826,synthetic,prior_draw,
random,50080,1.4467841438870688,2.2138701115594333,10,9,45,0,0.26429577408814525,synthetic,prior_draw,
lawnmower,50080,2.921621418310813,3.6943925050659416,8,8,56,0,0.16980414531055643,synthetic,prior_draw,
greedy_information,50080,4.558071808343305,5.298208337330507,10,10,54,0,0.14290393849562108,synthetic,prior_draw,
random,50081,1.6374677133796534,2.4163448814114266,10,5,37,0,0.2744622583193242,synthetic,prior_draw,
lawnmower,50081,2.192618552156161,3.008245423667797,7,7,57,0,0.28265853190044066,synthetic,prior_draw,
greedy_information,50081,4.81151588390622,5.582459532894096,10,10,54,0,0.13485684213174226,synthetic,prior_draw,
random,50082,1.858237898671032,2.563236554989609,6,6,45,0,0.2167983685171418,synthetic,prior_draw,
lawnmower,50082,2.722302256054171,3.405957990030701,8,8,56,0,0.22618667121349975,synthetic,prior_draw,
greedy_information,50082,4.947328800823457,5.60046314148274,10,10,54,0,0.1466864521661565,synthetic,prior_draw,
random,50083,1.8148879329847631,2.434850902545547,10,6,39,0,0.4802419591267666,synthetic,prior_draw,
lawnmower,50083,2.845615836931268,3.472176022305199,7,7,57,0,0.17009601721307127,synthetic,prior_draw,
greedy_information,50083,4.642464559333643,5.2795053011596815,10,10,54,0,0.1786220498698263,synthetic,prior_draw,
random,50084,2.1913675645656903,2.9954457864969433,10,8,38,0,0.24879321439278115,synthetic,prior_draw,
lawnmower,50084,1.9797029055540727,2.8174724727396003,7,7,57,0,0.1739365381480251,synthetic,prior_draw,
greedy_information,50084,4.744795443975269,5.543382470540086,10,10,54,0,0.15201342411504631,synthetic,prior_draw,
random,50085,1.52619412454122,2.1935818983132354,6,4,44,0,0.21605471717016778,synthetic,prior_draw,
lawnmower,50085,3.268189256115024,3.901761297174481,9,9,55,0,0.1512705429080841,synthetic,prior_draw,
greedy_information,50085,4.87726126629235,5.4898558239991795,10,10,54,0,0.13536732388411096,synthetic,prior_draw,
random,50086,2.1741335268357656,2.964181287503223,10,7,46,0,0.1593759588661047,synthetic,prior_draw,
lawnmower,50086,1.8109133862863962,2.6085676141564664,5,5,59,0,0.15595589487313521,synthetic,prior_draw,
greedy_information,50086,4.73663131671963,5.475949145425129,10,10,54,0,0.1289228742991409,synthetic,prior_draw,
random,50087,1.7732673295338508,2.3849118732308,10,5,43,0,0.3009639371017182,synthetic,prior_draw,
lawnmower,50087,3.208894690458393,3.8398229912080404,9,9,55,0,0.19647018130938818,synthetic,prior_draw,
greedy_information,50087,4.56402956671601,5.182040185690129,10,10,54,0,0.1352399352971797,synthetic,prior_draw,
random,50088,1.939617923027951,2.653133191159507,10,5,47,0,0.2033626605967,synthetic,prior_draw,
lawnmower,50088,2.345466869644595,3.020169261767916,7,7,57,0,0.16508647144579897,synthetic,prior_draw,
greedy_information,50088,4.958404707084569,5.592737986476291,10,10,54,0,0.21321686145610297,synthetic,prior_draw,
random,50089,1.241527643397831,1.928879214363448,7,4,46,0,0.2245728138382336,synthetic,prior_draw,
lawnmower,50089,2.5262265616169475,3.1786641960354842,8,8,56,0,0.18563652168756,synthetic,prior_draw,
greedy_information,50089,5.285487620062002,5.913055081073408,10,10,54,0,0.19754649038853941,synthetic,prior_draw,
random,50090,1.8808431019039158,2.639237163593762,10,9,39,0,0.14722547567200028,synthetic,prior_draw,
lawnmower,50090,3.7283351065010373,4.469049364284965,10,10,54,0,0.18110754179917624,synthetic,prior_draw,
greedy_information,50090,4.24693510818077,4.983623589774866,10,10,54,0,0.19073198177485998,synthetic,prior_draw,
random,50091,1.9355141807521992,2.6399621769578023,10,7,45,0,0.20780641746156223,synthetic,prior_draw,
lawnmower,50091,2.4531294190769777,3.156004208564878,7,7,57,0,0.19593096320484293,synthetic,prior_draw,
greedy_information,50091,4.787367660697993,5.453234097953424,10,10,54,0,0.12407018983681067,synthetic,prior_draw,
random,50092,1.9220563608693415,2.6385613563352592,7,5,37,0,0.24045463288315805,synthetic,prior_draw,
lawnmower,50092,3.046288151960664,3.7845434228944344,8,8,56,0,0.13475197305640194,synthetic,prior_draw,
greedy_information,50092,4.411346216153594,5.127979469318018,10,10,54,0,0.12626889788087356,synthetic,prior_draw,
random,50093,1.3225026726422886,2.1002892548684478,10,3,39,0,0.3153122063010912,synthetic,prior_draw,
lawnmower,50093,3.081199836581415,3.8356750425558026,8,8,56,0,0.14884235597779774,synthetic,prior_draw,
greedy_information,50093,4.853816730620693,5.573686111979486,10,10,54,0,0.18576752702878807,synthetic,prior_draw,
random,50094,1.278091964410025,1.9695885888320646,10,6,50,0,0.309664936262899,synthetic,prior_draw,
lawnmower,50094,2.4057061521324576,3.073906740311892,7,7,57,0,0.2878820909682203,synthetic,prior_draw,
greedy_information,50094,4.757195735526589,5.39210505227784,10,10,54,0,0.17871001632271444,synthetic,prior_draw,
random,50095,2.121759653704889,2.900988868623702,10,7,44,0,0.2606937548830003,synthetic,prior_draw,
lawnmower,50095,3.014690360753087,3.8082683136954363,8,8,56,0,0.26764542050126394,synthetic,prior_draw,
greedy_information,50095,4.601306024475432,5.352403310527375,10,10,54,0,0.1879050333092972,synthetic,prior_draw,
random,50096,1.6171867850598676,2.358764333689175,10,6,38,0,0.08022249280602542,synthetic,prior_draw,
lawnmower,50096,2.6599015516771303,3.426643645478481,7,7,57,0,0.15258904181013813,synthetic,prior_draw,
greedy_information,50096,4.6529104448912495,5.370714102368847,10,10,54,0,0.17241758900879187,synthetic,prior_draw,
random,50097,2.223273189069414,2.9143351304003375,8,6,44,0,0.15247793706263807,synthetic,prior_draw,
lawnmower,50097,2.7137820770033665,3.3791293835195595,7,7,57,0,0.18048775076994886,synthetic,prior_draw,
greedy_information,50097,5.400525778504269,6.0467980962304555,10,10,54,0,0.14335426748147143,synthetic,prior_draw,
random,50098,1.3374713525360948,2.1255108849541005,7,7,42,0,0.1356143558466412,synthetic,prior_draw,
lawnmower,50098,2.9993346114254864,3.8024001824105405,8,8,56,0,0.16055949941068762,synthetic,prior_draw,
greedy_information,50098,4.977167670739903,5.733414541569077,10,10,54,0,0.14362278532436656,synthetic,prior_draw,
random,50099,1.4095458692777543,2.152199509428065,10,6,38,0,0.2770813278096773,synthetic,prior_draw,
lawnmower,50099,2.2058889041445764,2.9639360443541958,6,6,58,0,0.24352095881847638,synthetic,prior_draw,
greedy_information,50099,4.55954366038502,5.270795807636803,10,10,54,0,0.14129870825771812,synthetic,prior_draw,
random,50100,2.3484571788038267,3.0941115474328327,9,7,45,0,0.16715656178538335,synthetic,prior_draw,
lawnmower,50100,3.343782802311269,4.0326390791276125,9,9,55,0,0.16914542664402168,synthetic,prior_draw,
greedy_information,50100,4.661084567172181,5.343376033089571,10,10,54,0,0.1710688056657977,synthetic,prior_draw,
random,50101,2.381952853331612,2.9794715098739095,10,7,39,0,0.2518844340862109,synthetic,prior_draw,
lawnmower,50101,3.1170706886269595,3.7242895704501073,9,9,55,0,0.18990394879675881,synthetic,prior_draw,
greedy_information,50101,4.774314614487847,5.36271469053691,10,10,54,0,0.14888900451602013,synthetic,prior_draw,
random,50102,1.7612281297741204,2.3971565303046454,8,6,43,0,0.306420842796972,synthetic,prior_draw,
lawnmower,50102,2.4959177983169267,3.135666671040499,7,7,57,0,0.26574685220349575,synthetic,prior_draw,
greedy_information,50102,4.920958136441348,5.523450488111479,10,10,54,0,0.22083291755435508,synthetic,prior_draw,
random,50103,1.7126306473706512,2.504625022078411,10,7,41,0,0.1749123265840078,synthetic,prior_draw,
lawnmower,50103,2.879901013306337,3.7107080888925332,8,8,56,0,0.1862101038504108,synthetic,prior_draw,
greedy_information,50103,4.714203385318988,5.497139939031103,10,10,54,0,0.18760798907130607,synthetic,prior_draw,
random,50104,2.090889782371256,2.8160383955301866,10,8,46,0,0.16489861770288466,synthetic,prior_draw,
lawnmower,50104,2.289550099934535,3.015467370636652,7,7,57,0,0.17438548874157364,synthetic,prior_draw,
greedy_information,50104,4.4778266162308595,5.15986682494047,10,10,54,0,0.13774918048414717,synthetic,prior_draw,
random,50105,2.4835429408741128,3.1663866859255325,9,8,47,0,0.22985037718919385,synthetic,prior_draw,
lawnmower,50105,2.953369959960942,3.6026247813006393,8,8,56,0,0.14170863948513976,synthetic,prior_draw,
greedy_information,50105,4.535282074276988,5.169820230818608,10,10,54,0,0.07799792839131348,synthetic,prior_draw,
random,50106,1.9174163430659958,2.6339139092887467,10,4,44,0,0.2001349958583906,synthetic,prior_draw,
lawnmower,50106,2.8243872623232344,3.5306922107963095,7,7,57,0,0.17983962808888124,synthetic,prior_draw,
greedy_information,50106,4.879776700442399,5.551143163563545,10,10,54,0,0.0866117712140673,synthetic,prior_draw,
random,50107,2.4801085522185335,3.2105304900966933,10,7,44,0,0.20140898472345187,synthetic,prior_draw,
lawnmower,50107,2.4315130805767726,3.150733684083425,7,7,57,0,0.1923101129368867,synthetic,prior_draw,
greedy_information,50107,5.010080413695503,5.69648671815406,10,10,54,0,0.13037182062003919,synthetic,prior_draw,
random,50108,2.0163504990519554,2.674041145597419,10,6,41,0,0.17192555706786505,synthetic,prior_draw,
lawnmower,50108,3.0424978808617413,3.6813671641504166,8,8,56,0,0.18121030330496893,synthetic,prior_draw,
greedy_information,50108,4.952704774422835,5.574198019371002,10,10,54,0,0.18426716488963962,synthetic,prior_draw,
random,50109,1.3382638998239629,2.0964644071125593,10,5,39,0,0.20775157843707176,synthetic,prior_draw,
lawnmower,50109,2.7439063594661044,3.5045956938805394,8,8,56,0,0.1504420703886875,synthetic,prior_draw,
greedy_information,50109,4.235304396464114,4.974361603176429,10,10,54,0,0.10765577131217224,synthetic,prior_draw,
random,50110,1.927131844442242,2.69698803809909,10,6,42,0,0.4137925758134621,synthetic,prior_draw,
lawnmower,50110,2.042381928054212,2.8337232738104245,6,6,58,0,0.3825855583957712,synthetic,prior_draw,
greedy_information,50110,4.369086902007222,5.12501894332096,10,10,54,0,0.2260208908431066,synthetic,prior_draw,
random,50111,1.9818931482718571,2.819117983446506,9,7,47,0,0.15469672633611403,synthetic,prior_draw,
lawnmower,50111,2.9234646680189824,3.7576497097137653,8,8,56,0,0.12053575192108074,synthetic,prior_draw,
greedy_information,50111,4.815906643964933,5.6123265048112465,10,10,54,0,0.19003852256542594,synthetic,prior_draw,
random,50112,1.6068313184705674,2.294463570382747,6,6,46,0,0.3050158062112715,synthetic,prior_draw,
lawnmower,50112,2.801845767590864,3.474565720052083,8,8,56,0,0.321064259447039,synthetic,prior_draw,
greedy_information,50112,5.1894627760272725,5.836432467850141,10,10,54,0,0.2618198266548077,synthetic,prior_draw,
random,50113,1.5581402121242216,2.3238919125687927,10,7,41,0,0.2959526503953782,synthetic,prior_draw,
lawnmower,50113,2.1536204236522134,2.9432812661343988,5,5,59,0,0.24713771957755573,synthetic,prior_draw,
greedy_information,50113,5.003755056900704,5.7468589252301445,10,10,54,0,0.21893018159144073,synthetic,prior_draw,
random,50114,2.100435043277619,2.8002044514411386,7,6,48,0,0.22803256095796925,synthetic,prior_draw,
lawnmower,50114,2.9201312486223188,3.6117841186678494,8,8,56,0,0.20204993041597516,synthetic,prior_draw,
greedy_information,50114,4.47574001896853,5.128496134120497,10,10,54,0,0.14764578311770657,synthetic,prior_draw,
random,50115,2.4982024144557355,3.103916609947371,10,8,45,0,0.30066932921774536,synthetic,prior_draw,
lawnmower,50115,2.7649313484390006,3.368063261520649,8,8,56,0,0.2533264306619594,synthetic,prior_draw,
greedy_information,50115,4.93027137928613,5.517159831561886,10,10,54,0,0.1616735643196799,synthetic,prior_draw,
random,50116,2.3403005218247417,3.135170937807415,10,9,39,0,0.2409553773035048,synthetic,prior_draw,
lawnmower,50116,3.222808106321407,4.021318745496561,10,10,54,0,0.15591060891725536,synthetic,prior_draw,
greedy_information,50116,4.640395586635457,5.426651038039639,10,10,54,0,0.1122939238364146,synthetic,prior_draw,
random,50117,1.8040694384393046,2.4507845316725643,10,8,48,0,0.2399356828112762,synthetic,prior_draw,
lawnmower,50117,3.0339776397800953,3.668710910861255,9,9,55,0,0.1799595436018058,synthetic,prior_draw,
greedy_information,50117,4.964676749148289,5.579329702686503,10,10,54,0,0.1559067307952466,synthetic,prior_draw,
random,50118,2.011869330798746,2.7497877642777193,10,5,38,0,0.09424749399160304,synthetic,prior_draw,
lawnmower,50118,2.321008260556722,3.087991594835637,7,7,57,0,0.15236194465968916,synthetic,prior_draw,
greedy_information,50118,4.911259579715907,5.638384239931561,10,10,54,0,0.14804878289163825,synthetic,prior_draw,
random,50119,1.5156565940746693,2.197318780276308,9,6,49,0,0.3181082189490591,synthetic,prior_draw,
lawnmower,50119,3.1644682514020683,3.830591518895015,9,9,55,0,0.26728850075365707,synthetic,prior_draw,
greedy_information,50119,5.132940319027295,5.78599777926744,10,10,54,0,0.15035202821933927,synthetic,prior_draw,
random,50120,1.4697624019826392,2.1880071316922614,6,6,44,0,0.2063291033324155,synthetic,prior_draw,
lawnmower,50120,2.52165178376737,3.181662531536217,8,8,56,0,0.17664472367878825,synthetic,prior_draw,
greedy_information,50120,4.846787219878945,5.4835084120400595,10,10,54,0,0.2106274483496944,synthetic,prior_draw,
random,50121,1.5802205892216685,2.3162056305086223,9,5,37,0,0.17833838132732258,synthetic,prior_draw,
lawnmower,50121,2.303360295423447,3.053385799455084,7,7,57,0,0.1468494675719267,synthetic,prior_draw,
greedy_information,50121,4.180549469526138,4.899788339197725,10,10,54,0,0.13833386130016798,synthetic,prior_draw,
random,50122,1.3372438881872963,2.0714385181302344,10,6,43,0,0.3162229905866331,synthetic,prior_draw,
lawnmower,50122,2.7944757969681735,3.551668961184504,8,8,56,0,0.2819230700895151,synthetic,prior_draw,
greedy_information,50122,4.446857164761251,5.162731289136961,10,10,54,0,0.17880124007648607,synthetic,prior_draw,
random,50123,1.757169158121635,2.4870182467762203,8,5,46,0,0.11512887887382603,synthetic,prior_draw,
lawnmower,50123,2.855521287539709,3.5871240179172936,8,8,56,0,0.16333226540864718,synthetic,prior_draw,
greedy_information,50123,4.521185604120027,5.2110750096262,10,10,54,0,0.15033306281996167,synthetic,prior_draw,
random,50124,1.781415162965993,2.4093397542174655,10,6,44,0,0.2358116700878802,synthetic,prior_draw,
lawnmower,50124,2.3525838109198265,2.9953160098358484,5,5,59,0,0.18148677982868042,synthetic,prior_draw,
greedy_information,50124,4.833665361279596,5.471852863633963,10,10,54,0,0.1065660822338182,synthetic,prior_draw,
random,50125,1.986926033504623,2.604767889190906,10,7,46,0,0.33864753451572976,synthetic,prior_draw,
lawnmower,50125,3.206171125076126,3.8299862465098817,8,8,56,0,0.15854596912465677,synthetic,prior_draw,
greedy_information,50125,4.542622622838841,5.163988834727701,10,10,54,0,0.16780711113204624,synthetic,prior_draw,
random,50126,1.8057536481582177,2.5383438483439233,7,5,50,0,0.2308476739994939,synthetic,prior_draw,
lawnmower,50126,2.82664654917758,3.5195144884067666,8,8,56,0,0.21196591787940045,synthetic,prior_draw,
greedy_information,50126,5.0660289994484025,5.711376425780563,10,10,54,0,0.10604079053438777,synthetic,prior_draw,
random,50127,1.2535887593316064,1.8804503520286038,8,5,46,0,0.2929155539508784,synthetic,prior_draw,
lawnmower,50127,2.562847703816433,3.1892681108268306,7,7,57,0,0.2514630765064949,synthetic,prior_draw,
greedy_information,50127,4.716176853417887,5.333667776964729,10,10,54,0,0.17352378840053548,synthetic,prior_draw,
random,50128,2.102971263985524,2.815641847112402,10,9,42,0,0.20875079120160156,synthetic,prior_draw,
lawnmower,50128,2.903220486191098,3.601465965995456,8,8,56,0,0.12283759008102257,synthetic,prior_draw,
greedy_information,50128,4.8791646508014415,5.550621383774604,10,10,54,0,0.15173351535890137,synthetic,prior_draw,
random,50129,2.2341146207206957,2.9651153979537694,10,6,43,0,0.21618944188080919,synthetic,prior_draw,
lawnmower,50129,2.7420336585023457,3.4720036701207277,7,7,57,0,0.13449127221744414,synthetic,prior_draw,
greedy_information,50129,5.255531425278915,5.933045380084792,10,10,54,0,0.12975664004812565,synthetic,prior_draw,
random,50130,1.7703429832054056,2.437609135595069,10,5,40,0,0.15234496807992656,synthetic,prior_draw,
lawnmower,50130,2.8464847786365715,3.5121210494597745,8,8,56,0,0.20139564222754847,synthetic,prior_draw,
greedy_information,50130,4.640412579422205,5.310596498332102,10,10,54,0,0.12881321523993236,synthetic,prior_draw,
random,50131,2.003025071408571,2.650845395260018,10,5,39,0,0.15587196599400394,synthetic,prior_draw,
lawnmower,50131,3.3817694986690503,4.026413200388963,9,9,55,0,0.2129580762691279,synthetic,prior_draw,
greedy_information,50131,4.656071468355735,5.301437074045176,10,10,54,0,0.14692928723511273,synthetic,prior_draw,
random,50132,2.720533479742415,3.382296328555556,9,8,43,0,0.2429433342806581,synthetic,prior_draw,
lawnmower,50132,2.8109374270820036,3.4848108580416968,8,8,56,0,0.18367433897890395,synthetic,prior_draw,
greedy_information,50132,4.7237631013438754,5.375012484234634,10,10,54,0,0.15297351357858824,synthetic,prior_draw,
random,50133,0.9669625748033561,1.721079592100379,10,4,37,0,0.4308709334580228,synthetic,prior_draw,
lawnmower,50133,2.833655381285117,3.6026127748850327,8,8,56,0,0.16775163278280672,synthetic,prior_draw,
greedy_information,50133,4.884208914275935,5.607954128695096,10,10,54,0,0.1477039101905903,synthetic,prior_draw,
random,50134,2.448978771357638,3.204473375121636,10,7,45,0,0.19660462763053954,synthetic,prior_draw,
lawnmower,50134,3.0338717297196003,3.7954229879374166,8,8,56,0,0.10001746132764598,synthetic,prior_draw,
greedy_information,50134,4.842739528767428,5.570926070162356,10,10,54,0,0.10813830177894454,synthetic,prior_draw,
random,50135,1.9431555249878687,2.6027704051059506,8,6,46,0,0.14540403171386415,synthetic,prior_draw,
lawnmower,50135,2.9607168634656187,3.6213942437755455,7,7,57,0,0.12998849850401883,synthetic,prior_draw,
greedy_information,50135,4.841266593252636,5.485000452174371,10,10,54,0,0.11712397040884424,synthetic,prior_draw,
random,50136,1.2087687443713966,2.0650804401283387,5,5,48,0,0.2733931524235061,synthetic,prior_draw,
lawnmower,50136,2.8229783018519297,3.6317738233732824,8,8,56,0,0.2452407374659563,synthetic,prior_draw,
greedy_information,50136,4.761758027355739,5.546255608488498,10,10,54,0,0.2576821967787447,synthetic,prior_draw,
random,50137,2.6031987208091274,3.312715905794691,10,8,41,0,0.14648620828829934,synthetic,prior_draw,
lawnmower,50137,2.1490360616156376,2.896258889004946,6,6,58,0,0.2682909762752414,synthetic,prior_draw,
greedy_information,50137,4.417694043013541,5.1330527036168485,10,10,54,0,0.13719035169624297,synthetic,prior_draw,
random,50138,2.1056142283573207,2.9078522955858674,8,7,46,0,0.14887188737426704,synthetic,prior_draw,
lawnmower,50138,2.672554752029972,3.479670149721249,8,8,56,0,0.16285588614560143,synthetic,prior_draw,
greedy_information,50138,4.800742933928465,5.565470462811975,10,10,54,0,0.1133121698324176,synthetic,prior_draw,
random,50139,1.0156216692329518,1.6552830053444403,10,7,39,0,0.3641019966385639,synthetic,prior_draw,
lawnmower,50139,2.58372664571389,3.241838905925881,7,7,57,0,0.2883951102881197,synthetic,prior_draw,
greedy_information,50139,5.019845838022159,5.657204729239682,10,10,54,0,0.27808837320398044,synthetic,prior_draw,
random,50140,1.8138165760247278,2.582261611361416,10,5,41,0,0.2236844331255826,synthetic,prior_draw,
lawnmower,50140,2.2548905309844858,3.020538678668569,7,7,57,0,0.23620051454563493,synthetic,prior_draw,
greedy_information,50140,4.360163944865612,5.0796019991782595,10,10,54,0,0.13150748440959406,synthetic,prior_draw,
random,50141,1.6704900485132013,2.340513078433829,10,8,46,0,0.25936840378596293,synthetic,prior_draw,
lawnmower,50141,2.7772753463703235,3.4287019455127,8,8,56,0,0.2419413752732145,synthetic,prior_draw,
greedy_information,50141,5.435862047677731,6.075678366013407,10,10,54,0,0.271507197923758,synthetic,prior_draw,
random,50142,2.3908308271725343,3.1776235067817717,10,6,46,0,0.16894249537626685,synthetic,prior_draw,
lawnmower,50142,2.9709693938230823,3.7524197738164173,8,8,56,0,0.1258020101944046,synthetic,prior_draw,
greedy_information,50142,4.638862250375532,5.372211469854652,10,10,54,0,0.24379395575779417,synthetic,prior_draw,
random,50143,2.4305771642395397,3.1060708704765143,10,7,45,0,0.3023879763379947,synthetic,prior_draw,
lawnmower,50143,3.135023100224092,3.812207857956889,8,8,56,0,0.2502559369883804,synthetic,prior_draw,
greedy_information,50143,5.044232073357552,5.6931918059382465,10,10,54,0,0.17994568070245942,synthetic,prior_draw,
random,50144,2.6947397455471607,3.4871469990923853,9,7,46,0,0.12856016449647442,synthetic,prior_draw,
lawnmower,50144,2.0908641831304458,2.907823185447649,6,6,58,0,0.1584299678413555,synthetic,prior_draw,
greedy_information,50144,4.5577092886407735,5.320653082638783,10,10,54,0,0.12165525146025515,synthetic,prior_draw,
random,50145,2.2917068511752845,3.068183679884003,9,7,40,0,0.16753005245995284,synthetic,prior_draw,
lawnmower,50145,2.226307916624811,3.0212866487044034,7,7,57,0,0.13985713972306427,synthetic,prior_draw,
greedy_information,50145,4.586222263032129,5.326800122860342,10,10,54,0,0.10318341384755131,synthetic,prior_draw,
random,50146,2.8545698178097365,3.6256619509272503,9,7,40,0,0.21567212850444498,synthetic,prior_draw,
lawnmower,50146,2.3470038438045044,3.158437322254041,7,7,57,0,0.23613896952347244,synthetic,prior_draw,
greedy_information,50146,4.701317015949517,5.4762659948935575,10,10,54,0,0.16807433818215053,synthetic,prior_draw,
random,50147,1.5511825929974414,2.4138940353531617,10,5,45,0,0.23957183467039897,synthetic,prior_draw,
lawnmower,50147,2.322018379985184,3.173620291887258,6,6,58,0,0.17527018940019287,synthetic,prior_draw,
greedy_information,50147,4.844821437176312,5.64606809929044,10,10,54,0,0.13079145432353992,synthetic,prior_draw,
random,50148,0.8546195070421703,1.5932105335502083,4,3,41,0,0.29778873173383374,synthetic,prior_draw,
lawnmower,50148,2.9153178694225237,3.617523243694445,8,8,56,0,0.18499549854706748,synthetic,prior_draw,
greedy_information,50148,4.501538761019107,5.175151495116562,10,10,54,0,0.30834568819116487,synthetic,prior_draw,
random,50149,2.0278052548139733,2.6584691613800646,10,6,43,0,0.234473921273799,synthetic,prior_draw,
lawnmower,50149,2.4699086366072645,3.1134074692256988,7,7,57,0,0.10228089894213806,synthetic,prior_draw,
greedy_information,50149,4.902128985179013,5.51649779082047,10,10,54,0,0.07644273463580295,synthetic,prior_draw,
random,50150,2.4774462620364956,3.1029286445350848,10,7,40,0,0.3475958669568291,synthetic,prior_draw,
lawnmower,50150,3.06347113296732,3.691346699582755,9,9,55,0,0.22306672589534518,synthetic,prior_draw,
greedy_information,50150,4.633486366787118,5.243181198574912,10,10,54,0,0.13997265211515988,synthetic,prior_draw,
random,50151,1.540846480522093,2.342017269581626,8,4,43,0,0.15226752511342967,synthetic,prior_draw,
lawnmower,50151,2.4784146801425684,3.2807397642217655,7,7,57,0,0.16201488334899047,synthetic,prior_draw,
greedy_information,50151,4.7566734238443384,5.505990093581382,10,10,54,0,0.12376905961200466,synthetic,prior_draw,
random,50152,1.4290628969638743,2.0630358585730204,10,6,43,0,0.18784700615510255,synthetic,prior_draw,
lawnmower,50152,3.267558359378476,3.9168569146920382,8,8,56,0,0.20212177227560235,synthetic,prior_draw,
greedy_information,50152,4.535765076672763,5.1534277122683045,10,10,54,0,0.1792413367739383,synthetic,prior_draw,
random,50153,1.6513031839372985,2.3446394278588443,10,7,49,0,0.15283859543116587,synthetic,prior_draw,
lawnmower,50153,2.889456221039807,3.589967873317431,8,8,56,0,0.1478183015243753,synthetic,prior_draw,
greedy_information,50153,5.068994208881944,5.740650587673958,10,10,54,0,0.12094523127221674,synthetic,prior_draw,
random,50154,2.2824333405950785,3.032636741800669,9,8,40,0,0.1644896044153596,synthetic,prior_draw,
lawnmower,50154,2.746014272024567,3.4826145592530593,8,8,56,0,0.18488458013937303,synthetic,prior_draw,
greedy_information,50154,4.514576911338415,5.215226284919721,10,10,54,0,0.1297279470570577,synthetic,prior_draw,
random,50155,1.5920392884749741,2.353966074656988,9,6,44,0,0.21263674759250134,synthetic,prior_draw,
lawnmower,50155,2.290474129423452,3.0602587806451425,7,7,57,0,0.17733591438541768,synthetic,prior_draw,
greedy_information,50155,4.514348772722455,5.239120016255972,10,10,54,0,0.1886591858518137,synthetic,prior_draw,
random,50156,2.004327985778442,2.7301819795512925,10,8,51,0,0.2233115920686101,synthetic,prior_draw,
lawnmower,50156,3.2972647093045135,3.9762360945889017,9,9,55,0,0.13211664236667056,synthetic,prior_draw,
greedy_information,50156,4.93221291207429,5.600231143124021,10,10,54,0,0.12196006841746475,synthetic,prior_draw,
random,50157,1.9994806444374986,2.775219011227067,10,5,40,0,0.23665739596996788,synthetic,prior_draw,
lawnmower,50157,2.320006301194908,3.131754975467418,7,7,57,0,0.32199242445852766,synthetic,prior_draw,
greedy_information,50157,4.814240172242959,5.5809508213098695,10,10,54,0,0.22921567500625506,synthetic,prior_draw,
random,50158,2.1389888218974202,2.8042501475935975,8,5,41,0,0.09809130199459859,synthetic,prior_draw,
lawnmower,50158,2.1517293629003578,2.8173327767302823,7,7,57,0,0.14600379909075828,synthetic,prior_draw,
greedy_information,50158,5.06621348657293,5.701937600744239,10,10,54,0,0.06533856874966111,synthetic,prior_draw,
random,50159,1.1985949023626,1.9887994941263336,6,3,45,0,0.2989721885584279,synthetic,prior_draw,
lawnmower,50159,2.205799542476469,2.973192017206285,7,7,57,0,0.25669426993595834,synthetic,prior_draw,
greedy_information,50159,4.542129887332602,5.282717711727525,10,10,54,0,0.23177333800454816,synthetic,prior_draw,
random,50160,2.389740683912146,3.1843387711449553,10,7,47,0,0.176317664865102,synthetic,prior_draw,
lawnmower,50160,2.8942066360960865,3.676959017895393,8,8,56,0,0.11961435308448,synthetic,prior_draw,
greedy_information,50160,4.6875428934510195,5.445783770500732,10,10,54,0,0.10828348368026397,synthetic,prior_draw,
random,50161,1.933241597123726,2.62140518676417,10,8,40,0,0.252310884928179,synthetic,prior_draw,
lawnmower,50161,2.3750347331027046,3.0853338643254915,7,7,57,0,0.2664151341149255,synthetic,prior_draw,
greedy_information,50161,4.779079413778375,5.450265223124862,10,10,54,0,0.1825961125147857,synthetic,prior_draw,
random,50162,2.2210750259071075,2.941884988513807,10,7,40,0,0.2503172795584026,synthetic,prior_draw,
lawnmower,50162,2.450649175903322,3.213634745460447,7,7,57,0,0.18354999380956102,synthetic,prior_draw,
greedy_information,50162,4.2804789657150915,5.015637050777646,10,10,54,0,0.22051158450782504,synthetic,prior_draw,
random,50163,2.711054574762832,3.45746646208457,10,7,38,0,0.40174285114927943,synthetic,prior_draw,
lawnmower,50163,2.4182049794637557,3.196114105528095,7,7,57,0,0.31070423901919136,synthetic,prior_draw,
greedy_information,50163,4.519252197755636,5.250917576920168,10,10,54,0,0.16572556036286104,synthetic,prior_draw,
random,50164,2.446099467725672,3.227051768182748,10,7,43,0,0.25084022229318365,synthetic,prior_draw,
lawnmower,50164,2.787688130209837,3.588593045733469,8,8,56,0,0.1500952360425617,synthetic,prior_draw,
greedy_information,50164,4.621659145971786,5.3886148900719375,10,10,54,0,0.20887555117118445,synthetic,prior_draw,
random,50165,1.2530611987498725,1.9139836031854138,9,6,43,0,0.1938777886599159,synthetic,prior_draw,
lawnmower,50165,3.1063898167007142,3.7711326233857756,8,8,56,0,0.18441726024654156,synthetic,prior_draw,
greedy_information,50165,5.073481373735127,5.712518784848736,10,10,54,0,0.15048261789200457,synthetic,prior_draw,
random,50166,1.486442496823987,2.1916968020852607,10,6,39,0,0.31519208589291753,synthetic,prior_draw,
lawnmower,50166,3.1709310840963574,3.8802909213043772,9,9,55,0,0.3178130069145347,synthetic,prior_draw,
greedy_information,50166,4.476418010600813,5.166880214089013,10,10,54,0,0.2540173432645713,synthetic,prior_draw,
random,50167,2.2220352379421677,2.973839095936973,10,7,44,0,0.29306485923876424,synthetic,prior_draw,
lawnmower,50167,1.790763361909939,2.5752676688141576,5,5,59,0,0.2010672156307698,synthetic,prior_draw,
greedy_information,50167,4.5561490636103565,5.28022481201084,10,10,54,0,0.161318596644371,synthetic,prior_draw,
random,50168,2.4949178848250235,3.193637218446298,10,9,47,0,0.2709560519212182,synthetic,prior_draw,
lawnmower,50168,2.77688132470078,3.4627204689841125,8,8,56,0,0.2149136480810839,synthetic,prior_draw,
greedy_information,50168,5.165709135693063,5.818499643500323,10,10,54,0,0.23167790348634332,synthetic,prior_draw,
random,50169,2.6081816833260687,3.3366155642090845,10,9,43,0,0.18109376344114037,synthetic,prior_draw,
lawnmower,50169,3.1854294188372725,3.946496027821328,8,8,56,0,0.16147814369859967,synthetic,prior_draw,
greedy_information,50169,4.3594135498630555,5.097490277936661,10,10,54,0,0.11092575605440437,synthetic,prior_draw,
random,50170,1.509294234696283,2.197922434833944,10,6,48,0,0.29418719679748745,synthetic,prior_draw,
lawnmower,50170,2.966536968108217,3.6517910991146953,8,8,56,0,0.2643237001495298,synthetic,prior_draw,
greedy_information,50170,4.798004206722893,5.455843971530303,10,10,54,0,0.20392695567899927,synthetic,prior_draw,
random,50171,1.6112697215071812,2.457672003529915,10,4,47,0,0.21916337666086022,synthetic,prior_draw,
lawnmower,50171,2.4136699006780193,3.2214874350727283,7,7,57,0,0.1584359886228041,synthetic,prior_draw,
greedy_information,50171,4.868285694886332,5.635486506783282,10,10,54,0,0.1414650328884705,synthetic,prior_draw,
random,50172,2.4730939557762204,3.2501212021182218,10,9,46,0,0.2491095955362137,synthetic,prior_draw,
lawnmower,50172,2.484863500810535,3.2470391928727977,8,8,56,0,0.2239396138315629,synthetic,prior_draw,
greedy_information,50172,4.666811992125558,5.384281639975958,10,10,54,0,0.1663327522582891,synthetic,prior_draw,
random,50173,1.7482135519991584,2.4306885873585924,10,8,40,0,0.3079453847255294,synthetic,prior_draw,
lawnmower,50173,1.1735638185012007,1.8830821225510814,4,4,60,0,0.2306785464081717,synthetic,prior_draw,
greedy_information,50173,5.090111101039098,5.749883458520736,10,10,54,0,0.1125161954648036,synthetic,prior_draw,
random,50174,2.3032627126117062,3.0910332087680867,10,5,43,0,0.2992350413477049,synthetic,prior_draw,
lawnmower,50174,2.175636977500087,2.94988604595261,7,7,57,0,0.3258281832486167,synthetic,prior_draw,
greedy_information,50174,4.9758508761451425,5.703985121525579,10,10,54,0,0.14355391288538097,synthetic,prior_draw,
random,50175,1.7128320976512528,2.357527020382998,9,5,49,0,0.23384372993961028,synthetic,prior_draw,
lawnmower,50175,2.891373597543907,3.5308449475409693,8,8,56,0,0.1998066505178854,synthetic,prior_draw,
greedy_information,50175,5.35622673855422,5.97373282071534,10,10,54,0,0.14649422615451768,synthetic,prior_draw,
random,50176,1.4855527193755964,2.165360909728016,9,5,48,0,0.3261138699923538,synthetic,prior_draw,
lawnmower,50176,2.9301691276742163,3.56043547529547,8,8,56,0,0.25087443868487236,synthetic,prior_draw,
greedy_information,50176,5.116653887386441,5.733561304254844,10,10,54,0,0.14672821066444364,synthetic,prior_draw,
random,50177,1.2009363116034732,1.8748869327668185,5,4,49,0,0.17494543650854205,synthetic,prior_draw,
lawnmower,50177,2.5483703322315074,3.2046726111653907,7,7,57,0,0.1809370713140322,synthetic,prior_draw,
greedy_information,50177,4.793542598707328,5.4579616901070445,10,10,54,0,0.14349856622031917,synthetic,prior_draw,
random,50178,2.7288643956189933,3.4658597676244822,10,7,41,0,0.19901475353958542,synthetic,prior_draw,
lawnmower,50178,2.407949340406243,3.1692388507872526,7,7,57,0,0.23572272303366607,synthetic,prior_draw,
greedy_information,50178,4.561531909089782,5.318154522473759,10,10,54,0,0.17157127656524898,synthetic,prior_draw,
random,50179,2.2957859047709843,3.0670025623351433,10,6,46,0,0.36977361266708475,synthetic,prior_draw,
lawnmower,50179,2.7828157304839256,3.5399152542933683,8,8,56,0,0.1808052662597345,synthetic,prior_draw,
greedy_information,50179,4.3967036160827755,5.124136778169365,10,10,54,0,0.25590767459616237,synthetic,prior_draw,
random,50180,2.40068564243987,3.11138955103642,10,7,42,0,0.10923064508141599,synthetic,prior_draw,
lawnmower,50180,2.6857083833088833,3.3847230816982616,7,7,57,0,0.14646573673358476,synthetic,prior_draw,
greedy_information,50180,4.853992895879978,5.529261398550639,10,10,54,0,0.12363013206255122,synthetic,prior_draw,
random,50181,2.633784224200009,3.3230654244485716,10,6,44,0,0.26641408674127054,synthetic,prior_draw,
lawnmower,50181,3.377735234256439,4.039131831960818,9,9,55,0,0.176250379562411,synthetic,prior_draw,
greedy_information,50181,4.890397614589682,5.534824253738511,10,10,54,0,0.1385787513440162,synthetic,prior_draw,
random,50182,2.354453232631922,3.090949781589933,8,5,41,0,0.2831312987867332,synthetic,prior_draw,
lawnmower,50182,3.0359576104509736,3.7746688173849137,9,9,55,0,0.302781026710806,synthetic,prior_draw,
greedy_information,50182,4.463123977055228,5.169449931447131,10,10,54,0,0.17959934957283674,synthetic,prior_draw,
random,50183,1.901007936724238,2.68797785099102,8,5,42,0,0.24576762586998852,synthetic,prior_draw,
lawnmower,50183,2.6406503152511727,3.4318697351083998,7,7,57,0,0.2269590843380568,synthetic,prior_draw,
greedy_information,50183,4.604909259511553,5.358933001395279,10,10,54,0,0.2336142151294484,synthetic,prior_draw,
random,50184,1.6982674813714662,2.381072069838623,10,6,41,0,0.19352880378632523,synthetic,prior_draw,
lawnmower,50184,3.1595918301874137,3.8292375852311897,8,8,56,0,0.2179571634984429,synthetic,prior_draw,
greedy_information,50184,5.193618531764593,5.834871168090516,10,10,54,0,0.15251767897475685,synthetic,prior_draw,
random,50185,2.5240117551328134,3.3041529975826864,10,5,44,0,0.2682254483083716,synthetic,prior_draw,
lawnmower,50185,2.5295905242695684,3.2888598063164243,7,7,57,0,0.21289026229240768,synthetic,prior_draw,
greedy_information,50185,4.6421736314356155,5.352699827413254,10,10,54,0,0.14247344152869845,synthetic,prior_draw,
random,50186,2.3232079230507927,3.0934955837039975,10,7,44,0,0.20660042302216083,synthetic,prior_draw,
lawnmower,50186,1.9417472643810811,2.7562666547051755,6,6,58,0,0.15964179536696527,synthetic,prior_draw,
greedy_information,50186,4.926340548941794,5.691528545475428,10,10,54,0,0.19395899015565546,synthetic,prior_draw,
random,50187,2.185372279624825,2.8847203497392178,10,8,38,0,0.18033151098181194,synthetic,prior_draw,
lawnmower,50187,2.467856834648074,3.1809964163896898,6,6,58,0,0.3155793447781738,synthetic,prior_draw,
greedy_information,50187,4.879792096055294,5.55677742097401,10,10,54,0,0.19794261233233235,synthetic,prior_draw,
random,50188,1.2513157525605296,1.9107211558484116,10,8,45,0,0.3180103410203292,synthetic,prior_draw,
lawnmower,50188,2.6426810032185166,3.327330221848026,7,7,57,0,0.14982198984144132,synthetic,prior_draw,
greedy_information,50188,5.074513966417513,5.737001847287962,10,10,54,0,0.11061243641890021,synthetic,prior_draw,
random,50189,1.8238492183552228,2.462900197263586,10,7,39,0,0.13439657596768256,synthetic,prior_draw,
lawnmower,50189,2.6984221494378557,3.3377267377815425,7,7,57,0,0.17426334502127377,synthetic,prior_draw,
greedy_information,50189,4.896682642519771,5.523586992085114,10,10,54,0,0.10944798813715989,synthetic,prior_draw,
random,50190,2.0304215339891476,2.756932923908085,10,4,43,0,0.2568117584108638,synthetic,prior_draw,
lawnmower,50190,2.6093448917102626,3.333081749884828,7,7,57,0,0.2711631305962115,synthetic,prior_draw,
greedy_information,50190,4.899294517940236,5.576799766187582,10,10,54,0,0.19269152891421631,synthetic,prior_draw,
random,50191,1.3922428113470322,2.015837129536074,10,6,40,0,0.19993435307011478,synthetic,prior_draw,
lawnmower,50191,3.124860517390634,3.7653734424000214,9,9,55,0,0.2116702635475318,synthetic,prior_draw,
greedy_information,50191,4.766761459030078,5.384394847606198,10,10,54,0,0.20435505175855412,synthetic,prior_draw,
random,50192,1.1494411200221006,1.9546192769151776,10,4,40,0,0.23894430367362068,synthetic,prior_draw,
lawnmower,50192,2.7042439767318442,3.5025884656004096,8,8,56,0,0.18544843882197024,synthetic,prior_draw,
greedy_information,50192,4.856126818442271,5.605916861878776,10,10,54,0,0.1630309747538362,synthetic,prior_draw,
random,50193,1.9851156157140846,2.801045026042727,10,4,43,0,0.23546791860275842,synthetic,prior_draw,
lawnmower,50193,2.8700566148781954,3.6864948136162163,8,8,56,0,0.19316575180762374,synthetic,prior_draw,
greedy_information,50193,4.7747803545072065,5.553162033445857,10,10,54,0,0.14908993534300277,synthetic,prior_draw,
random,50194,2.5099556159509575,3.3132030015851135,10,7,44,0,0.3558041271818714,synthetic,prior_draw,
lawnmower,50194,2.266008046498213,3.0504919422869574,7,7,57,0,0.27915035796103704,synthetic,prior_draw,
greedy_information,50194,4.744315495136699,5.477896412348615,10,10,54,0,0.16865564328897842,synthetic,prior_draw,
random,50195,1.8748792944605759,2.536582057679311,10,7,34,0,0.3471209316773129,synthetic,prior_draw,
lawnmower,50195,3.275901443846083,3.9704891510171905,9,9,55,0,0.13967408275281487,synthetic,prior_draw,
greedy_information,50195,4.84679122011542,5.531983887030051,10,10,54,0,0.14499983637604721,synthetic,prior_draw,
random,50196,1.4041314996568026,2.071968770112406,10,7,38,0,0.1814299568232742,synthetic,prior_draw,
lawnmower,50196,3.278378678100895,3.9574908431698224,9,9,55,0,0.18849232903001115,synthetic,prior_draw,
greedy_information,50196,4.48524842800409,5.174044469728356,10,10,54,0,0.10007699749876381,synthetic,prior_draw,
random,50197,1.5637018754034788,2.3047638273708584,6,4,48,0,0.17219516886914688,synthetic,prior_draw,
lawnmower,50197,2.337852501878547,3.0533075196249273,7,7,57,0,0.15236839416676953,synthetic,prior_draw,
greedy_information,50197,5.079013839524207,5.746775250549682,10,10,54,0,0.14549445041411815,synthetic,prior_draw,
random,50198,2.519853256849418,3.2507493847652715,10,7,43,0,0.31340002702354763,synthetic,prior_draw,
lawnmower,50198,3.1576769300308096,3.914330636578547,8,8,56,0,0.21877359180047956,synthetic,prior_draw,
greedy_information,50198,4.467238087234942,5.184884062284203,10,10,54,0,0.19818824002645175,synthetic,prior_draw,
random,50199,1.8452633983628786,2.4761370990958507,10,8,39,0,0.2873611076081901,synthetic,prior_draw,
lawnmower,50199,2.6330720127179608,3.2952425937082506,6,6,58,0,0.3050489456754041,synthetic,prior_draw,
greedy_information,50199,5.086762111617063,5.7112459881039985,10,10,54,0,0.23361296794262731,synthetic,prior_draw,
random,50200,2.0680718505097873,2.796013361317271,10,6,44,0,0.2302224928037841,synthetic,prior_draw,
lawnmower,50200,2.86402835718331,3.57367587119235,8,8,56,0,0.23420317435672117,synthetic,prior_draw,
greedy_information,50200,5.022083928054482,5.697878434414682,10,10,54,0,0.26016655632900354,synthetic,prior_draw,
random,50201,0.8702219830899536,1.6067254162787978,8,5,44,0,0.16527764772385295,synthetic,prior_draw,
lawnmower,50201,3.0916275105952695,3.7934759807005296,8,8,56,0,0.16656704806819325,synthetic,prior_draw,
greedy_information,50201,4.910583315306131,5.5806117476171835,10,10,54,0,0.11450118752617808,synthetic,prior_draw,
random,50202,2.3829514963675167,3.1614086812740347,10,4,43,0,0.2243035796808888,synthetic,prior_draw,
lawnmower,50202,2.919003463844695,3.7157317559155993,8,8,56,0,0.21758816997310745,synthetic,prior_draw,
greedy_information,50202,4.840191490022906,5.593735880419838,10,10,54,0,0.2542989373859003,synthetic,prior_draw,
random,50203,1.7967383980876477,2.560784708362661,10,4,46,0,0.1464568090648277,synthetic,prior_draw,
lawnmower,50203,2.4934546482931395,3.270552757287545,7,7,57,0,0.15175100672824632,synthetic,prior_draw,
greedy_information,50203,4.529542168035427,5.269153143665896,10,10,54,0,0.16929258729859495,synthetic,prior_draw,
random,50204,1.6854918856833538,2.357253375446498,10,7,39,0,0.29265071301360635,synthetic,prior_draw,
lawnmower,50204,2.6516125093047083,3.320284266701907,8,8,56,0,0.1366759422579515,synthetic,prior_draw,
greedy_information,50204,4.8854821566813635,5.5109937232236925,10,10,54,0,0.1591382080241689,synthetic,prior_draw,
random,50205,1.5815961676569907,2.2718046928575246,10,7,42,0,0.26131428888687736,synthetic,prior_draw,
lawnmower,50205,2.384128394280167,3.0844468829494085,5,5,59,0,0.09020188595664674,synthetic,prior_draw,
greedy_information,50205,4.835119713254054,5.481191235114836,10,10,54,0,0.11878898447252416,synthetic,prior_draw,
random,50206,1.763492735422965,2.5069191404511506,8,5,38,0,0.17904044623534848,synthetic,prior_draw,
lawnmower,50206,2.2217650012979258,2.9540491638877224,7,7,57,0,0.12563337334960836,synthetic,prior_draw,
greedy_information,50206,5.066613012983104,5.767729316363101,10,10,54,0,0.08770178268457803,synthetic,prior_draw,
random,50207,1.1128509972908212,1.7509765143601268,10,5,42,0,0.1978459202344631,synthetic,prior_draw,
lawnmower,50207,2.685642455719318,3.335700538137151,8,8,56,0,0.1990913052112216,synthetic,prior_draw,
greedy_information,50207,4.807270000840189,5.436959779118753,10,10,54,0,0.18437284594184322,synthetic,prior_draw,
random,50208,2.388827943662467,3.158625819343822,9,6,45,0,0.14947102476776242,synthetic,prior_draw,
lawnmower,50208,2.736431463439915,3.500393787228219,8,8,56,0,0.13829145168084628,synthetic,prior_draw,
greedy_information,50208,4.567923490164743,5.291435890258349,10,10,54,0,0.1209551950189259,synthetic,prior_draw,
random,50209,1.5046119995121945,2.113503526758712,10,5,40,0,0.35482954386848264,synthetic,prior_draw,
lawnmower,50209,2.5926964968615556,3.216328490935152,8,8,56,0,0.25733924091844507,synthetic,prior_draw,
greedy_information,50209,4.790787750822214,5.380262411584292,10,10,54,0,0.17808667402118677,synthetic,prior_draw,
random,50210,2.739555771113311,3.458012670429908,9,5,42,0,0.27622050204677673,synthetic,prior_draw,
lawnmower,50210,2.7615999095791657,3.477986910181656,8,8,56,0,0.22906583575274994,synthetic,prior_draw,
greedy_information,50210,4.765147892007051,5.466652085256073,10,10,54,0,0.21397157015420853,synthetic,prior_draw,
random,50211,2.129275518357573,2.9234880175134794,10,6,45,0,0.378659197574234,synthetic,prior_draw,
lawnmower,50211,3.4787119115084653,4.242336542741473,9,9,55,0,0.2684419619785849,synthetic,prior_draw,
greedy_information,50211,4.688528016341095,5.431061639343526,10,10,54,0,0.27486303738281165,synthetic,prior_draw,
random,50212,1.484010525336859,2.184822215897566,10,5,45,0,0.12127232468732957,synthetic,prior_draw,
lawnmower,50212,3.006280904052901,3.713062472581484,8,8,56,0,0.15108250435338774,synthetic,prior_draw,
greedy_information,50212,4.798238199157887,5.4709695784598855,10,10,54,0,0.13558752098541293,synthetic,prior_draw,
random,50213,1.2234701120550184,1.8473762593645766,10,5,46,0,0.32914951314512847,synthetic,prior_draw,
lawnmower,50213,3.2565001405160725,3.8710275978614503,8,8,56,0,0.15133412646794198,synthetic,prior_draw,
greedy_information,50213,5.170811590450552,5.757375781914813,10,10,54,0,0.14470306318990359,synthetic,prior_draw,
random,50214,1.4525762592787412,2.0780998940692426,8,8,48,0,0.21847117577149813,synthetic,prior_draw,
lawnmower,50214,3.016783618989304,3.634359203372506,8,8,56,0,0.18043808936460903,synthetic,prior_draw,
greedy_information,50214,4.826227933481057,5.414816427191064,10,10,54,0,0.17267580023725562,synthetic,prior_draw,
random,50215,2.3705998035401326,3.1252215859514823,10,8,44,0,0.31258390215436616,synthetic,prior_draw,
lawnmower,50215,2.9298386366554965,3.7093244611158154,8,8,56,0,0.2294048614062539,synthetic,prior_draw,
greedy_information,50215,4.551014206268436,5.297432115667846,10,10,54,0,0.13620830210659549,synthetic,prior_draw,
random,50216,1.3028322308905176,2.0050622271097733,7,6,45,0,0.21196170322654967,synthetic,prior_draw,
lawnmower,50216,3.0108989190849753,3.7033606807037973,8,8,56,0,0.1057694619816983,synthetic,prior_draw,
greedy_information,50216,5.178965053428199,5.831392796930062,10,10,54,0,0.09006295694386196,synthetic,prior_draw,
random,50217,2.685562717583376,3.3031440454655785,10,9,39,0,0.18187447685197888,synthetic,prior_draw,
lawnmower,50217,2.192415420389109,2.845395529757013,5,5,59,0,0.1959389703132151,synthetic,prior_draw,
greedy_information,50217,4.8988436161874915,5.510401643326793,10,10,54,0,0.12486893835188231,synthetic,prior_draw,
random,50218,1.6782860385413463,2.3369745239219024,10,5,43,0,0.24776496301132916,synthetic,prior_draw,
lawnmower,50218,2.726573414983522,3.390231491305401,8,8,56,0,0.07742388816666503,synthetic,prior_draw,
greedy_information,50218,4.79836266613668,5.442884893581964,10,10,54,0,0.07347339391976812,synthetic,prior_draw,
random,50219,1.524685251274736,2.1400531924446606,10,9,41,0,0.2085804103349007,synthetic,prior_draw,
lawnmower,50219,2.5587536042096155,3.2096108019360874,7,7,57,0,0.18176866550393564,synthetic,prior_draw,
greedy_information,50219,5.133962806399013,5.746341342497248,10,10,54,0,0.1672073429437539,synthetic,prior_draw,
random,50220,2.3855877272776147,3.210427360499924,10,8,50,0,0.20023316934683366,synthetic,prior_draw,
lawnmower,50220,2.9349186933700944,3.750032143062179,8,8,56,0,0.19124379173129727,synthetic,prior_draw,
greedy_information,50220,4.590550690034716,5.378043824957453,10,10,54,0,0.15837432890747735,synthetic,prior_draw,
random,50221,0.713741222498087,1.4900974320044633,8,4,46,0,0.2742526828565076,synthetic,prior_draw,
lawnmower,50221,2.3062298357090913,3.0554394515017473,7,7,57,0,0.26158711291583964,synthetic,prior_draw,
greedy_information,50221,4.8452889001313375,5.576850019351762,10,10,54,0,0.15675103200985827,synthetic,prior_draw,
random,50222,1.0825392944730254,1.747783605465509,7,6,41,0,0.24352359643706115,synthetic,prior_draw,
lawnmower,50222,3.005661410242066,3.6657423983658477,9,9,55,0,0.19946659580161089,synthetic,prior_draw,
greedy_information,50222,4.842577849187269,5.472360640445313,10,10,54,0,0.14647704185057836,synthetic,prior_draw,
random,50223,1.620793680421265,2.2415435171573894,10,8,40,0,0.26192846901393024,synthetic,prior_draw,
lawnmower,50223,2.5600370616688304,3.206480203986261,7,7,57,0,0.2667708029548446,synthetic,prior_draw,
greedy_information,50223,4.834177724549559,5.449868809779931,10,10,54,0,0.19136126386118504,synthetic,prior_draw,
random,50224,1.8373735083517053,2.5286252479046647,8,6,44,0,0.15828824431661478,synthetic,prior_draw,
lawnmower,50224,2.938431141668843,3.614477312562336,9,9,55,0,0.12157697764142904,synthetic,prior_draw,
greedy_information,50224,5.323752471635138,5.98283576032126,10,10,54,0,0.15203903889124173,synthetic,prior_draw,
random,50225,2.880712792448615,3.586907161466981,10,9,43,0,0.2515676863748345,synthetic,prior_draw,
lawnmower,50225,2.5198929003987636,3.241494285173752,7,7,57,0,0.2499200177065321,synthetic,prior_draw,
greedy_information,50225,4.547763252610119,5.22349162801337,10,10,54,0,0.24628679244400392,synthetic,prior_draw,
random,50226,1.814799076732191,2.6255333782449126,10,9,43,0,0.20702913973460702,synthetic,prior_draw,
lawnmower,50226,3.381977071562067,4.184114101813703,10,10,54,0,0.18841690555588297,synthetic,prior_draw,
greedy_information,50226,4.692986918187907,5.468606990637841,10,10,54,0,0.1896442838204637,synthetic,prior_draw,
random,50227,2.197522779090757,2.980044537656995,10,6,48,0,0.22301338183878633,synthetic,prior_draw,
lawnmower,50227,2.589773224428093,3.3653393293981866,7,7,57,0,0.13098816169202007,synthetic,prior_draw,
greedy_information,50227,4.642909009421643,5.38280246011071,10,10,54,0,0.13000328892501872,synthetic,prior_draw,
random,50228,2.326175768991395,3.0558553527186785,10,5,41,0,0.3779265066260353,synthetic,prior_draw,
lawnmower,50228,2.1584119001807145,2.913865440671868,6,6,58,0,0.43065652091358375,synthetic,prior_draw,
greedy_information,50228,4.524506981975089,5.257933537617265,10,10,54,0,0.22977034890112719,synthetic,prior_draw,
random,50229,1.6803794508859051,2.446514528236694,10,5,41,0,0.15591414174321822,synthetic,prior_draw,
lawnmower,50229,2.4484022573307573,3.2160998303020207,7,7,57,0,0.15895213169157557,synthetic,prior_draw,
greedy_information,50229,4.714609068740689,5.453460707756392,10,10,54,0,0.131792403892962,synthetic,prior_draw,
random,50230,2.4900209276089935,3.1340019858309893,10,7,44,0,0.267703326314061,synthetic,prior_draw,
lawnmower,50230,2.8762166104825315,3.5147822013124115,7,7,57,0,0.09803100023243845,synthetic,prior_draw,
greedy_information,50230,4.784361480920854,5.4107648681420955,10,10,54,0,0.15056954132574937,synthetic,prior_draw,
random,50231,1.2952597933839338,1.9733251133287841,10,6,44,0,0.25480018702960083,synthetic,prior_draw,
lawnmower,50231,2.4209855085874303,3.0965449985220443,5,5,59,0,0.21791065110909164,synthetic,prior_draw,
greedy_information,50231,5.167949143276801,5.788075315718095,10,10,54,0,0.08220802029724125,synthetic,prior_draw,
random,50232,2.002606306888225,2.6654619622570848,8,5,39,0,0.16214118813102882,synthetic,prior_draw,
lawnmower,50232,4.037054467159821,4.692465151449575,10,10,54,0,0.133099929395409,synthetic,prior_draw,
greedy_information,50232,4.861714159087774,5.511513304129634,10,10,54,0,0.1549656236592245,synthetic,prior_draw,
random,50233,2.694340870381971,3.443137518685858,10,6,42,0,0.12505647908610307,synthetic,prior_draw,
lawnmower,50233,2.8236609968167663,3.554577300500478,8,8,56,0,0.11648712971148914,synthetic,prior_draw,
greedy_information,50233,4.510682903564621,5.199224740159466,10,10,54,0,0.1970947015811283,synthetic,prior_draw,
random,50234,2.108070868282149,2.8057100489643094,10,8,38,0,0.2547596568349154,synthetic,prior_draw,
lawnmower,50234,2.519601788347208,3.2445488731675365,7,7,57,0,0.29641554404327625,synthetic,prior_draw,
greedy_information,50234,5.157284741587636,5.857942228255099,10,10,54,0,0.17091427954355012,synthetic,prior_draw,
random,50235,2.3030723236020054,2.985291957290587,10,7,43,0,0.24020993482535466,synthetic,prior_draw,
lawnmower,50235,2.9537238175639877,3.660851338828436,8,8,56,0,0.17364392716857727,synthetic,prior_draw,
greedy_information,50235,4.92134256532029,5.589761185198839,10,10,54,0,0.1773434835331049,synthetic,prior_draw,
random,50236,2.5708366251624595,3.349383486402223,10,6,40,0,0.12012534563661695,synthetic,prior_draw,
lawnmower,50236,2.2505251981804246,3.061281692527074,7,7,57,0,0.14173280955498746,synthetic,prior_draw,
greedy_information,50236,4.799056531273649,5.563158146341007,10,10,54,0,0.16317255582241155,synthetic,prior_draw,
random,50237,1.9663073633502977,2.728826900860676,10,6,39,0,0.16168362452945245,synthetic,prior_draw,
lawnmower,50237,2.7579948363820335,3.5284148838626805,8,8,56,0,0.09978540060920528,synthetic,prior_draw,
greedy_information,50237,4.477570473967097,5.22499199198819,10,10,54,0,0.1354798345861681,synthetic,prior_draw,
random,50238,1.6761116397311864,2.511176282765923,8,8,48,0,0.28094909592751954,synthetic,prior_draw,
lawnmower,50238,3.1409626605424155,3.931285610887601,9,9,55,0,0.1427334240329007,synthetic,prior_draw,
greedy_information,50238,4.749628150341773,5.520189158679528,10,10,54,0,0.10941059752738508,synthetic,prior_draw,
random,50239,1.7779035442077231,2.5438183250665656,6,5,47,0,0.2127421934882811,synthetic,prior_draw,
lawnmower,50239,2.5834029709508206,3.3219913680408646,7,7,57,0,0.24786713508034816,synthetic,prior_draw,
greedy_information,50239,4.795714689334736,5.4838242668853825,10,10,54,0,0.20064403155615312,synthetic,prior_draw,
random,50240,0.9859098693770434,1.834751279659972,6,4,52,0,0.1424880608670392,synthetic,prior_draw,
lawnmower,50240,3.331847170826407,4.109704632382563,9,9,55,0,0.1603509992329382,synthetic,prior_draw,
greedy_information,50240,4.623953317789359,5.374586370690382,10,10,54,0,0.15688992539093638,synthetic,prior_draw,
random,50241,1.322249078714134,2.10597482015066,10,6,43,0,0.15939229246976994,synthetic,prior_draw,
lawnmower,50241,2.9577645625788795,3.723835606280292,8,8,56,0,0.210791912970886,synthetic,prior_draw,
greedy_information,50241,4.7304010605862885,5.475435565677697,10,10,54,0,0.18123308545664055,synthetic,prior_draw,
random,50242,1.6293589621871372,2.280636771345021,10,5,42,0,0.2978392904384277,synthetic,prior_draw,
lawnmower,50242,3.192342170768814,3.8358147977509103,9,9,55,0,0.2599990073278242,synthetic,prior_draw,
greedy_information,50242,4.914355177423285,5.54580545622874,10,10,54,0,0.18472831866773015,synthetic,prior_draw,
random,50243,2.0794400230696732,2.722873934364717,9,5,46,0,0.2060498741471168,synthetic,prior_draw,
lawnmower,50243,2.5748414061392393,3.210678611424225,8,8,56,0,0.19477472532465073,synthetic,prior_draw,
greedy_information,50243,4.9345431700424225,5.549223403024588,10,10,54,0,0.21848484454328113,synthetic,prior_draw,
random,50244,1.8754650187847348,2.6028729207154697,10,7,42,0,0.21988324259985523,synthetic,prior_draw,
lawnmower,50244,2.5822094140314333,3.3293192961734053,7,7,57,0,0.23818842405061136,synthetic,prior_draw,
greedy_information,50244,4.284247381474072,4.9911568962969515,10,10,54,0,0.188395127202197,synthetic,prior_draw,
random,50245,1.7733226365864683,2.448209251937674,10,7,43,0,0.21744580249256318,synthetic,prior_draw,
lawnmower,50245,2.5929828874474348,3.242076902636592,7,7,57,0,0.360477425597654,synthetic,prior_draw,
greedy_information,50245,4.677895374988294,5.301117727021988,10,10,54,0,0.32590029623975125,synthetic,prior_draw,
random,50246,1.3988434769711975,2.1599744767360276,10,4,37,0,0.24569452429510114,synthetic,prior_draw,
lawnmower,50246,3.2696539201618235,4.0231728985000395,9,9,55,0,0.16609470680026203,synthetic,prior_draw,
greedy_information,50246,4.583489396431488,5.318226368650222,10,10,54,0,0.21576055743710498,synthetic,prior_draw,
random,50247,2.665841365041889,3.480616583088939,10,7,36,0,0.14788824696344435,synthetic,prior_draw,
lawnmower,50247,1.995693685556097,2.818756288281862,7,7,57,0,0.17346559537229622,synthetic,prior_draw,
greedy_information,50247,4.798410424597583,5.588764727495307,10,10,54,0,0.14342940427526926,synthetic,prior_draw,
random,50248,1.6165493086909617,2.365857346546359,10,6,51,0,0.2296757392423888,synthetic,prior_draw,
lawnmower,50248,3.161864246151176,3.881298230268129,8,8,56,0,0.23200489012906111,synthetic,prior_draw,
greedy_information,50248,4.759657198243447,5.454087101005646,10,10,54,0,0.20062895359627583,synthetic,prior_draw,
random,50249,1.7723573001677793,2.4401070603182853,9,8,37,0,0.3182102680654388,synthetic,prior_draw,
lawnmower,50249,3.118266731855212,3.797972162160236,8,8,56,0,0.2296288362721218,synthetic,prior_draw,
greedy_information,50249,4.699485367986703,5.349368501362208,10,10,54,0,0.1999178053020873,synthetic,prior_draw,
random,50250,2.6438842603045924,3.366672196455009,10,7,44,0,0.17956197598498994,synthetic,prior_draw,
lawnmower,50250,3.8720986441431315,4.58784817958137,10,10,54,0,0.16363217901766713,synthetic,prior_draw,
greedy_information,50250,4.471760045712663,5.170667307660772,10,10,54,0,0.13234122612594282,synthetic,prior_draw,
random,50251,2.5801335485187598,3.2491429449575535,10,5,39,0,0.13228620561333232,synthetic,prior_draw,
lawnmower,50251,2.866922469738852,3.5462991032388556,8,8,56,0,0.15148475338467413,synthetic,prior_draw,
greedy_information,50251,4.789358087473772,5.432002620867249,10,10,54,0,0.1349931791734547,synthetic,prior_draw,
random,50252,2.6810946043418196,3.348308604575995,9,6,43,0,0.25424833668384983,synthetic,prior_draw,
lawnmower,50252,2.4470198134871404,3.095693602203866,7,7,57,0,0.28947120780852836,synthetic,prior_draw,
greedy_information,50252,4.654436467007656,5.264867639903943,10,10,54,0,0.2503744515348194,synthetic,prior_draw,
random,50253,1.3866740221942446,2.1629690846236667,8,6,37,0,0.2262717347283952,synthetic,prior_draw,
lawnmower,50253,2.3677138716916946,3.1788391375031955,7,7,57,0,0.22345841297657262,synthetic,prior_draw,
greedy_information,50253,4.785226811271272,5.556701145434206,10,10,54,0,0.13557347410203419,synthetic,prior_draw,
random,50254,1.473591838218007,2.195047876249676,10,6,40,0,0.1929878992768124,synthetic,prior_draw,
lawnmower,50254,3.2443898421654946,3.9671462982621377,9,9,55,0,0.21412588029281499,synthetic,prior_draw,
greedy_information,50254,4.3366710151845576,5.03284612605682,10,10,54,0,0.16923417439464544,synthetic,prior_draw,
random,50255,2.923827827965378,3.6381505065623374,10,7,44,0,0.1769874351347181,synthetic,prior_draw,
lawnmower,50255,2.141319386658397,2.878049309290512,7,7,57,0,0.18545592346277842,synthetic,prior_draw,
greedy_information,50255,4.916710192487914,5.610484804814357,10,10,54,0,0.188474459792421,synthetic,prior_draw,
random,50256,2.6888902764320015,3.43086405211157,10,8,42,0,0.12427987525708166,synthetic,prior_draw,
lawnmower,50256,2.1870357575442876,2.951788322408052,7,7,57,0,0.15282670738617377,synthetic,prior_draw,
greedy_information,50256,4.764466914717804,5.483245900993783,10,10,54,0,0.17942274995219845,synthetic,prior_draw,
random,50257,2.0391024794137405,2.8082175275184653,9,8,45,0,0.16100821036323626,synthetic,prior_draw,
lawnmower,50257,2.9154650546189416,3.6943485226864867,8,8,56,0,0.1664214573086892,synthetic,prior_draw,
greedy_information,50257,4.627036222165271,5.3709107628935495,10,10,54,0,0.14343111923662774,synthetic,prior_draw,
random,50258,1.6162490197222197,2.2493680868868937,9,6,42,0,0.21479633014617333,synthetic,prior_draw,
lawnmower,50258,3.2658229032419537,3.8898310745180567,9,9,55,0,0.17820735277395786,synthetic,prior_draw,
greedy_information,50258,4.9575547462055,5.572358947326093,10,10,54,0,0.0834090158695646,synthetic,prior_draw,
random,50259,2.6031213921872007,3.2605428501277025,10,5,40,0,0.17901113304725425,synthetic,prior_draw,
lawnmower,50259,2.5371827295993974,3.202383730707784,7,7,57,0,0.17588491824345565,synthetic,prior_draw,
greedy_information,50259,4.918584024423109,5.5537019210334,10,10,54,0,0.16154394326572188,synthetic,prior_draw,
random,50260,1.6253459307127662,2.28949933873899,10,6,46,0,0.3233878503762224,synthetic,prior_draw,
lawnmower,50260,2.5959815047120647,3.255315581878402,7,7,57,0,0.20289240147493356,synthetic,prior_draw,
greedy_information,50260,4.757478743998388,5.383891536436981,10,10,54,0,0.201851919018805,synthetic,prior_draw,
random,50261,0.4298742707015857,1.2630341082929148,6,5,43,0,0.3147172675422194,synthetic,prior_draw,
lawnmower,50261,3.282062835146806,4.082017548900995,9,9,55,0,0.15165783926844723,synthetic,prior_draw,
greedy_information,50261,4.718846948937516,5.495020142817212,10,10,54,0,0.18093790413545874,synthetic,prior_draw,
random,50262,2.220514990543138,2.8670481616231203,10,7,41,0,0.21893473635298577,synthetic,prior_draw,
lawnmower,50262,2.8119122345741365,3.4777979688972103,7,7,57,0,0.2088692122317655,synthetic,prior_draw,
greedy_information,50262,4.637954689839655,5.288747070162594,10,10,54,0,0.14954583668457036,synthetic,prior_draw,
random,50263,2.4295951248012657,3.0693725871606485,10,7,45,0,0.4464458923109289,synthetic,prior_draw,
lawnmower,50263,2.1142614772669575,2.772957127834287,5,5,59,0,0.18616610965863278,synthetic,prior_draw,
greedy_information,50263,4.696554940201076,5.3177613149132705,10,10,54,0,0.19691693994713558,synthetic,prior_draw,
random,50264,1.687839151822285,2.3883200975839927,10,6,44,0,0.3252298603370223,synthetic,prior_draw,
lawnmower,50264,3.114562767820265,3.7769694703101284,9,9,55,0,0.19440113117757005,synthetic,prior_draw,
greedy_information,50264,4.371900256337554,5.026862626450828,10,10,54,0,0.21443115285647218,synthetic,prior_draw,
random,50265,1.936402804316077,2.6805110343977367,10,8,40,0,0.37043630147540807,synthetic,prior_draw,
lawnmower,50265,2.6843758988698094,3.446127550018279,8,8,56,0,0.12032926498504676,synthetic,prior_draw,
greedy_information,50265,4.594141302428289,5.3187031124276825,10,10,54,0,0.11876495021634911,synthetic,prior_draw,
random,50266,3.0922204623522447,3.8048445548561114,10,5,42,0,0.2193351601593677,synthetic,prior_draw,
lawnmower,50266,2.830348073734025,3.5612381922229193,8,8,56,0,0.19358329133346072,synthetic,prior_draw,
greedy_information,50266,4.427868035386739,5.112807110826534,10,10,54,0,0.16109649741131188,synthetic,prior_draw,
random,50267,1.6792888729408055,2.3136837373705306,10,8,40,0,0.2993150720557919,synthetic,prior_draw,
lawnmower,50267,3.4286480590825805,4.074785612223521,9,9,55,0,0.3047096701963352,synthetic,prior_draw,
greedy_information,50267,4.9105065367351735,5.552605444549921,10,10,54,0,0.22486202035064673,synthetic,prior_draw,
random,50268,2.3052314820919637,2.9450731883987196,10,7,42,0,0.2884766126083797,synthetic,prior_draw,
lawnmower,50268,2.697979656338397,3.3449247683188137,7,7,57,0,0.20411981689383854,synthetic,prior_draw,
greedy_information,50268,4.948717292322815,5.589840144447854,10,10,54,0,0.17329263950452203,synthetic,prior_draw,
random,50269,2.537020382129537,3.236159188859634,10,5,38,0,0.21645858526176504,synthetic,prior_draw,
lawnmower,50269,2.4155086256288425,3.1287988653722434,7,7,57,0,0.3497879988358229,synthetic,prior_draw,
greedy_information,50269,4.967060770227575,5.631361097105529,10,10,54,0,0.22101014132903551,synthetic,prior_draw,
random,50270,2.696838790458852,3.451198227321372,10,8,43,0,0.1646551942851748,synthetic,prior_draw,
lawnmower,50270,3.1101342998628434,3.8617446505663886,8,8,56,0,0.14685697598355418,synthetic,prior_draw,
greedy_information,50270,4.450739257390953,5.173720054305184,10,10,54,0,0.18286908207181238,synthetic,prior_draw,
random,50271,2.362364160269272,3.0784242451796056,10,6,42,0,0.2151392142899355,synthetic,prior_draw,
lawnmower,50271,2.2929017200920896,3.0010266749456083,7,7,57,0,0.2795141227520061,synthetic,prior_draw,
greedy_information,50271,5.091518452257161,5.765814017884512,10,10,54,0,0.114020253133015,synthetic,prior_draw,
random,50272,1.8218789035799394,2.5743447811581626,9,6,44,0,0.3615803154002986,synthetic,prior_draw,
lawnmower,50272,2.8091538802061606,3.533640579256437,8,8,56,0,0.3268370511416814,synthetic,prior_draw,
greedy_information,50272,4.890516274088835,5.596301477046958,10,10,54,0,0.15009982804798627,synthetic,prior_draw,
random,50273,1.762630465884009,2.4625530706854644,6,5,48,0,0.17687101733376973,synthetic,prior_draw,
lawnmower,50273,2.8134977798340506,3.4598722416039633,8,8,56,0,0.18638505356528529,synthetic,prior_draw,
greedy_information,50273,4.725177901147431,5.354113203086476,10,10,54,0,0.10245953988101772,synthetic,prior_draw,
random,50274,1.8528555838738925,2.589501893302293,10,8,43,0,0.35549809425435375,synthetic,prior_draw,
lawnmower,50274,2.2376606892786066,2.9986470762464745,7,7,57,0,0.12538762598038342,synthetic,prior_draw,
greedy_information,50274,4.316762044065224,5.029191100368943,10,10,54,0,0.14796652428003354,synthetic,prior_draw,
random,50275,1.7240847495326308,2.480711413924048,8,7,44,0,0.32267255348624485,synthetic,prior_draw,
lawnmower,50275,2.921434621220228,3.6989550758714063,8,8,56,0,0.1316378971684199,synthetic,prior_draw,
greedy_information,50275,4.824720762441927,5.564691820148047,10,10,54,0,0.1557395521295841,synthetic,prior_draw,
random,50276,1.8660684724092773,2.74299552931557,8,5,48,0,0.24258126825386872,synthetic,prior_draw,
lawnmower,50276,2.9785248176434385,3.820141939137427,8,8,56,0,0.138429026395109,synthetic,prior_draw,
greedy_information,50276,4.87624524635268,5.681006476260099,10,10,54,0,0.22204653973232075,synthetic,prior_draw,
random,50277,2.441169782237727,3.09027468522442,10,7,43,0,0.20619704975513742,synthetic,prior_draw,
lawnmower,50277,2.7480430911590727,3.384408631684841,8,8,56,0,0.3071639528530685,synthetic,prior_draw,
greedy_information,50277,5.072196074922608,5.6899038331545,10,10,54,0,0.13071714955011476,synthetic,prior_draw,
random,50278,1.5746869276487083,2.337557467347502,4,4,47,0,0.19756656336332587,synthetic,prior_draw,
lawnmower,50278,2.940250415721989,3.690791135878859,8,8,56,0,0.1918983111026269,synthetic,prior_draw,
greedy_information,50278,4.350102743741722,5.070663723877563,10,10,54,0,0.16317828542796112,synthetic,prior_draw,
random,50279,2.2953133070156087,3.025522256633852,10,5,40,0,0.21813105270640532,synthetic,prior_draw,
lawnmower,50279,2.8284025857701973,3.563444131141252,8,8,56,0,0.24843577239118872,synthetic,prior_draw,
greedy_information,50279,4.54391731158011,5.236640717993538,10,10,54,0,0.22628087448686457,synthetic,prior_draw,
random,50280,1.8014653157962368,2.586449457729282,10,6,42,0,0.3003584040915426,synthetic,prior_draw,
lawnmower,50280,2.880748181319092,3.671913778448536,8,8,56,0,0.27385119310760714,synthetic,prior_draw,
greedy_information,50280,4.525148248148698,5.278826201971973,10,10,54,0,0.22733838695315464,synthetic,prior_draw,
random,50281,1.8290854850297344,2.589939794442058,10,6,45,0,0.376997839560788,synthetic,prior_draw,
lawnmower,50281,2.048223613299011,2.7899142029790513,6,6,58,0,0.3430295525335238,synthetic,prior_draw,
greedy_information,50281,4.752790934538252,5.451973590721286,10,10,54,0,0.13632062862562336,synthetic,prior_draw,
random,50282,2.3835001834229343,3.0792139842233706,10,7,37,0,0.17586466837215967,synthetic,prior_draw,
lawnmower,50282,3.2095676421148944,3.919000002642736,9,9,55,0,0.1302155803348137,synthetic,prior_draw,
greedy_information,50282,4.461882855789413,5.155140674113463,10,10,54,0,0.12709696619899924,synthetic,prior_draw,
random,50283,2.5465542781799235,3.2606425089562654,8,6,45,0,0.28278318663478536,synthetic,prior_draw,
lawnmower,50283,2.436591074713017,3.1664115552622287,7,7,57,0,0.23410420527048087,synthetic,prior_draw,
greedy_information,50283,4.271399897764673,4.964461836175131,10,10,54,0,0.15463957367561276,synthetic,prior_draw,
random,50284,1.7588560680577054,2.523711897994597,10,7,44,0,0.21211247379664128,synthetic,prior_draw,
lawnmower,50284,1.9428175001273635,2.73496561722213,5,5,59,0,0.23750967724305694,synthetic,prior_draw,
greedy_information,50284,4.901715945956481,5.646880074434055,10,10,54,0,0.16853008418021034,synthetic,prior_draw,
random,50285,1.7306924015766216,2.354778558958304,10,8,43,0,0.19882683746678775,synthetic,prior_draw,
lawnmower,50285,2.242879815399421,2.8885498866451926,6,6,58,0,0.2202312346461456,synthetic,prior_draw,
greedy_information,50285,4.8368517328029,5.4550447796279125,10,10,54,0,0.13771468043429277,synthetic,prior_draw,
random,50286,2.3294212435807835,2.9976224220329746,10,8,42,0,0.2102791876714396,synthetic,prior_draw,
lawnmower,50286,3.6227769934872445,4.2732237630610825,10,10,54,0,0.15452512945028565,synthetic,prior_draw,
greedy_information,50286,5.125303038497731,5.74688970379213,10,10,54,0,0.12065590502447926,synthetic,prior_draw,
random,50287,2.713509801353532,3.4885694691864884,10,7,46,0,0.2512383309128273,synthetic,prior_draw,
lawnmower,50287,2.556979169575925,3.357822145205659,7,7,57,0,0.19197788232639212,synthetic,prior_draw,
greedy_information,50287,5.138818134808403,5.872489074895314,10,10,54,0,0.1514085335252552,synthetic,prior_draw,
random,50288,1.4884223877352663,2.2970839449585556,10,7,47,0,0.24650073235057052,synthetic,prior_draw,
lawnmower,50288,2.2251701078286823,3.0236301058455988,7,7,57,0,0.1871200585214409,synthetic,prior_draw,
greedy_information,50288,4.729345655709334,5.4945368907760646,10,10,54,0,0.1518607343490147,synthetic,prior_draw,
random,50289,1.6863627702605797,2.2888365600075153,10,7,41,0,0.2626399267388571,synthetic,prior_draw,
lawnmower,50289,2.727363600512886,3.362904473791843,7,7,57,0,0.26702666558682975,synthetic,prior_draw,
greedy_information,50289,4.790403230955728,5.421089853470953,10,10,54,0,0.14985042790706612,synthetic,prior_draw,
random,50290,1.7781614561669064,2.5249576578966533,10,7,43,0,0.16020139674054396,synthetic,prior_draw,
lawnmower,50290,2.3482724616378046,3.0863599093572587,7,7,57,0,0.132789924670557,synthetic,prior_draw,
greedy_information,50290,4.501825852792943,5.197193548418599,10,10,54,0,0.18039113030686843,synthetic,prior_draw,
random,50291,2.257968139837929,2.984970245631219,9,6,38,0,0.3603035103947514,synthetic,prior_draw,
lawnmower,50291,2.915699413767081,3.6588777232063783,8,8,56,0,0.15035560939889028,synthetic,prior_draw,
greedy_information,50291,4.49052624111458,5.20613008392716,10,10,54,0,0.1274235562176414,synthetic,prior_draw,
random,50292,1.8632580803181256,2.543983991620716,10,8,50,0,0.17163067942596452,synthetic,prior_draw,
lawnmower,50292,2.9159882904017573,3.6023709185857653,8,8,56,0,0.16280705104928178,synthetic,prior_draw,
greedy_information,50292,5.023869618297262,5.68849992819222,10,10,54,0,0.10263015344981792,synthetic,prior_draw,
random,50293,1.6145725630344936,2.3115356020598288,6,5,50,0,0.18470519051578335,synthetic,prior_draw,
lawnmower,50293,2.833283714435375,3.4825195888623592,8,8,56,0,0.142859910761906,synthetic,prior_draw,
greedy_information,50293,4.900515248235589,5.5266192084842185,10,10,54,0,0.15001546727828927,synthetic,prior_draw,
random,50294,2.0639159058302026,2.8235194259698124,10,7,45,0,0.39294546787351775,synthetic,prior_draw,
lawnmower,50294,2.8988572825444057,3.6369182709194168,8,8,56,0,0.1907226843443628,synthetic,prior_draw,
greedy_information,50294,4.693985200713229,5.3994155485860755,10,10,54,0,0.14927282860784127,synthetic,prior_draw,
random,50295,1.8079010733614727,2.5154609691405705,10,7,44,0,0.40181679922690644,synthetic,prior_draw,
lawnmower,50295,2.4119942699797696,3.1408933836204884,7,7,57,0,0.29334240828337116,synthetic,prior_draw,
greedy_information,50295,4.610653392853995,5.319647415039929,10,10,54,0,0.17261891569008853,synthetic,prior_draw,
random,50296,1.6923398434218804,2.334525537593595,10,7,48,0,0.20417743751110204,synthetic,prior_draw,
lawnmower,50296,3.019481713989099,3.649611579285455,8,8,56,0,0.17585172857728532,synthetic,prior_draw,
greedy_information,50296,4.852464242204362,5.476874437799276,10,10,54,0,0.1298455317951844,synthetic,prior_draw,
random,50297,2.2050734996593753,2.9905169893078987,10,6,47,0,0.42639746534445355,synthetic,prior_draw,
lawnmower,50297,3.0295041803548157,3.793532521277167,8,8,56,0,0.17618532603168982,synthetic,prior_draw,
greedy_information,50297,4.822143589486531,5.54832245734537,10,10,54,0,0.18248061832635581,synthetic,prior_draw,
random,50298,2.0268348243074827,2.773599446506544,10,6,43,0,0.17091597511976087,synthetic,prior_draw,
lawnmower,50298,2.243194764639501,2.986920972822005,7,7,57,0,0.21231073342645043,synthetic,prior_draw,
greedy_information,50298,4.336249440319399,5.048596392917943,10,10,54,0,0.20199700487993302,synthetic,prior_draw,
random,50299,1.0924159792064863,1.8887764856822327,7,4,44,0,0.36180730151087814,synthetic,prior_draw,
lawnmower,50299,2.49976853908696,3.2908939628179312,7,7,57,0,0.1434461134036231,synthetic,prior_draw,
greedy_information,50299,4.731083359822671,5.47578267048151,10,10,54,0,0.20997660005563656,synthetic,prior_draw,
random,50300,2.1825723128046177,2.9747361481133097,10,8,42,0,0.21533246396077577,synthetic,prior_draw,
lawnmower,50300,2.2673500115175305,3.0770924046072956,7,7,57,0,0.20231973696536942,synthetic,prior_draw,
greedy_information,50300,4.781037837232776,5.5592619028853,10,10,54,0,0.16615233252495287,synthetic,prior_draw,
random,50301,1.8188506958704242,2.5629468606375605,8,7,48,0,0.27342294320634813,synthetic,prior_draw,
lawnmower,50301,2.276542588776496,2.993045875371526,6,6,58,0,0.11627034334810221,synthetic,prior_draw,
greedy_information,50301,4.9252221333577735,5.613568660039494,10,10,54,0,0.17733172001331138,synthetic,prior_draw,
random,50302,2.020596660529699,2.767758227095834,10,6,42,0,0.21127416801931675,synthetic,prior_draw,
lawnmower,50302,2.7538027871269293,3.5121806975185823,8,8,56,0,0.11675029607011214,synthetic,prior_draw,
greedy_information,50302,4.373597694597206,5.114143572718533,10,10,54,0,0.2051558274099415,synthetic,prior_draw,
random,50303,1.4463071655174786,2.1485741328050905,7,4,46,0,0.22004583274875447,synthetic,prior_draw,
lawnmower,50303,2.8539929092594556,3.526967478393552,8,8,56,0,0.2699697937266078,synthetic,prior_draw,
greedy_information,50303,4.969795139495675,5.620668900262542,10,10,54,0,0.16238751306770316,synthetic,prior_draw,
random,50304,2.2218795887979756,2.8410901477351413,10,7,38,0,0.24165405099952006,synthetic,prior_draw,
lawnmower,50304,1.4789180331447078,2.121510448185758,4,4,60,0,0.22100213842357175,synthetic,prior_draw,
greedy_information,50304,5.306383193707536,5.910822634657894,10,10,54,0,0.1281837618230162,synthetic,prior_draw,
random,50305,2.0019720604747886,2.7645195569763956,9,7,51,0,0.09139755262134967,synthetic,prior_draw,
lawnmower,50305,3.289130303825438,3.9865322226022912,9,9,55,0,0.0771783932636985,synthetic,prior_draw,
greedy_information,50305,4.980088262503906,5.668904371564805,10,10,54,0,0.13625719729753932,synthetic,prior_draw,
random,50306,2.720812107293803,3.4394346164815466,10,8,43,0,0.1470845286371055,synthetic,prior_draw,
lawnmower,50306,3.0090806610956755,3.7281171956927737,8,8,56,0,0.19759296788837366,synthetic,prior_draw,
greedy_information,50306,4.4945672368520375,5.179383253522821,10,10,54,0,0.19825570996434247,synthetic,prior_draw,
random,50307,1.184581538067056,1.8597823292932316,10,6,49,0,0.2266965456935155,synthetic,prior_draw,
lawnmower,50307,3.223533910940301,3.853156428064013,9,9,55,0,0.20248969996595975,synthetic,prior_draw,
greedy_information,50307,4.787959418918478,5.403180072599252,10,10,54,0,0.1515041435078778,synthetic,prior_draw,
random,50308,1.7371767642180902,2.354785458453294,9,5,37,0,0.1112010932044489,synthetic,prior_draw,
lawnmower,50308,3.2269177910718185,3.8219249830074022,9,9,55,0,0.2560415433302294,synthetic,prior_draw,
greedy_information,50308,4.87838409933938,5.4608568129831605,10,10,54,0,0.18911456415257155,synthetic,prior_draw,
random,50309,2.1062940578574993,2.8228272368674636,8,7,44,0,0.3041703426964659,synthetic,prior_draw,
lawnmower,50309,2.6340949462945518,3.3698091827839156,7,7,57,0,0.2557086371608313,synthetic,prior_draw,
greedy_information,50309,4.826430286498759,5.508778831599832,10,10,54,0,0.18975900915846902,synthetic,prior_draw,
random,50310,1.8055064289360938,2.6022628229460354,7,6,43,0,0.13035342225348986,synthetic,prior_draw,
lawnmower,50310,2.7084260848300947,3.4858700171336774,8,8,56,0,0.14012200475240544,synthetic,prior_draw,
greedy_information,50310,4.515223019611063,5.24628939459514,10,10,54,0,0.158797106488877,synthetic,prior_draw,
random,50311,1.7181652268390888,2.4052048766971277,10,7,38,0,0.23900005076937744,synthetic,prior_draw,
lawnmower,50311,2.0817282782910245,2.826316565990771,5,5,59,0,0.3030502889944101,synthetic,prior_draw,
greedy_information,50311,5.014120841328536,5.718949153511454,10,10,54,0,0.1335662123863024,synthetic,prior_draw,
random,50312,2.072513484020001,2.7752707237931373,8,7,44,0,0.27479224678844566,synthetic,prior_draw,
lawnmower,50312,2.7305827167949053,3.4178417512372508,8,8,56,0,0.2675882277353259,synthetic,prior_draw,
greedy_information,50312,4.647546059823181,5.295646980108602,10,10,54,0,0.16962267608797504,synthetic,prior_draw,
random,50313,2.2280245710672637,2.915861232209474,10,6,46,0,0.22655437848822954,synthetic,prior_draw,
lawnmower,50313,3.1036885938910475,3.7894359335151013,8,8,56,0,0.14968552817140793,synthetic,prior_draw,
greedy_information,50313,4.775059583292551,5.434876276575724,10,10,54,0,0.1615367249269438,synthetic,prior_draw,
random,50314,2.0688332888740053,2.8645642788187002,10,4,44,0,0.29287404280960794,synthetic,prior_draw,
lawnmower,50314,2.5320744546009664,3.299679116707997,8,8,56,0,0.10704766301783765,synthetic,prior_draw,
greedy_information,50314,4.4461901937494455,5.182546736120702,10,10,54,0,0.1455903131668131,synthetic,prior_draw,
random,50315,1.5251823579630275,2.17115387234805,10,4,39,0,0.34029204726853945,synthetic,prior_draw,
lawnmower,50315,3.153825663899576,3.7807313561876406,9,9,55,0,0.2149602036394232,synthetic,prior_draw,
greedy_information,50315,4.687030788221635,5.302651971926113,10,10,54,0,0.14391959212561084,synthetic,prior_draw,
random,50316,2.039202097847685,2.775305566968576,10,4,39,0,0.16609046913804534,synthetic,prior_draw,
lawnmower,50316,2.6209306833397434,3.3765747936971198,7,7,57,0,0.2194461038284945,synthetic,prior_draw,
greedy_information,50316,4.305436156131818,5.036890431552515,10,10,54,0,0.1854558760640485,synthetic,prior_draw,
random,50317,1.2330782792273087,1.9541888034039119,6,4,38,0,0.3738861766031123,synthetic,prior_draw,
lawnmower,50317,2.9246570120240802,3.6678601856852464,8,8,56,0,0.25477017890191883,synthetic,prior_draw,
greedy_information,50317,4.360833636718797,5.070789132521835,10,10,54,0,0.2811893334231658,synthetic,prior_draw,
random,50318,2.280393781749342,2.8941019045698124,10,7,43,0,0.19932651811747756,synthetic,prior_draw,
lawnmower,50318,2.454609966458853,3.103690317397434,7,7,57,0,0.17088854578020424,synthetic,prior_draw,
greedy_information,50318,4.799194504856068,5.4132041477767965,10,10,54,0,0.0857697832142369,synthetic,prior_draw,
random,50319,2.1282906527577308,2.940474619656275,10,8,45,0,0.13644090393455993,synthetic,prior_draw,
lawnmower,50319,2.6221013883768527,3.4375469247474997,8,8,56,0,0.12449781153983026,synthetic,prior_draw,
greedy_information,50319,4.652854193704988,5.421536927260101,10,10,54,0,0.1308920911565796,synthetic,prior_draw,
random,50320,2.2261391036899885,2.938607574556761,9,7,46,0,0.38140946140667026,synthetic,prior_draw,
lawnmower,50320,3.0025731163851415,3.689713476772063,8,8,56,0,0.18679262679223566,synthetic,prior_draw,
greedy_information,50320,4.861388143915633,5.508696251784197,10,10,54,0,0.09053896450220188,synthetic,prior_draw,
random,50321,2.010290930780271,2.70253616253563,10,6,43,0,0.20058253506127488,synthetic,prior_draw,
lawnmower,50321,2.9411838635125735,3.6274987051177026,9,9,55,0,0.12689807206969267,synthetic,prior_draw,
greedy_information,50321,4.713749998897737,5.3765855470441,10,10,54,0,0.08405648942642942,synthetic,prior_draw,
random,50322,1.581093662623825,2.1877802573123266,5,5,45,0,0.15016437648715736,synthetic,prior_draw,
lawnmower,50322,3.3120305610456535,3.9113942583509522,9,9,55,0,0.16582759871099947,synthetic,prior_draw,
greedy_information,50322,4.996910752914347,5.592379589841135,10,10,54,0,0.14651145229397655,synthetic,prior_draw,
random,50323,2.276969482739451,3.0086113661095903,9,7,43,0,0.23602559524741112,synthetic,prior_draw,
lawnmower,50323,2.1769331968612518,2.885375074868613,6,6,58,0,0.25996267816407814,synthetic,prior_draw,
greedy_information,50323,4.89448760630631,5.5684022477081605,10,10,54,0,0.31803541076766423,synthetic,prior_draw,
random,50324,2.204105181078722,2.9279289322547415,10,7,46,0,0.21320536882234584,synthetic,prior_draw,
lawnmower,50324,2.925186241094542,3.6494861315429294,9,9,55,0,0.15871051325885377,synthetic,prior_draw,
greedy_information,50324,4.620452483224332,5.316334702284133,10,10,54,0,0.15137492453919454,synthetic,prior_draw,
random,50325,1.2264132899560292,1.8743180335036915,10,7,38,0,0.2054274871626018,synthetic,prior_draw,
lawnmower,50325,2.405842213173081,3.0794134094845234,7,7,57,0,0.1449568275576086,synthetic,prior_draw,
greedy_information,50325,5.268419494524907,5.908596388364398,10,10,54,0,0.12757106288336117,synthetic,prior_draw,
random,50326,1.7151292466633512,2.3833952790569013,10,6,41,0,0.2674167214864398,synthetic,prior_draw,
lawnmower,50326,2.8553719200952457,3.535177017746159,8,8,56,0,0.2345566748423833,synthetic,prior_draw,
greedy_information,50326,4.794695607455346,5.444645082572977,10,10,54,0,0.218926731482578,synthetic,prior_draw,
random,50327,1.9686478359079227,2.7679417483629796,10,7,45,0,0.1956662304678479,synthetic,prior_draw,
lawnmower,50327,3.1097254249650916,3.891690843162179,8,8,56,0,0.15284532746146487,synthetic,prior_draw,
greedy_information,50327,4.458454694832731,5.1884055452332225,10,10,54,0,0.12189038151835511,synthetic,prior_draw,
random,50328,2.039875164374298,2.834952641085433,10,5,44,0,0.17133340103538322,synthetic,prior_draw,
lawnmower,50328,2.362288552253654,3.134216945358813,7,7,57,0,0.20744179781005503,synthetic,prior_draw,
greedy_information,50328,4.779629506309216,5.511908630338284,10,10,54,0,0.17308188431511087,synthetic,prior_draw,
random,50329,2.099261865629837,2.882529790897318,10,5,49,0,0.2442777365409088,synthetic,prior_draw,
lawnmower,50329,2.693216443323086,3.453281455691494,7,7,57,0,0.22867760876926857,synthetic,prior_draw,
greedy_information,50329,5.003670173473713,5.718863215540272,10,10,54,0,0.20618196962844104,synthetic,prior_draw,
random,50330,1.8085941312603973,2.5746693656126487,10,6,40,0,0.2417890656438241,synthetic,prior_draw,
lawnmower,50330,3.0425939269778457,3.822172567064844,9,9,55,0,0.24547151769792624,synthetic,prior_draw,
greedy_information,50330,4.765804427112249,5.50444175973834,10,10,54,0,0.19547245401107655,synthetic,prior_draw,
random,50331,1.4169660336471486,2.1972929315706136,10,6,46,0,0.1753026367887263,synthetic,prior_draw,
lawnmower,50331,2.5226422036160505,3.300417491724298,7,7,57,0,0.15696410724411072,synthetic,prior_draw,
greedy_information,50331,4.391625520403705,5.126114095448755,10,10,54,0,0.08984841673309753,synthetic,prior_draw,
random,50332,1.0592080387193203,1.692284373098964,8,5,40,0,0.25335995447399823,synthetic,prior_draw,
lawnmower,50332,3.1766708088398423,3.8135719175351603,9,9,55,0,0.19287946418078272,synthetic,prior_draw,
greedy_information,50332,4.420997336165122,5.025042943296788,10,10,54,0,0.12424274807889471,synthetic,prior_draw,
random,50333,2.217516950415478,2.907880114835221,10,7,41,0,0.34415207198720593,synthetic,prior_draw,
lawnmower,50333,2.5073717334831507,3.182842386232176,8,8,56,0,0.2813345686692462,synthetic,prior_draw,
greedy_information,50333,4.921547248324071,5.575760279049166,10,10,54,0,0.1356703308814398,synthetic,prior_draw,
random,50334,1.8993312759178231,2.6946823031134537,10,8,47,0,0.2817912616115402,synthetic,prior_draw,
lawnmower,50334,2.1879103476966164,2.986339334055384,7,7,57,0,0.2598116587438392,synthetic,prior_draw,
greedy_information,50334,4.817917096197195,5.584889113837977,10,10,54,0,0.1633177916796232,synthetic,prior_draw,
random,50335,1.6758978901633723,2.3451918098508777,10,5,43,0,0.2896593449877906,synthetic,prior_draw,
lawnmower,50335,2.485379646572005,3.161862311819987,7,7,57,0,0.24688657691262658,synthetic,prior_draw,
greedy_information,50335,4.736865760230273,5.412502073216248,10,10,54,0,0.17595580524733542,synthetic,prior_draw,
random,50336,1.6345024184270738,2.3617060440003335,7,5,45,0,0.2069928489636356,synthetic,prior_draw,
lawnmower,50336,2.6298278977907783,3.3534589180494554,7,7,57,0,0.12984878871002978,synthetic,prior_draw,
greedy_information,50336,4.402550430581891,5.081952656333267,10,10,54,0,0.08643844354899029,synthetic,prior_draw,
random,50337,2.359654826081924,3.1124687922410987,10,8,43,0,0.2679059718593554,synthetic,prior_draw,
lawnmower,50337,2.102795959230726,2.8503434783988015,7,7,57,0,0.26904182520785563,synthetic,prior_draw,
greedy_information,50337,4.8117857259573915,5.526514936826985,10,10,54,0,0.19152806601932884,synthetic,prior_draw,
random,50338,1.8167549841515165,2.633329036874324,8,8,48,0,0.24863616505847716,synthetic,prior_draw,
lawnmower,50338,2.126528508879001,2.9359427330892176,7,7,57,0,0.33854471353013993,synthetic,prior_draw,
greedy_information,50338,4.907390620254465,5.663266529109057,10,10,54,0,0.28489954688366603,synthetic,prior_draw,
random,50339,1.1408590318627634,1.8962078305743426,5,4,48,0,0.27142168021019425,synthetic,prior_draw,
lawnmower,50339,2.849553752497011,3.5902750023998364,8,8,56,0,0.11194542014881471,synthetic,prior_draw,
greedy_information,50339,4.683611829886253,5.403161601384474,10,10,54,0,0.15213724867086106,synthetic,prior_draw,
random,50340,2.390618969838908,3.1660348317579676,9,7,44,0,0.3092413332207119,synthetic,prior_draw,
lawnmower,50340,2.1834621407621477,2.9474183253233663,7,7,57,0,0.3209373843940705,synthetic,prior_draw,
greedy_information,50340,4.728208821840398,5.450674897773637,10,10,54,0,0.11769620265936942,synthetic,prior_draw,
random,50341,1.057814944212664,1.6828919744635935,5,5,46,0,0.19407846307264737,synthetic,prior_draw,
lawnmower,50341,2.329761970378657,2.9452918650954167,7,7,57,0,0.1500227984911149,synthetic,prior_draw,
greedy_information,50341,5.125477554702444,5.708347665513066,10,10,54,0,0.07442573833514782,synthetic,prior_draw,
random,50342,1.7185071074327927,2.460005469852262,10,6,37,0,0.16019799872177912,synthetic,prior_draw,
lawnmower,50342,2.920802951383038,3.6637924714136405,9,9,55,0,0.21286665485989625,synthetic,prior_draw,
greedy_information,50342,4.923858940448368,5.634670590594949,10,10,54,0,0.2017487670124982,synthetic,prior_draw,
random,50343,1.6870944317914447,2.3626014352691747,8,6,50,0,0.24690791751198646,synthetic,prior_draw,
lawnmower,50343,2.42204970894949,3.0874519997264454,6,6,58,0,0.23372869526753937,synthetic,prior_draw,
greedy_information,50343,4.995885863840725,5.625485943931347,10,10,54,0,0.11449055779695311,synthetic,prior_draw,
random,50344,1.862547994555104,2.656685252420253,10,6,43,0,0.27106742086263413,synthetic,prior_draw,
lawnmower,50344,2.439483500112915,3.2339315668434425,7,7,57,0,0.2631778942996149,synthetic,prior_draw,
greedy_information,50344,4.714710672507889,5.4507815146267795,10,10,54,0,0.16305179294850766,synthetic,prior_draw,
random,50345,1.3831754394728963,2.151084416562331,10,5,40,0,0.2832159445210104,synthetic,prior_draw,
lawnmower,50345,2.890373042243168,3.645349324429802,8,8,56,0,0.2623522488485776,synthetic,prior_draw,
greedy_information,50345,4.453213216949987,5.180635401563995,10,10,54,0,0.2594020160733669,synthetic,prior_draw,
random,50346,1.6711533601201822,2.397081814404291,10,4,41,0,0.17185264176589002,synthetic,prior_draw,
lawnmower,50346,3.2544004925754804,3.979080482761134,9,9,55,0,0.15434051670710444,synthetic,prior_draw,
greedy_information,50346,4.434084104622266,5.1172644159472105,10,10,54,0,0.0876276999489441,synthetic,prior_draw,
random,50347,1.501331015029745,2.2156249358027083,7,6,40,0,0.23179175073667024,synthetic,prior_draw,
lawnmower,50347,2.8663394346476143,3.589844402459157,8,8,56,0,0.24155950754536337,synthetic,prior_draw,
greedy_information,50347,4.6935853091410005,5.3757365348746635,10,10,54,0,0.19672936756335918,synthetic,prior_draw,
random,50348,1.9237627488754678,2.7264960022211215,10,6,46,0,0.18914422775361134,synthetic,prior_draw,
lawnmower,50348,2.888984579312282,3.6468944138646675,9,9,55,0,0.15260589870316027,synthetic,prior_draw,
greedy_information,50348,4.723118054050854,5.4580731195748795,10,10,54,0,0.17052280913441956,synthetic,prior_draw,
random,50349,2.188252356932948,2.9061320486034683,9,8,40,0,0.19635814828503786,synthetic,prior_draw,
lawnmower,50349,2.2726365953616363,3.0377591192017035,6,6,58,0,0.11080171480919863,synthetic,prior_draw,
greedy_information,50349,4.6267765718311455,5.382298322550728,10,10,54,0,0.12985398675906426,synthetic,prior_draw,
random,50350,2.4982604716664896,3.157991385018332,10,8,45,0,0.2473853889691064,synthetic,prior_draw,
lawnmower,50350,3.22280351597515,3.8823168165286557,8,8,56,0,0.1950105316251385,synthetic,prior_draw,
greedy_information,50350,5.123753234438809,5.762257713302836,10,10,54,0,0.16056252742126284,synthetic,prior_draw,
random,50351,1.752279350959027,2.4444558274972916,10,8,38,0,0.11400228389138002,synthetic,prior_draw,
lawnmower,50351,2.0036053744428846,2.7349356906987587,6,6,58,0,0.1886372065747058,synthetic,prior_draw,
greedy_information,50351,4.598146033500216,5.283607684386325,10,10,54,0,0.13007103119568159,synthetic,prior_draw,
random,50352,2.166735577736045,2.8942902954561243,10,7,41,0,0.2364192194705407,synthetic,prior_draw,
lawnmower,50352,2.490326756591128,3.2652728007291043,7,7,57,0,0.2558303533334226,synthetic,prior_draw,
greedy_information,50352,4.556350346044974,5.269632109153176,10,10,54,0,0.13964410508129518,synthetic,prior_draw,
random,50353,1.9222829125123955,2.627969463471075,8,5,44,0,0.15813401574066446,synthetic,prior_draw,
lawnmower,50353,2.7903353600847476,3.5071480970152953,8,8,56,0,0.16201174217711464,synthetic,prior_draw,
greedy_information,50353,4.300593397864099,4.988627687912561,10,10,54,0,0.12295401342712915,synthetic,prior_draw,
random,50354,2.903326685474277,3.664504400250733,10,7,43,0,0.2218640908303217,synthetic,prior_draw,
lawnmower,50354,2.793831106275423,3.570682700801202,8,8,56,0,0.20404736009098173,synthetic,prior_draw,
greedy_information,50354,4.679257967261768,5.414402510618203,10,10,54,0,0.21081338073293063,synthetic,prior_draw,
random,50355,2.4622460473128327,3.2629998932770308,9,5,41,0,0.1694034937096639,synthetic,prior_draw,
lawnmower,50355,2.2012586167484183,2.9955174194102954,7,7,57,0,0.17712636721957734,synthetic,prior_draw,
greedy_information,50355,4.634291579694169,5.373352915402916,10,10,54,0,0.22337915701400812,synthetic,prior_draw,
random,50356,1.208744891567287,1.9746218664774493,10,4,44,0,0.340028836451991,synthetic,prior_draw,
lawnmower,50356,2.4706933506054685,3.2356592454688156,7,7,57,0,0.2551478670828885,synthetic,prior_draw,
greedy_information,50356,4.797603535128757,5.520942842518036,10,10,54,0,0.186642562952246,synthetic,prior_draw,
random,50357,1.7526301339255466,2.547144306454913,10,7,46,0,0.15338133612991603,synthetic,prior_draw,
lawnmower,50357,2.491069088038026,3.2861056425379553,7,7,57,0,0.1802995323494395,synthetic,prior_draw,
greedy_information,50357,4.902753998561471,5.646890079827358,10,10,54,0,0.1540694642634524,synthetic,prior_draw,
random,50358,2.078837978175176,2.8396713843275276,10,9,39,0,0.1651458724208819,synthetic,prior_draw,
lawnmower,50358,2.7144831236632925,3.496066048786459,8,8,56,0,0.17557665924553162,synthetic,prior_draw,
greedy_information,50358,4.436021719375845,5.193649151186653,10,10,54,0,0.1215664588850559,synthetic,prior_draw,
random,50359,1.8399963213436539,2.456825337220479,10,10,45,0,0.36011399267726985,synthetic,prior_draw,
lawnmower,50359,3.096461571370328,3.7197581172202443,8,8,56,0,0.1322871819625986,synthetic,prior_draw,
greedy_information,50359,4.882462136872739,5.483627543889913,10,10,54,0,0.1427499167533128,synthetic,prior_draw,
random,50360,1.5102796301641792,2.253962703263796,10,7,42,0,0.21683136544269896,synthetic,prior_draw,
lawnmower,50360,2.8187993052669578,3.541575283067524,8,8,56,0,0.1642431890373087,synthetic,prior_draw,
greedy_information,50360,4.980787385594926,5.676160828734076,10,10,54,0,0.15079629751740223,synthetic,prior_draw,
random,50361,1.9227551241749996,2.6053432539047803,10,6,46,0,0.23297958073851405,synthetic,prior_draw,
lawnmower,50361,2.249516379061175,2.9520625953453585,7,7,57,0,0.21515004887065917,synthetic,prior_draw,
greedy_information,50361,5.102022888221173,5.7740308340259485,10,10,54,0,0.18298672949144507,synthetic,prior_draw,
random,50362,1.822343820265774,2.560086604440445,9,7,40,0,0.2449142973211988,synthetic,prior_draw,
lawnmower,50362,2.922427997850652,3.6683891901971153,8,8,56,0,0.14306470716925734,synthetic,prior_draw,
greedy_information,50362,4.354068805082587,5.0757750325868205,10,10,54,0,0.15439613877121405,synthetic,prior_draw,
random,50363,1.648897119537155,2.4016203946403274,10,7,40,0,0.30838220950394457,synthetic,prior_draw,
lawnmower,50363,3.313802094279116,4.067117522675942,9,9,55,0,0.21013887753103877,synthetic,prior_draw,
greedy_information,50363,4.557172466526595,5.295654707792006,10,10,54,0,0.17287901090978428,synthetic,prior_draw,
random,50364,1.8033872540391367,2.3901108931142527,7,6,46,0,0.26230525454250053,synthetic,prior_draw,
lawnmower,50364,2.756170694298066,3.3528697936153047,8,8,56,0,0.245110638433026,synthetic,prior_draw,
greedy_information,50364,4.588553156711614,5.179805629152323,10,10,54,0,0.19274517297715293,synthetic,prior_draw,
random,50365,2.427302193800098,3.1453132311044145,10,7,41,0,0.17507994976882882,synthetic,prior_draw,
lawnmower,50365,3.322816822568489,4.031385151601375,9,9,55,0,0.17012075531015589,synthetic,prior_draw,
greedy_information,50365,4.626113425318259,5.31419819836162,10,10,54,0,0.14670022910309735,synthetic,prior_draw,
random,50366,2.1281218818340975,2.933859311372959,9,7,43,0,0.12927664292753271,synthetic,prior_draw,
lawnmower,50366,3.0328308991421653,3.8360922161791784,8,8,56,0,0.15721737354008947,synthetic,prior_draw,
greedy_information,50366,4.622744856353616,5.379777587119422,10,10,54,0,0.11528352455527525,synthetic,prior_draw,
random,50367,2.0016178962657376,2.7746985961559445,8,7,46,0,0.21219547276952783,synthetic,prior_draw,
lawnmower,50367,2.3805864573609097,3.138359593361734,7,7,57,0,0.17852980406176708,synthetic,prior_draw,
greedy_information,50367,4.822063353784362,5.546872166473333,10,10,54,0,0.14510656815272252,synthetic,prior_draw,
random,50368,0.9844611688433875,1.7584891390155644,5,5,49,0,0.2185821501870193,synthetic,prior_draw,
lawnmower,50368,3.114877240365486,3.8351783907481307,8,8,56,0,0.22818752503198902,synthetic,prior_draw,
greedy_information,50368,5.2521919138962,5.932273862752656,10,10,54,0,0.1516948181687644,synthetic,prior_draw,
random,50369,2.236283875747417,3.020041756330507,9,7,42,0,0.22307560345856337,synthetic,prior_draw,
lawnmower,50369,2.207533884506207,2.996318084109325,7,7,57,0,0.266741523439406,synthetic,prior_draw,
greedy_information,50369,4.701595329209122,5.446271042650697,10,10,54,0,0.2217708905338874,synthetic,prior_draw,
random,50370,1.6954574816194752,2.3426092843812114,9,7,38,0,0.19595672493016988,synthetic,prior_draw,
lawnmower,50370,3.9114115751157543,4.539004234561844,10,10,54,0,0.12504602339373463,synthetic,prior_draw,
greedy_information,50370,5.197071602696687,5.826304506557645,10,10,54,0,0.17596497508774225,synthetic,prior_draw,
random,50371,2.552832526486386,3.344441012619739,10,5,44,0,0.21914351081628047,synthetic,prior_draw,
lawnmower,50371,2.0230934579055813,2.8385271937368883,6,6,58,0,0.22808570897923283,synthetic,prior_draw,
greedy_information,50371,4.799250290460344,5.552413793102607,10,10,54,0,0.22415832429175359,synthetic,prior_draw,
random,50372,1.5576627416838846,2.315407792614106,10,4,43,0,0.2178128472964448,synthetic,prior_draw,
lawnmower,50372,2.9910970011636273,3.7421735015731787,8,8,56,0,0.1584308958511609,synthetic,prior_draw,
greedy_information,50372,4.771043313373545,5.50011448141008,10,10,54,0,0.20111785379394623,synthetic,prior_draw,
random,50373,2.46421438457155,3.092385254180749,10,7,38,0,0.22344101958699622,synthetic,prior_draw,
lawnmower,50373,3.245751783443004,3.8846319139017202,8,8,56,0,0.1977203670226993,synthetic,prior_draw,
greedy_information,50373,4.943069239647999,5.569037441745593,10,10,54,0,0.08571385996630586,synthetic,prior_draw,
random,50374,1.3744391720177762,2.0828290363542674,10,5,39,0,0.41956874432087116,synthetic,prior_draw,
lawnmower,50374,2.1042836651080985,2.8252780303432607,7,7,57,0,0.309411567382974,synthetic,prior_draw,
greedy_information,50374,4.920210343768752,5.605052463822976,10,10,54,0,0.12794691415660406,synthetic,prior_draw,
random,50375,1.426545620563649,2.2460016694912386,10,4,43,0,0.2415206592088784,synthetic,prior_draw,
lawnmower,50375,2.716921730383523,3.5002325541101453,8,8,56,0,0.1711026413524509,synthetic,prior_draw,
greedy_information,50375,4.863136378760755,5.60128125332018,10,10,54,0,0.13006871351972224,synthetic,prior_draw,
random,50376,2.266135876427568,3.075820200931175,10,7,46,0,0.2553748631368794,synthetic,prior_draw,
lawnmower,50376,1.9364597149645082,2.736745204213335,5,5,59,0,0.22764745740398185,synthetic,prior_draw,
greedy_information,50376,4.732232993439242,5.481723080482679,10,10,54,0,0.18379861425755137,synthetic,prior_draw,
random,50377,2.625329790284687,3.2725281296222044,10,8,46,0,0.15531799178358074,synthetic,prior_draw,
lawnmower,50377,3.171882998038855,3.8096174446238966,9,9,55,0,0.2079787281078279,synthetic,prior_draw,
greedy_information,50377,5.080212478437225,5.704911829537258,10,10,54,0,0.16616395884083043,synthetic,prior_draw,
random,50378,1.6159763183047589,2.3022474529266184,9,6,42,0,0.27694444833843823,synthetic,prior_draw,
lawnmower,50378,3.071406985227842,3.7821231486037417,8,8,56,0,0.2283626689292364,synthetic,prior_draw,
greedy_information,50378,5.170220156979864,5.838056407544317,10,10,54,0,0.167876977976812,synthetic,prior_draw,
random,50379,2.549760155823465,3.172187829799285,9,7,43,0,0.1718767418405543,synthetic,prior_draw,
lawnmower,50379,3.164929184137845,3.789913172366431,9,9,55,0,0.2933444779412857,synthetic,prior_draw,
greedy_information,50379,4.955698361694238,5.556343442026858,10,10,54,0,0.15001418811460845,synthetic,prior_draw,
random,50380,2.160029600848217,2.8463036432307627,8,8,45,0,0.1660306220963801,synthetic,prior_draw,
lawnmower,50380,2.389055716854972,3.035216299546915,7,7,57,0,0.17147143340674584,synthetic,prior_draw,
greedy_information,50380,4.969865795238879,5.589961532166351,10,10,54,0,0.16885203565830217,synthetic,prior_draw,
random,50381,1.3138163790772484,2.008802054288754,8,4,40,0,0.26354708507264774,synthetic,prior_draw,
lawnmower,50381,2.934135722550622,3.6107668462651317,9,9,55,0,0.27293167352221015,synthetic,prior_draw,
greedy_information,50381,4.865876052086292,5.522114623956207,10,10,54,0,0.18299017320701733,synthetic,prior_draw,
random,50382,1.1775808703377904,1.9133389371360543,10,5,43,0,0.27746627550042313,synthetic,prior_draw,
lawnmower,50382,3.0703407027930507,3.753602292970163,8,8,56,0,0.29881492476905247,synthetic,prior_draw,
greedy_information,50382,4.504076420862637,5.189368834485334,10,10,54,0,0.1662410694857588,synthetic,prior_draw,
random,50383,2.2401846402818753,3.001804766120909,7,6,44,0,0.20781215924166982,synthetic,prior_draw,
lawnmower,50383,2.811852649698207,3.55429636407575,8,8,56,0,0.22915082602596867,synthetic,prior_draw,
greedy_information,50383,4.7206239812160025,5.412575280620512,10,10,54,0,0.203708037496848,synthetic,prior_draw,
random,50384,1.7435011880853504,2.436099039241199,8,7,45,0,0.24057344965576535,synthetic,prior_draw,
lawnmower,50384,2.8449914097940403,3.4880965362456693,8,8,56,0,0.17799998843794548,synthetic,prior_draw,
greedy_information,50384,4.949704114854883,5.556915597038617,10,10,54,0,0.16387848976662195,synthetic,prior_draw,
random,50385,2.5691661474048932,3.2841668822464105,10,7,40,0,0.29051997985282296,synthetic,prior_draw,
lawnmower,50385,2.6906450239097133,3.390271460368862,7,7,57,0,0.29696536403405266,synthetic,prior_draw,
greedy_information,50385,4.5569561182061085,5.236256068119619,10,10,54,0,0.14611265583285307,synthetic,prior_draw,
random,50386,1.0441816497444076,1.7402100744897195,5,4,51,0,0.15245315514987975,synthetic,prior_draw,
lawnmower,50386,2.9449793729638576,3.588733948807469,8,8,56,0,0.0752330010871072,synthetic,prior_draw,
greedy_information,50386,4.621026284185854,5.2209651888511885,10,10,54,0,0.08515859224335974,synthetic,prior_draw,
random,50387,1.3533075088398747,2.0004207850467313,10,6,40,0,0.3366981918696278,synthetic,prior_draw,
lawnmower,50387,2.837490697675174,3.5244885033100593,8,8,56,0,0.18163158088558012,synthetic,prior_draw,
greedy_information,50387,4.696660906930349,5.359524181632848,10,10,54,0,0.11915663868433796,synthetic,prior_draw,
random,50388,0.6127352825190485,1.310808624693139,4,3,49,0,0.29919205292075923,synthetic,prior_draw,
lawnmower,50388,2.9417205044821766,3.5937531897461557,8,8,56,0,0.11656743752037985,synthetic,prior_draw,
greedy_information,50388,4.839164805342528,5.4695563820944315,10,10,54,0,0.11338349375221442,synthetic,prior_draw,
random,50389,2.077600551898928,2.8213527692430094,10,7,43,0,0.2682387824745247,synthetic,prior_draw,
lawnmower,50389,2.965215279275691,3.7030035904467837,8,8,56,0,0.2949147371305525,synthetic,prior_draw,
greedy_information,50389,4.653051649764583,5.399125106404566,10,10,54,0,0.31014838019412216,synthetic,prior_draw,
random,50390,1.724120193430536,2.400135456707051,8,5,39,0,0.4543006332916794,synthetic,prior_draw,
lawnmower,50390,2.7972217758768787,3.502082483997008,8,8,56,0,0.2709209166285487,synthetic,prior_draw,
greedy_information,50390,5.089852411719365,5.765239970370445,10,10,54,0,0.2663617842372181,synthetic,prior_draw,
random,50391,2.0024364012530054,2.824425080141388,10,8,47,0,0.3695339056338286,synthetic,prior_draw,
lawnmower,50391,2.231308553303019,3.045092315739734,7,7,57,0,0.23876575429645402,synthetic,prior_draw,
greedy_information,50391,4.664807945221636,5.427794289247163,10,10,54,0,0.29739407599795026,synthetic,prior_draw,
random,50392,1.884832546175251,2.5917090418148625,10,7,41,0,0.28413290299797056,synthetic,prior_draw,
lawnmower,50392,3.0185191996372747,3.713681641266596,8,8,56,0,0.17064014018331605,synthetic,prior_draw,
greedy_information,50392,4.688338942393411,5.3704097617991255,10,10,54,0,0.13831762536004852,synthetic,prior_draw,
random,50393,1.4369907408461335,2.2155423849141367,9,6,39,0,0.17037216107856,synthetic,prior_draw,
lawnmower,50393,3.179135608511567,3.9535189418475287,9,9,55,0,0.1596492347891892,synthetic,prior_draw,
greedy_information,50393,4.650273561865339,5.408687227471306,10,10,54,0,0.14645852531773437,synthetic,prior_draw,
random,50394,1.61755856049408,2.2821710135821185,10,7,44,0,0.365635090178925,synthetic,prior_draw,
lawnmower,50394,2.4366538787253376,3.086697771653782,7,7,57,0,0.15548324654164578,synthetic,prior_draw,
greedy_information,50394,5.118686541495858,5.74776122248703,10,10,54,0,0.13008994835157672,synthetic,prior_draw,
random,50395,1.6141324775658261,2.415970590500263,10,6,48,0,0.2737390716340836,synthetic,prior_draw,
lawnmower,50395,2.7820808176692537,3.5593373156088814,7,7,57,0,0.23025560156523386,synthetic,prior_draw,
greedy_information,50395,4.743983853950705,5.47203128872545,10,10,54,0,0.15586131307238094,synthetic,prior_draw,
random,50396,1.3967877968961435,2.2384285562387336,5,4,44,0,0.19025625393293077,synthetic,prior_draw,
lawnmower,50396,2.2442825621627565,3.043453405575649,8,8,56,0,0.24890645733286204,synthetic,prior_draw,
greedy_information,50396,4.695026228670631,5.4555982427153555,10,10,54,0,0.1921296236053463,synthetic,prior_draw,
random,50397,1.6040187725439017,2.327722519650947,10,6,41,0,0.25977600734501227,synthetic,prior_draw,
lawnmower,50397,3.0703581618387465,3.822245217418045,8,8,56,0,0.11666438239302897,synthetic,prior_draw,
greedy_information,50397,4.58511521732589,5.296180497323517,10,10,54,0,0.13992865621446227,synthetic,prior_draw,
random,50398,1.5922526040799219,2.2655165102623203,10,6,44,0,0.3005493124033486,synthetic,prior_draw,
lawnmower,50398,2.212513378989009,2.891400459481215,7,7,57,0,0.24381816343611276,synthetic,prior_draw,
greedy_information,50398,5.177735102395644,5.825394017354848,10,10,54,0,0.1818801234604207,synthetic,prior_draw,
random,50399,2.347189287234771,3.100627255852741,10,6,39,0,0.22826083834744168,synthetic,prior_draw,
lawnmower,50399,2.3930090298572373,3.17989298783288,7,7,57,0,0.20457850561828647,synthetic,prior_draw,
greedy_information,50399,4.630522378213522,5.382571101194296,10,10,54,0,0.17571086697425548,synthetic,prior_draw,
random,50400,1.489318802600942,2.1531803656055026,6,4,42,0,0.24636213716415462,synthetic,prior_draw,
lawnmower,50400,2.4527831173512817,3.1170089158491354,7,7,57,0,0.1651876759567409,synthetic,prior_draw,
greedy_information,50400,4.900051389661313,5.523760018786115,10,10,54,0,0.15263847826593654,synthetic,prior_draw,
random,50401,1.7797904922411762,2.5106637953066073,10,4,41,0,0.14884067914358465,synthetic,prior_draw,
lawnmower,50401,3.2565111616038807,3.9598898512821443,9,9,55,0,0.13014145828409754,synthetic,prior_draw,
greedy_information,50401,4.474022611866182,5.164833340128199,10,10,54,0,0.0926708768293942,synthetic,prior_draw,
random,50402,1.7833656451563678,2.5474964393468853,8,8,49,0,0.20911510645408712,synthetic,prior_draw,
lawnmower,50402,2.056052260507892,2.789878808458927,7,7,57,0,0.1285241518484405,synthetic,prior_draw,
greedy_information,50402,5.0469589945654905,5.733395277518977,10,10,54,0,0.13504525073788845,synthetic,prior_draw,
random,50403,1.572516073867964,2.327693436688089,6,4,50,0,0.25528571767254765,synthetic,prior_draw,
lawnmower,50403,3.0739744434441647,3.784670473461911,8,8,56,0,0.18977964565917552,synthetic,prior_draw,
greedy_information,50403,4.733750364060794,5.4082926363646715,10,10,54,0,0.09396010553264732,synthetic,prior_draw,
random,50404,1.7064109774314464,2.4370723166777037,10,8,42,0,0.15145944427345567,synthetic,prior_draw,
lawnmower,50404,2.451246698320773,3.184691474414068,7,7,57,0,0.1976884441405231,synthetic,prior_draw,
greedy_information,50404,4.780971257301261,5.47401998769124,10,10,54,0,0.17110321963616157,synthetic,prior_draw,
random,50405,1.2250985912097738,1.9566878968267765,7,6,48,0,0.25638665993105536,synthetic,prior_draw,
lawnmower,50405,2.548133055543142,3.23761667727498,8,8,56,0,0.19946492479743502,synthetic,prior_draw,
greedy_information,50405,5.180932950323691,5.8432368881319565,10,10,54,0,0.15275273502445233,synthetic,prior_draw,
random,50406,2.3014415679767257,3.071868396054035,10,4,46,0,0.3138535664427858,synthetic,prior_draw,
lawnmower,50406,2.393267082575674,3.1417534519261197,7,7,57,0,0.18002817899120233,synthetic,prior_draw,
greedy_information,50406,5.004869204979808,5.707047970973288,10,10,54,0,0.20275071857238855,synthetic,prior_draw,
random,50407,1.804878111463607,2.4405504873011106,10,8,42,0,0.22329860712818145,synthetic,prior_draw,
lawnmower,50407,2.372632599159574,3.028723207663862,7,7,57,0,0.2394324760343627,synthetic,prior_draw,
greedy_information,50407,5.207347941105034,5.838644258391472,10,10,54,0,0.12670705154515474,synthetic,prior_draw,
random,50408,1.7682969182163601,2.5695819199340355,9,7,40,0,0.20314163506814703,synthetic,prior_draw,
lawnmower,50408,2.2465620222224567,3.0943800493754914,7,7,57,0,0.16911523318511398,synthetic,prior_draw,
greedy_information,50408,4.844589297687573,5.633738191285415,10,10,54,0,0.10251198579591521,synthetic,prior_draw,
random,50409,1.8308067924216807,2.4640017485468975,9,7,45,0,0.39417737495901245,synthetic,prior_draw,
lawnmower,50409,2.864714173172416,3.506084036793778,8,8,56,0,0.24767851063714674,synthetic,prior_draw,
greedy_information,50409,4.696136784366571,5.313751313938346,10,10,54,0,0.27701095565411676,synthetic,prior_draw,
random,50410,2.3455690914808467,2.9570059396498545,10,6,41,0,0.2467355875245339,synthetic,prior_draw,
lawnmower,50410,3.0893820895624815,3.696034368294402,8,8,56,0,0.2520749378974196,synthetic,prior_draw,
greedy_information,50410,4.78305060736185,5.372132578734503,10,10,54,0,0.21501114694688578,synthetic,prior_draw,
random,50411,2.219959996747243,2.96007056599093,10,6,44,0,0.19544665198762584,synthetic,prior_draw,
lawnmower,50411,2.4908771661680587,3.2717174859886264,7,7,57,0,0.21794341993067112,synthetic,prior_draw,
greedy_information,50411,4.3219966361021696,5.069026776890917,10,10,54,0,0.18311720064116388,synthetic,prior_draw,
random,50412,2.363014553282734,3.0931438352193363,10,7,44,0,0.30587210596020165,synthetic,prior_draw,
lawnmower,50412,2.866496327154057,3.591889045246196,8,8,56,0,0.18722960821977133,synthetic,prior_draw,
greedy_information,50412,5.131084644183034,5.816357609184519,10,10,54,0,0.1268387226004199,synthetic,prior_draw,
random,50413,2.380581999935903,3.1097963207722237,10,6,43,0,0.3201977915566048,synthetic,prior_draw,
lawnmower,50413,2.8095612391678877,3.5313206633150664,8,8,56,0,0.2713999710284121,synthetic,prior_draw,
greedy_information,50413,4.431996072605462,5.12158412359749,10,10,54,0,0.2058225159091089,synthetic,prior_draw,
random,50414,1.772219684519828,2.5823099608451976,10,5,43,0,0.3367583285554544,synthetic,prior_draw,
lawnmower,50414,2.644280370337738,3.449070032585651,8,8,56,0,0.21950493015242672,synthetic,prior_draw,
greedy_information,50414,4.665761713033272,5.445383284183027,10,10,54,0,0.21019981569502577,synthetic,prior_draw,
random,50415,1.8947217644754057,2.666620957878199,10,7,45,0,0.19615551716464727,synthetic,prior_draw,
lawnmower,50415,2.4150926297604167,3.1897436469983336,7,7,57,0,0.22587602532348483,synthetic,prior_draw,
greedy_information,50415,4.662810549727569,5.388818857672503,10,10,54,0,0.1403501362035049,synthetic,prior_draw,
random,50416,2.0016514406522,2.7985717733935225,7,6,45,0,0.18760662708926718,synthetic,prior_draw,
lawnmower,50416,2.571957562050835,3.37196526119082,7,7,57,0,0.23128411981102648,synthetic,prior_draw,
greedy_information,50416,4.914146819992855,5.6709369106621015,10,10,54,0,0.16958723307384446,synthetic,prior_draw,
random,50417,2.097962261389724,2.8801645745212294,10,7,46,0,0.18303321775953307,synthetic,prior_draw,
lawnmower,50417,2.4949629319730136,3.2773817767063997,7,7,57,0,0.20323714191328215,synthetic,prior_draw,
greedy_information,50417,4.523686528343035,5.26266591332506,10,10,54,0,0.12601179579728203,synthetic,prior_draw,
random,50418,1.6696857956781281,2.282750853283533,7,6,47,0,0.2101041677023027,synthetic,prior_draw,
lawnmower,50418,2.7815968615953626,3.3852344829924768,8,8,56,0,0.1717377612386244,synthetic,prior_draw,
greedy_information,50418,4.705061305562161,5.294608874817936,10,10,54,0,0.08388629396244197,synthetic,prior_draw,
random,50419,1.0151268558584465,1.7479248762287325,7,7,40,0,0.20785613690090018,synthetic,prior_draw,
lawnmower,50419,2.993988668902765,3.7059832180675913,8,8,56,0,0.1499657842522671,synthetic,prior_draw,
greedy_information,50419,5.0382571597678,5.715086484779183,10,10,54,0,0.10615365732631502,synthetic,prior_draw,
random,50420,3.008819523902518,3.6667043674736948,10,6,45,0,0.1948237007805293,synthetic,prior_draw,
lawnmower,50420,2.2965302001163583,2.9423011070757807,6,6,58,0,0.15322503704576823,synthetic,prior_draw,
greedy_information,50420,5.18055071116311,5.803709970283388,10,10,54,0,0.1911068214238553,synthetic,prior_draw,
random,50421,2.01762820678788,2.757881163035739,10,7,39,0,0.30920276595908575,synthetic,prior_draw,
lawnmower,50421,1.0211852393788465,1.8147588923929099,4,4,60,0,0.3827343418186617,synthetic,prior_draw,
greedy_information,50421,4.570528628576609,5.318777545317227,10,10,54,0,0.27108474048424763,synthetic,prior_draw,
random,50422,2.1018889493374338,2.7915372810166903,9,9,48,0,0.19739710415607054,synthetic,prior_draw,
lawnmower,50422,2.550368548666658,3.2201791442777985,7,7,57,0,0.1510014931607172,synthetic,prior_draw,
greedy_information,50422,4.909203459666134,5.548777461197687,10,10,54,0,0.13027873380371144,synthetic,prior_draw,
random,50423,1.3465942876777468,2.0546606130127714,10,8,43,0,0.22522505538533674,synthetic,prior_draw,
lawnmower,50423,2.9733917042829225,3.679336149060183,8,8,56,0,0.15465259392158126,synthetic,prior_draw,
greedy_information,50423,4.688656037599119,5.361988038048576,10,10,54,0,0.1675368705767269,synthetic,prior_draw,
random,50424,1.2478215273323454,2.0183747668140586,10,4,47,0,0.17870461874006696,synthetic,prior_draw,
lawnmower,50424,2.722176401468528,3.45942537346152,8,8,56,0,0.1478537313600535,synthetic,prior_draw,
greedy_information,50424,4.6543924887150645,5.35461731906998,10,10,54,0,0.13160197326887688,synthetic,prior_draw,
random,50425,1.3688192532091012,2.2044742508467605,6,6,48,0,0.2619303453984884,synthetic,prior_draw,
lawnmower,50425,2.8835408263787663,3.6993662949502397,8,8,56,0,0.23945717990570606,synthetic,prior_draw,
greedy_information,50425,4.80822992336861,5.595881433033446,10,10,54,0,0.19189157238266333,synthetic,prior_draw,
random,50426,2.2475049547781514,3.010902384785804,10,7,42,0,0.218104495744455,synthetic,prior_draw,
lawnmower,50426,2.9147109660639683,3.693766331333225,8,8,56,0,0.19394129829491635,synthetic,prior_draw,
greedy_information,50426,4.463449865101741,5.202434530475709,10,10,54,0,0.18238099962630883,synthetic,prior_draw,
random,50427,1.8728015532441153,2.644577244517164,10,6,44,0,0.2540604515475617,synthetic,prior_draw,
lawnmower,50427,3.000412863587007,3.7762770751028567,8,8,56,0,0.19003474002066725,synthetic,prior_draw,
greedy_information,50427,4.428812570643798,5.186567716224764,10,10,54,0,0.1390493039476812,synthetic,prior_draw,
random,50428,1.9776268253817093,2.6969514115975155,10,6,47,0,0.23963316677353044,synthetic,prior_draw,
lawnmower,50428,2.713618904502496,3.436501288263824,8,8,56,0,0.27246041170116075,synthetic,prior_draw,
greedy_information,50428,4.997958770023108,5.692198327561379,10,10,54,0,0.13358364971690664,synthetic,prior_draw,
random,50429,1.739657933309715,2.5162448048084194,10,5,38,0,0.2781822730692285,synthetic,prior_draw,
lawnmower,50429,2.4125132337205595,3.1899815482874256,7,7,57,0,0.13342873197551625,synthetic,prior_draw,
greedy_information,50429,4.563849526921951,5.302653310216361,10,10,54,0,0.16707608371697852,synthetic,prior_draw,
random,50430,2.6461214047523014,3.3007589445025003,9,8,48,0,0.21621478469495906,synthetic,prior_draw,
lawnmower,50430,2.4684198584393395,3.1333408273618115,7,7,57,0,0.24749818240752935,synthetic,prior_draw,
greedy_information,50430,4.798228369564782,5.459124632799934,10,10,54,0,0.19530262395962528,synthetic,prior_draw,
random,50431,1.8450759157951535,2.557128764044189,10,7,46,0,0.42664445697313674,synthetic,prior_draw,
lawnmower,50431,3.180628213289084,3.8653250915694874,9,9,55,0,0.17393433933905567,synthetic,prior_draw,
greedy_information,50431,4.7754096245670805,5.447977489990321,10,10,54,0,0.1237861826787729,synthetic,prior_draw,
random,50432,2.0074145695160657,2.7345866772282026,10,6,45,0,0.3652953926513644,synthetic,prior_draw,
lawnmower,50432,2.332167317753983,3.041861903832384,6,6,58,0,0.18182410547790023,synthetic,prior_draw,
greedy_information,50432,4.940599982548126,5.610093239893976,10,10,54,0,0.09425517593672705,synthetic,prior_draw,
random,50433,1.9804460300768902,2.754097279244583,8,6,43,0,0.24240784739430055,synthetic,prior_draw,
lawnmower,50433,2.7479566218751543,3.551973598420118,7,7,57,0,0.268681930754354,synthetic,prior_draw,
greedy_information,50433,4.673603995326913,5.431726215900779,10,10,54,0,0.17640528543468345,synthetic,prior_draw,
random,50434,1.9526907090920758,2.775115108145551,10,8,44,0,0.17857481902365135,synthetic,prior_draw,
lawnmower,50434,2.142369006641619,2.9771031150997636,7,7,57,0,0.15822733895953972,synthetic,prior_draw,
greedy_information,50434,4.786915083683175,5.579272174605627,10,10,54,0,0.16370436477511816,synthetic,prior_draw,
random,50435,1.327432302866296,2.07861024912057,6,5,46,0,0.3623490536427454,synthetic,prior_draw,
lawnmower,50435,2.23256802724192,2.9645207687053694,7,7,57,0,0.27147374559219445,synthetic,prior_draw,
greedy_information,50435,4.587323275838811,5.277860313951145,10,10,54,0,0.14628889648123095,synthetic,prior_draw,
random,50436,2.4540675025728946,3.2239758245454517,10,8,43,0,0.11672315113268558,synthetic,prior_draw,
lawnmower,50436,2.845353211501185,3.639927580648773,8,8,56,0,0.2152236022656461,synthetic,prior_draw,
greedy_information,50436,4.518249012106653,5.2647089539810095,10,10,54,0,0.15727547203742875,synthetic,prior_draw,
random,50437,1.4426351554755872,2.0482170927256083,10,5,41,0,0.30147278771542413,synthetic,prior_draw,
lawnmower,50437,2.9982025603328513,3.608418609220609,8,8,56,0,0.19374419292260214,synthetic,prior_draw,
greedy_information,50437,4.856816418691009,5.4562349814745055,10,10,54,0,0.1512607362231106,synthetic,prior_draw,
random,50438,1.83338786483983,2.5685183784893746,7,6,43,0,0.3025189397750853,synthetic,prior_draw,
lawnmower,50438,3.0822202849573057,3.8103158938591415,9,9,55,0,0.2768992046648828,synthetic,prior_draw,
greedy_information,50438,4.76446588378301,5.460813361360109,10,10,54,0,0.22387183341280717,synthetic,prior_draw,
random,50439,1.1100594699562927,1.828825478874771,10,5,41,0,0.1844484139678275,synthetic,prior_draw,
lawnmower,50439,2.857119667627347,3.5791163131475963,8,8,56,0,0.11708076655918355,synthetic,prior_draw,
greedy_information,50439,4.736879669381075,5.4397821173779635,10,10,54,0,0.15618966522896346,synthetic,prior_draw,
random,50440,1.9897527393605652,2.8002863110627034,10,6,41,0,0.15057321302459117,synthetic,prior_draw,
lawnmower,50440,3.2890001620483953,4.092665049027801,9,9,55,0,0.17709198553677163,synthetic,prior_draw,
greedy_information,50440,4.770358503993469,5.544626758930112,10,10,54,0,0.13988059748039466,synthetic,prior_draw,
random,50441,1.1125743785090212,1.9308536921755717,8,6,45,0,0.15004823702460252,synthetic,prior_draw,
lawnmower,50441,2.2715060423448734,3.082356316099386,7,7,57,0,0.15778148718422963,synthetic,prior_draw,
greedy_information,50441,5.019044125662888,5.7813285475614355,10,10,54,0,0.14797358726140833,synthetic,prior_draw,
random,50442,3.028919384801287,3.77387283848835,10,6,41,0,0.28651091937648404,synthetic,prior_draw,
lawnmower,50442,2.203864425081922,2.9598930810733126,7,7,57,0,0.2445451979828482,synthetic,prior_draw,
greedy_information,50442,4.9747910764938075,5.693928766006014,10,10,54,0,0.11650049062019956,synthetic,prior_draw,
random,50443,2.1264575342865233,2.8127707465922382,10,7,41,0,0.20247825204434883,synthetic,prior_draw,
lawnmower,50443,3.0345995485390436,3.712192697747625,9,9,55,0,0.179595532729938,synthetic,prior_draw,
greedy_information,50443,4.837024440256197,5.504811952722568,10,10,54,0,0.17716200149057734,synthetic,prior_draw,
random,50444,1.7206660775141245,2.4895227380956597,10,6,43,0,0.23260982878661907,synthetic,prior_draw,
lawnmower,50444,3.0132570875386837,3.779453148553625,8,8,56,0,0.18587995239923236,synthetic,prior_draw,
greedy_information,50444,4.533139629537685,5.263413560568153,10,10,54,0,0.18643863594919058,synthetic,prior_draw,
random,50445,2.173826776329297,2.924607216286413,9,5,45,0,0.3383043506258129,synthetic,prior_draw,
lawnmower,50445,1.9645587008588334,2.685518101126494,6,6,58,0,0.20416930697403624,synthetic,prior_draw,
greedy_information,50445,4.731758139397174,5.4247111923323335,10,10,54,0,0.19516106380437362,synthetic,prior_draw,
random,50446,1.630599698407628,2.4062601335467684,6,5,41,0,0.29616671479253237,synthetic,prior_draw,
lawnmower,50446,3.2341569480669285,4.013335770859439,9,9,55,0,0.17710441155170284,synthetic,prior_draw,
greedy_information,50446,4.456065348760876,5.203696400490172,10,10,54,0,0.24076588128228976,synthetic,prior_draw,
random,50447,1.8376079032521433,2.611420838350736,10,7,43,0,0.30191771126747263,synthetic,prior_draw,
lawnmower,50447,2.8083331489252594,3.581527378366837,8,8,56,0,0.20925670950533756,synthetic,prior_draw,
greedy_information,50447,4.622235972972104,5.349423637506951,10,10,54,0,0.16122368790023298,synthetic,prior_draw,
random,50448,2.635230088645222,3.282860966006353,10,8,43,0,0.18452990804560188,synthetic,prior_draw,
lawnmower,50448,2.7779897449366597,3.444039232550005,8,8,56,0,0.15726074746257837,synthetic,prior_draw,
greedy_information,50448,4.487729009626664,5.127464121069196,10,10,54,0,0.11881843542909333,synthetic,prior_draw,
random,50449,2.2648092301085283,2.9225529074458256,10,9,47,0,0.20392117472569138,synthetic,prior_draw,
lawnmower,50449,3.0940747927297596,3.7230641053854736,9,9,55,0,0.20265606180669957,synthetic,prior_draw,
greedy_information,50449,4.824021743270655,5.4492750255088644,10,10,54,0,0.18765361103349057,synthetic,prior_draw,
random,50450,1.7760394627054472,2.409208379706867,10,9,38,0,0.2182031537678441,synthetic,prior_draw,
lawnmower,50450,3.0380979427465307,3.705681385210767,8,8,56,0,0.3496496400991331,synthetic,prior_draw,
greedy_information,50450,4.846602255415821,5.48446468385429,10,10,54,0,0.19585821795184596,synthetic,prior_draw,
random,50451,1.93070509825067,2.674779975783848,10,5,44,0,0.36162794313340885,synthetic,prior_draw,
lawnmower,50451,2.1053150245171763,2.852573907002191,7,7,57,0,0.25736949544731225,synthetic,prior_draw,
greedy_information,50451,4.496243583130991,5.214778268786093,10,10,54,0,0.2385117242046458,synthetic,prior_draw,
random,50452,2.7932657917526718,3.481019469031748,10,7,44,0,0.27165421861817934,synthetic,prior_draw,
lawnmower,50452,2.431557706877496,3.104101713958124,7,7,57,0,0.24473385028446398,synthetic,prior_draw,
greedy_information,50452,4.806882059583977,5.457133051484366,10,10,54,0,0.21580050040663978,synthetic,prior_draw,
random,50453,2.6611856527712012,3.3787553223504574,10,8,39,0,0.24101472957355788,synthetic,prior_draw,
lawnmower,50453,3.3458396215758235,4.058929291964349,9,9,55,0,0.14825793633590564,synthetic,prior_draw,
greedy_information,50453,4.762720575891373,5.457377321882575,10,10,54,0,0.11010426406356687,synthetic,prior_draw,
random,50454,1.9625264247507064,2.6461469050229662,7,6,45,0,0.31576169754597005,synthetic,prior_draw,
lawnmower,50454,2.9897451665184813,3.6472056369571444,8,8,56,0,0.27350216643812636,synthetic,prior_draw,
greedy_information,50454,4.604943087067442,5.262511912723538,10,10,54,0,0.1631763749832168,synthetic,prior_draw,
random,50455,1.738797700051576,2.3520368728409373,8,8,37,0,0.30676440617642303,synthetic,prior_draw,
lawnmower,50455,2.8166774387767797,3.4617130655974955,8,8,56,0,0.23372434572464312,synthetic,prior_draw,
greedy_information,50455,4.670370468428815,5.287197308047388,10,10,54,0,0.14293974587591185,synthetic,prior_draw,
random,50456,1.821885379709129,2.517375526641228,10,5,45,0,0.38335520150452257,synthetic,prior_draw,
lawnmower,50456,3.476653231958352,4.139422212138253,9,9,55,0,0.255469824371957,synthetic,prior_draw,
greedy_information,50456,4.784725507020329,5.4398748277827185,10,10,54,0,0.22576551800540234,synthetic,prior_draw,
random,50457,0.8936591101641767,1.5916101348852738,9,6,37,0,0.14078639112027141,synthetic,prior_draw,
lawnmower,50457,3.1078912720863006,3.819369163461885,8,8,56,0,0.16672690685255917,synthetic,prior_draw,
greedy_information,50457,5.034469560250783,5.7255412323780215,10,10,54,0,0.1512383681156885,synthetic,prior_draw,
random,50458,2.0054249964539093,2.806332700004031,10,5,43,0,0.14142911350608028,synthetic,prior_draw,
lawnmower,50458,2.989006648872147,3.7744322998421973,8,8,56,0,0.12389039947696033,synthetic,prior_draw,
greedy_information,50458,4.6251816641653,5.376461437882592,10,10,54,0,0.1075101577458387,synthetic,prior_draw,
random,50459,2.458464569963207,3.1350133463015886,10,8,44,0,0.18837322934528614,synthetic,prior_draw,
lawnmower,50459,2.433597984572695,3.0789051113828023,7,7,57,0,0.276228821591776,synthetic,prior_draw,
greedy_information,50459,4.910039222615551,5.518014250284585,10,10,54,0,0.15316189018371676,synthetic,prior_draw,
random,50460,2.4714788202522007,3.1147748460625597,10,6,42,0,0.38313097036797944,synthetic,prior_draw,
lawnmower,50460,2.300638212993169,2.976384758834315,7,7,57,0,0.36640164098037437,synthetic,prior_draw,
greedy_information,50460,4.863819084439687,5.502276134307177,10,10,54,0,0.16145795392746354,synthetic,prior_draw,
random,50461,1.7695811513344402,2.476280449997692,10,7,37,0,0.21577083246076756,synthetic,prior_draw,
lawnmower,50461,3.0288160650693907,3.7606206213951743,9,9,55,0,0.16920860576546423,synthetic,prior_draw,
greedy_information,50461,5.003345748445231,5.685132469749839,10,10,54,0,0.10991871886761764,synthetic,prior_draw,
random,50462,0.8937612875582734,1.6369582028514371,6,5,50,0,0.23104524039875757,synthetic,prior_draw,
lawnmower,50462,2.2376293416804134,2.969355671455755,7,7,57,0,0.2922403372169892,synthetic,prior_draw,
greedy_information,50462,4.8697608493758056,5.565456250747816,10,10,54,0,0.19301325425461194,synthetic,prior_draw,
random,50463,2.1145643502364644,2.785998865909484,10,4,40,0,0.3159523183188776,synthetic,prior_draw,
lawnmower,50463,2.4901405229254747,3.1913085613405947,7,7,57,0,0.44061901959162564,synthetic,prior_draw,
greedy_information,50463,5.001629439071186,5.657903464944135,10,10,54,0,0.19896781363021568,synthetic,prior_draw,
random,50464,2.0042447924590885,2.620069900657906,10,5,38,0,0.33143786838658323,synthetic,prior_draw,
lawnmower,50464,3.440556837693786,4.093969593909704,8,8,56,0,0.18718990306341615,synthetic,prior_draw,
greedy_information,50464,4.922060221990455,5.544618522106079,10,10,54,0,0.22698234838759077,synthetic,prior_draw,
random,50465,2.573939211369555,3.240537850116147,10,7,41,0,0.27951345151062496,synthetic,prior_draw,
lawnmower,50465,2.3912509884180544,3.083902521997454,7,7,57,0,0.20550287614448795,synthetic,prior_draw,
greedy_information,50465,5.100167469570757,5.760514048117105,10,10,54,0,0.2214503682408732,synthetic,prior_draw,
random,50466,1.5401265945913156,2.288945277856445,9,5,45,0,0.26145518944179996,synthetic,prior_draw,
lawnmower,50466,2.7086119482770528,3.400577049700546,8,8,56,0,0.17816945860127706,synthetic,prior_draw,
greedy_information,50466,4.992374134907013,5.6628912573255406,10,10,54,0,0.17716285015039132,synthetic,prior_draw,
random,50467,2.172882774775912,2.8487527247014555,10,8,42,0,0.2601871929544135,synthetic,prior_draw,
lawnmower,50467,2.1499978223791008,2.8651794272019977,6,6,58,0,0.15676089885696895,synthetic,prior_draw,
greedy_information,50467,4.722844404711428,5.425018617227609,10,10,54,0,0.11490511850319228,synthetic,prior_draw,
random,50468,2.03014423330622,2.7924038230191046,10,7,45,0,0.1292469934802637,synthetic,prior_draw,
lawnmower,50468,2.8132462431936722,3.5788173157654377,8,8,56,0,0.1965354856520677,synthetic,prior_draw,
greedy_information,50468,4.284244871325429,5.020369427813421,10,10,54,0,0.16091254655914244,synthetic,prior_draw,
random,50469,2.2112794657511317,2.9833412016954797,10,6,40,0,0.2333218110900325,synthetic,prior_draw,
lawnmower,50469,2.3045794917469924,3.0667027661420483,7,7,57,0,0.3094015997255007,synthetic,prior_draw,
greedy_information,50469,4.49668830749427,5.21811666329529,10,10,54,0,0.17263781832941796,synthetic,prior_draw,
random,50470,1.563728868536215,2.315518827467203,10,6,37,0,0.23655169014950464,synthetic,prior_draw,
lawnmower,50470,1.8557397433060736,2.647373419939286,5,5,59,0,0.20485837098751214,synthetic,prior_draw,
greedy_information,50470,4.506142564626752,5.243561335544407,10,10,54,0,0.20788996416961122,synthetic,prior_draw,
random,50471,1.9176314842337712,2.6806232557852767,10,6,41,0,0.20467483344736467,synthetic,prior_draw,
lawnmower,50471,2.1115623501705496,2.9056832420145993,7,7,57,0,0.14894170962230088,synthetic,prior_draw,
greedy_information,50471,4.714972366372942,5.480430825456065,10,10,54,0,0.11837060103450193,synthetic,prior_draw,
random,50472,1.2040696395598223,1.8324867371891782,10,7,49,0,0.28826774848662146,synthetic,prior_draw,
lawnmower,50472,3.3156360491689534,3.9064371027973275,9,9,55,0,0.10644393001730434,synthetic,prior_draw,
greedy_information,50472,4.706551044973614,5.297369780569346,10,10,54,0,0.11493254971138274,synthetic,prior_draw,
random,50473,2.7459757683097457,3.398847243435836,10,7,40,0,0.1902329275391875,synthetic,prior_draw,
lawnmower,50473,2.959095844699286,3.6370038872185027,9,9,55,0,0.0908434851250286,synthetic,prior_draw,
greedy_information,50473,4.721279151650648,5.388500704805228,10,10,54,0,0.13542558278586245,synthetic,prior_draw,
random,50474,2.4137182378022355,3.0061421509956845,10,6,40,0,0.3004883737383003,synthetic,prior_draw,
lawnmower,50474,3.081454391257266,3.6959946465323616,9,9,55,0,0.2457823256437574,synthetic,prior_draw,
greedy_information,50474,4.654410597331094,5.263786107616625,10,10,54,0,0.19122036076394025,synthetic,prior_draw,
random,50475,1.8873190601236305,2.57524491300051,10,8,42,0,0.46732437635831103,synthetic,prior_draw,
lawnmower,50475,2.859365342464643,3.5317396325301162,8,8,56,0,0.17585153472169743,synthetic,prior_draw,
greedy_information,50475,4.568798532448546,5.251663568568748,10,10,54,0,0.22227662318500832,synthetic,prior_draw,
random,50476,2.645464513969359,3.4218507723876534,10,6,41,0,0.3042046297483866,synthetic,prior_draw,
lawnmower,50476,2.811901400441157,3.6074172194996303,8,8,56,0,0.1303577605491484,synthetic,prior_draw,
greedy_information,50476,4.696212734929678,5.448550245311487,10,10,54,0,0.12517860305949682,synthetic,prior_draw,
random,50477,2.064886186223244,2.723366969130119,10,5,41,0,0.20663565988091076,synthetic,prior_draw,
lawnmower,50477,2.7875663932251276,3.4329693768318066,8,8,56,0,0.2085237087893915,synthetic,prior_draw,
greedy_information,50477,4.73621094947977,5.361377426673518,10,10,54,0,0.08825622420245838,synthetic,prior_draw,
random,50478,2.427301989701962,3.166252097938921,10,6,36,0,0.22066462418905985,synthetic,prior_draw,
lawnmower,50478,2.4494585489454956,3.213209157567887,7,7,57,0,0.2313102061056039,synthetic,prior_draw,
greedy_information,50478,4.497679223400903,5.242399901240151,10,10,54,0,0.20548375711274106,synthetic,prior_draw,
random,50479,2.1729138851300203,2.917826634578135,10,7,40,0,0.2805503151233861,synthetic,prior_draw,
lawnmower,50479,3.0252134064957805,3.7800306423514205,8,8,56,0,0.18699769130194596,synthetic,prior_draw,
greedy_information,50479,4.606047457030404,5.3409198759799805,10,10,54,0,0.19803252404272106,synthetic,prior_draw,
random,50480,2.6574393510297436,3.369282422496138,10,5,41,0,0.2186849153326141,synthetic,prior_draw,
lawnmower,50480,2.512770302383151,3.230670438056687,7,7,57,0,0.17976404638432655,synthetic,prior_draw,
greedy_information,50480,5.017441843841578,5.704311565335519,10,10,54,0,0.16538101462726473,synthetic,prior_draw,
random,50481,2.4257256380439345,3.1550179018426188,9,8,46,0,0.19633508078259496,synthetic,prior_draw,
lawnmower,50481,2.21686864961693,2.9427313073439536,7,7,57,0,0.37839242162663195,synthetic,prior_draw,
greedy_information,50481,4.561702140844447,5.239295877064199,10,10,54,0,0.25381355871262745,synthetic,prior_draw,
random,50482,2.2509031411318885,3.0268394689341713,10,6,47,0,0.25561285928914385,synthetic,prior_draw,
lawnmower,50482,3.195352802988446,3.9195958705531413,9,9,55,0,0.18306565961476431,synthetic,prior_draw,
greedy_information,50482,4.74659752062395,5.442422770015376,10,10,54,0,0.281391145268001,synthetic,prior_draw,
random,50483,1.4242540161464996,2.1723950257892057,10,5,44,0,0.29970874085397886,synthetic,prior_draw,
lawnmower,50483,2.682954754494375,3.3951982633682185,8,8,56,0,0.1604911548137874,synthetic,prior_draw,
greedy_information,50483,4.350703151756063,5.043252800133452,10,10,54,0,0.19929854026297913,synthetic,prior_draw,
random,50484,1.1698374840687642,1.8297677714740062,10,6,48,0,0.4034641467095707,synthetic,prior_draw,
lawnmower,50484,2.8850288920557183,3.520045280562016,8,8,56,0,0.26974429112219733,synthetic,prior_draw,
greedy_information,50484,5.036234391908362,5.649221085646817,10,10,54,0,0.2178056954010664,synthetic,prior_draw,
random,50485,2.4230849199423674,3.079875916517744,10,6,46,0,0.20171830201713256,synthetic,prior_draw,
lawnmower,50485,3.169323338149647,3.8269111879211115,9,9,55,0,0.16203009839618135,synthetic,prior_draw,
greedy_information,50485,5.221470386539093,5.863717364310628,10,10,54,0,0.1422771255644444,synthetic,prior_draw,
random,50486,2.0206123679102426,2.811606583017163,10,7,40,0,0.23913179483190797,synthetic,prior_draw,
lawnmower,50486,2.4525415718572883,3.252598806423498,7,7,57,0,0.2506969343450502,synthetic,prior_draw,
greedy_information,50486,4.78411375454892,5.535798961352369,10,10,54,0,0.14757829025434283,synthetic,prior_draw,
random,50487,1.668413494737158,2.316413344727047,10,6,43,0,0.3127270088860848,synthetic,prior_draw,
lawnmower,50487,2.9415854893231446,3.5665373735788943,8,8,56,0,0.22992011160821502,synthetic,prior_draw,
greedy_information,50487,4.670561919171771,5.28086496068899,10,10,54,0,0.2094142630835618,synthetic,prior_draw,
random,50488,1.1236556713689185,1.9796507410199173,4,2,45,0,0.1519469570207291,synthetic,prior_draw,
lawnmower,50488,2.605541696855904,3.428491208545093,7,7,57,0,0.21909214489062284,synthetic,prior_draw,
greedy_information,50488,4.8408076162681795,5.613099771721114,10,10,54,0,0.17844903778723395,synthetic,prior_draw,
random,50489,1.4584120499583229,2.2159259980657957,9,5,36,0,0.2721137750044451,synthetic,prior_draw,
lawnmower,50489,2.514016123708824,3.274730144746105,7,7,57,0,0.19351763751573894,synthetic,prior_draw,
greedy_information,50489,4.589022542853539,5.311287721607988,10,10,54,0,0.11514732143792382,synthetic,prior_draw,
random,50490,2.2890941248858736,3.0124322775561687,10,5,48,0,0.23473239280479574,synthetic,prior_draw,
lawnmower,50490,3.298616998705731,4.027037083087036,8,8,56,0,0.1992551900688997,synthetic,prior_draw,
greedy_information,50490,4.617298392104629,5.313340211668661,10,10,54,0,0.15045372255482234,synthetic,prior_draw,
random,50491,2.5412716024406574,3.181673671768983,10,8,41,0,0.2786889356762813,synthetic,prior_draw,
lawnmower,50491,3.3533682002983443,3.9877805123041314,9,9,55,0,0.19672632266278473,synthetic,prior_draw,
greedy_information,50491,4.544198949239127,5.1631557570062805,10,10,54,0,0.2356160758058694,synthetic,prior_draw,
random,50492,2.2249441617454604,2.9168992611898292,10,6,42,0,0.17142023413337032,synthetic,prior_draw,
lawnmower,50492,2.67837162994397,3.406207348554933,7,7,57,0,0.20532957926301112,synthetic,prior_draw,
greedy_information,50492,4.8205521363893915,5.516382677162223,10,10,54,0,0.1728046844045774,synthetic,prior_draw,
random,50493,1.9841351008982129,2.7185326442530577,10,6,44,0,0.2812247648560687,synthetic,prior_draw,
lawnmower,50493,2.3556277512262844,3.095723475805702,7,7,57,0,0.1839638966222138,synthetic,prior_draw,
greedy_information,50493,4.5692997303509975,5.274246991209425,10,10,54,0,0.1922392301109004,synthetic,prior_draw,
random,50494,1.6691197476830664,2.3783171607351585,10,7,39,0,0.16574179843831457,synthetic,prior_draw,
lawnmower,50494,2.7504322042603357,3.477608487379068,8,8,56,0,0.1515866657486635,synthetic,prior_draw,
greedy_information,50494,4.376527707254739,5.068132319042457,10,10,54,0,0.13135108943245544,synthetic,prior_draw,
random,50495,1.8175313204728711,2.4763724015864574,10,7,42,0,0.41424455097317014,synthetic,prior_draw,
lawnmower,50495,3.0309058937869318,3.684877827766816,9,9,55,0,0.2253348996691516,synthetic,prior_draw,
greedy_information,50495,5.303828869031322,5.945585334540688,10,10,54,0,0.21518940938206815,synthetic,prior_draw,
random,50496,1.7437895894288649,2.525260869238807,10,7,40,0,0.4620415109319988,synthetic,prior_draw,
lawnmower,50496,2.532476751357048,3.306221797164422,7,7,57,0,0.33190839050494014,synthetic,prior_draw,
greedy_information,50496,4.871063802821395,5.600883518053375,10,10,54,0,0.2611856353635329,synthetic,prior_draw,
random,50497,1.57007540956855,2.3450453152810504,7,5,47,0,0.21604473157050422,synthetic,prior_draw,
lawnmower,50497,2.5185623481743997,3.272515933074055,7,7,57,0,0.2834911460299835,synthetic,prior_draw,
greedy_information,50497,4.614031287803737,5.334206810615902,10,10,54,0,0.17069984757887635,synthetic,prior_draw,
random,50498,1.5327989258374255,2.3024915389404534,7,7,50,0,0.21101507406595302,synthetic,prior_draw,
lawnmower,50498,3.367741746721526,4.122348805420715,9,9,55,0,0.13079701691027362,synthetic,prior_draw,
greedy_information,50498,4.987737127823434,5.720815257516072,10,10,54,0,0.1095339613631042,synthetic,prior_draw,
random,50499,1.0684816479930745,1.9473142685692797,6,5,47,0,0.32006868951730233,synthetic,prior_draw,
lawnmower,50499,2.522775033205922,3.3593886224329728,8,8,56,0,0.22866236049408997,synthetic,prior_draw,
greedy_information,50499,4.809285085658112,5.613467153401302,10,10,54,0,0.23311807756227423,synthetic,prior_draw,
random,50500,1.4002023907649628,2.146626353758432,10,6,42,0,0.15161401114674447,synthetic,prior_draw,
lawnmower,50500,2.951632128877499,3.6763772500754848,8,8,56,0,0.17384553359121177,synthetic,prior_draw,
greedy_information,50500,5.17771454207783,5.86909717603409,10,10,54,0,0.13092001649997292,synthetic,prior_draw,
random,50501,2.4692010176507906,3.0968697181062845,10,7,37,0,0.15141038304328336,synthetic,prior_draw,
lawnmower,50501,2.943038016458512,3.581794714922664,9,9,55,0,0.16861065264740083,synthetic,prior_draw,
greedy_information,50501,4.893769644806044,5.5160718542471034,10,10,54,0,0.11406430990522234,synthetic,prior_draw,
random,50502,2.5674144290810226,3.2733002539302056,10,7,41,0,0.16722484538241378,synthetic,prior_draw,
lawnmower,50502,2.3471920389719148,3.079792890127438,7,7,57,0,0.11074439086437411,synthetic,prior_draw,
greedy_information,50502,4.7673611124900575,5.443437546761173,10,10,54,0,0.09849213528854073,synthetic,prior_draw,
random,50503,1.6125888555930428,2.3746287860001267,7,5,46,0,0.13208308451284378,synthetic,prior_draw,
lawnmower,50503,2.0152824843154122,2.7739223145085967,6,6,58,0,0.1290231528617137,synthetic,prior_draw,
greedy_information,50503,4.88852571852893,5.600004123541812,10,10,54,0,0.14126502344044556,synthetic,prior_draw,
random,50504,2.377107633070399,3.1244922052219413,10,7,48,0,0.25311266388098164,synthetic,prior_draw,
lawnmower,50504,2.841559432950928,3.586688151462573,8,8,56,0,0.15100148895036994,synthetic,prior_draw,
greedy_information,50504,4.788951769706712,5.487807106807302,10,10,54,0,0.13306308691095364,synthetic,prior_draw,
random,50505,2.3331479429270794,3.136048026978264,10,6,44,0,0.15036328944320754,synthetic,prior_draw,
lawnmower,50505,2.2236297291272096,3.0018031674742023,7,7,57,0,0.20698053604739872,synthetic,prior_draw,
greedy_information,50505,4.669435164622281,5.418550159751113,10,10,54,0,0.12345959687500413,synthetic,prior_draw,
random,50506,1.6975561269288046,2.4099689072878077,10,6,44,0,0.25815219061676714,synthetic,prior_draw,
lawnmower,50506,2.994651350056557,3.6870841381299946,8,8,56,0,0.18852868792645336,synthetic,prior_draw,
greedy_information,50506,4.501270084459852,5.179646840598033,10,10,54,0,0.2205060963012662,synthetic,prior_draw,
random,50507,1.5877072175875582,2.3064978768721036,7,5,42,0,0.2158345837402312,synthetic,prior_draw,
lawnmower,50507,2.7851978703627474,3.491269823796289,7,7,57,0,0.1774971609466827,synthetic,prior_draw,
greedy_information,50507,4.808349285846734,5.487929739715414,10,10,54,0,0.10213223871151433,synthetic,prior_draw,
random,50508,2.3245076908110325,3.0191923493650816,8,5,40,0,0.30237366723328174,synthetic,prior_draw,
lawnmower,50508,3.7732333759608174,4.4256217597269485,10,10,54,0,0.2319838398250644,synthetic,prior_draw,
greedy_information,50508,4.633588488121495,5.287874895631029,10,10,54,0,0.20030819466125627,synthetic,prior_draw,
random,50509,2.309431715453415,3.012254549772224,10,7,41,0,0.27048584674428683,synthetic,prior_draw,
lawnmower,50509,2.245848789323775,2.9570644713908,6,6,58,0,0.32306117207571716,synthetic,prior_draw,
greedy_information,50509,5.2405475423776435,5.90758342677981,10,10,54,0,0.2206863099737809,synthetic,prior_draw,
random,50510,1.9914299108053375,2.706865771986928,10,5,41,0,0.18525498325309744,synthetic,prior_draw,
lawnmower,50510,2.792139574265446,3.5066576561309564,8,8,56,0,0.23636924344262514,synthetic,prior_draw,
greedy_information,50510,4.972879568773879,5.6532622518771625,10,10,54,0,0.14819821790097348,synthetic,prior_draw,
random,50511,2.526430858590754,3.299756426297581,10,8,45,0,0.2987119254662685,synthetic,prior_draw,
lawnmower,50511,2.785321066040909,3.5805114799326283,8,8,56,0,0.12069602897321872,synthetic,prior_draw,
greedy_information,50511,4.83848669547877,5.596552329930375,10,10,54,0,0.20777671545896173,synthetic,prior_draw,
random,50512,1.934239581658882,2.6336399435407274,10,7,47,0,0.140510248257512,synthetic,prior_draw,
lawnmower,50512,3.3922656002131895,4.063183136645367,8,8,56,0,0.13172574435764958,synthetic,prior_draw,
greedy_information,50512,5.011877354083268,5.646334472905335,10,10,54,0,0.13825135685032963,synthetic,prior_draw,
random,50513,2.1219127891408953,2.9084982656104557,10,7,42,0,0.19070055959245505,synthetic,prior_draw,
lawnmower,50513,3.350175571049255,4.157557908511282,9,9,55,0,0.28772645986601014,synthetic,prior_draw,
greedy_information,50513,4.84560578337986,5.624151550684977,10,10,54,0,0.2250779231909072,synthetic,prior_draw,
random,50514,2.096002138614902,2.7642706304970956,10,6,43,0,0.2213022757856098,synthetic,prior_draw,
lawnmower,50514,3.0653573209910685,3.7132279868488145,8,8,56,0,0.17899716106562105,synthetic,prior_draw,
greedy_information,50514,4.8090128990208765,5.4412561395165175,10,10,54,0,0.12493606653557318,synthetic,prior_draw,
random,50515,1.8722071636878965,2.530148126637236,10,6,41,0,0.0947384362422665,synthetic,prior_draw,
lawnmower,50515,2.467691856835394,3.1530699499170165,7,7,57,0,0.17821569643927482,synthetic,prior_draw,
greedy_information,50515,4.686941728940231,5.333087208318242,10,10,54,0,0.09966419369384466,synthetic,prior_draw,
random,50516,1.887728107676254,2.5763883311613163,8,7,48,0,0.2618811924444335,synthetic,prior_draw,
lawnmower,50516,3.2669733665543705,3.93059340722402,9,9,55,0,0.13335095160273436,synthetic,prior_draw,
greedy_information,50516,4.803330012607106,5.454276166161025,10,10,54,0,0.10951968218800225,synthetic,prior_draw,
random,50517,2.2681992586357604,2.9790910638226693,10,6,50,0,0.166763424993056,synthetic,prior_draw,
lawnmower,50517,2.591288540519256,3.2937508927571137,7,7,57,0,0.278737037972228,synthetic,prior_draw,
greedy_information,50517,5.332067202776672,5.998865910395165,10,10,54,0,0.15136580591305684,synthetic,prior_draw,
random,50518,2.6566135288234327,3.4020371401101936,10,6,43,0,0.19474881212099557,synthetic,prior_draw,
lawnmower,50518,2.8112685705351907,3.534946625858151,8,8,56,0,0.20633015431418597,synthetic,prior_draw,
greedy_information,50518,5.032040215538794,5.731941264603517,10,10,54,0,0.1638311761932123,synthetic,prior_draw,
random,50519,2.0407558136116153,2.723633504191838,10,7,45,0,0.23165982074553032,synthetic,prior_draw,
lawnmower,50519,3.139446640565348,3.811981062006155,8,8,56,0,0.18481984411798516,synthetic,prior_draw,
greedy_information,50519,4.958354980822595,5.599277252218184,10,10,54,0,0.1371623458838572,synthetic,prior_draw,
random,50520,2.310052531529032,2.938669676850618,9,8,46,0,0.11204249492585887,synthetic,prior_draw,
lawnmower,50520,2.7570062037920295,3.38038700868387,8,8,56,0,0.2642337603088073,synthetic,prior_draw,
greedy_information,50520,4.719829874057642,5.313461162039411,10,10,54,0,0.1257430826949593,synthetic,prior_draw,
random,50521,2.6196289546497886,3.3963867855659946,10,9,44,0,0.07857406839754906,synthetic,prior_draw,
lawnmower,50521,2.7417673058886716,3.5048573072692952,8,8,56,0,0.15868796652359393,synthetic,prior_draw,
greedy_information,50521,4.461071819661474,5.1943256304945855,10,10,54,0,0.1269608718834697,synthetic,prior_draw,
random,50522,1.9611894322903172,2.7526645087436274,10,8,44,0,0.2917804970030144,synthetic,prior_draw,
lawnmower,50522,2.810701247311949,3.6154693208314987,8,8,56,0,0.21175446787515892,synthetic,prior_draw,
greedy_information,50522,4.728997120558943,5.494885870031394,10,10,54,0,0.1561677229060062,synthetic,prior_draw,
random,50523,1.5224314915423618,2.2203771500192873,7,6,40,0,0.2503229434752023,synthetic,prior_draw,
lawnmower,50523,2.8571547399849173,3.551854189012433,8,8,56,0,0.13577345279679334,synthetic,prior_draw,
greedy_information,50523,4.585836767062513,5.250015054754938,10,10,54,0,0.12233561964452158,synthetic,prior_draw,
random,50524,1.607265314619847,2.3157633749882653,10,6,43,0,0.2514563057842492,synthetic,prior_draw,
lawnmower,50524,2.341522880215014,3.024676520591542,7,7,57,0,0.25516226384908625,synthetic,prior_draw,
greedy_information,50524,4.93922859958986,5.576898424898853,10,10,54,0,0.19065043568765183,synthetic,prior_draw,
random,50525,2.185073296518976,2.8519489573739505,10,6,42,0,0.2802755989388284,synthetic,prior_draw,
lawnmower,50525,3.2836100210159382,3.9369196512394184,9,9,55,0,0.13447820972779453,synthetic,prior_draw,
greedy_information,50525,4.4927801264474905,5.1519762074754025,10,10,54,0,0.08087256893714666,synthetic,prior_draw,
random,50526,1.7510958141280086,2.4060314806223957,10,5,41,0,0.17088731382268785,synthetic,prior_draw,
lawnmower,50526,2.276567519982554,2.937668768235652,6,6,58,0,0.32391576512251785,synthetic,prior_draw,
greedy_information,50526,4.880933652661034,5.511593739476173,10,10,54,0,0.22910211411276146,synthetic,prior_draw,
random,50527,1.5793241747523123,2.2738430780041616,10,7,42,0,0.1681984732299525,synthetic,prior_draw,
lawnmower,50527,2.682328623583276,3.3845915159969935,7,7,57,0,0.13264071867325813,synthetic,prior_draw,
greedy_information,50527,4.670459675440116,5.359636676909044,10,10,54,0,0.15250064525859658,synthetic,prior_draw,
random,50528,1.812424122040959,2.57681508083232,8,7,44,0,0.2171537968135976,synthetic,prior_draw,
lawnmower,50528,2.5358244055659136,3.279532009173915,7,7,57,0,0.2249176637724675,synthetic,prior_draw,
greedy_information,50528,5.12083503949675,5.833494452250315,10,10,54,0,0.09203962516334228,synthetic,prior_draw,
random,50529,2.206792234211679,2.9748139432289564,8,6,47,0,0.23457221335927178,synthetic,prior_draw,
lawnmower,50529,2.994734043722157,3.7471041747466156,8,8,56,0,0.21905244114233724,synthetic,prior_draw,
greedy_information,50529,4.49855352506849,5.223093893558741,10,10,54,0,0.11937350044524277,synthetic,prior_draw,
random,50530,1.5609334684454608,2.3870438762044883,10,6,44,0,0.2172393010312291,synthetic,prior_draw,
lawnmower,50530,2.0857179748337997,2.9022331525509086,7,7,57,0,0.17879099495481887,synthetic,prior_draw,
greedy_information,50530,4.569743283519228,5.3567810535458875,10,10,54,0,0.17292690999607913,synthetic,prior_draw,
random,50531,2.2878827669681723,2.9387436539488974,10,7,43,0,0.20665189809661355,synthetic,prior_draw,
lawnmower,50531,3.422328333319255,4.087496167106626,9,9,55,0,0.1633359305276732,synthetic,prior_draw,
greedy_information,50531,4.472078033561224,5.147275988941308,10,10,54,0,0.15645203259191506,synthetic,prior_draw,
random,50532,1.7847355239667062,2.453813823300937,10,6,44,0,0.19034538323615824,synthetic,prior_draw,
lawnmower,50532,2.829178739363058,3.4971426271389,8,8,56,0,0.33061715609441156,synthetic,prior_draw,
greedy_information,50532,4.575207217918017,5.221388043327305,10,10,54,0,0.17326017649152553,synthetic,prior_draw,
random,50533,1.8253412121795143,2.5050483180477627,10,6,47,0,0.2042032799580466,synthetic,prior_draw,
lawnmower,50533,2.4938173095586085,3.1393409404743045,7,7,57,0,0.1058383258463462,synthetic,prior_draw,
greedy_information,50533,5.192029872813832,5.828537299105344,10,10,54,0,0.11357985580570736,synthetic,prior_draw,
random,50534,1.9747027701906357,2.737392610416138,10,7,38,0,0.21271379866162848,synthetic,prior_draw,
lawnmower,50534,3.201587428200312,3.973273563186856,8,8,56,0,0.13324808044056075,synthetic,prior_draw,
greedy_information,50534,4.694313537897993,5.416246835300733,10,10,54,0,0.18189401711302386,synthetic,prior_draw,
random,50535,1.9844163848452618,2.7013412048803795,10,8,45,0,0.23535312676830789,synthetic,prior_draw,
lawnmower,50535,2.912968667309418,3.665255758570295,8,8,56,0,0.21930623444150624,synthetic,prior_draw,
greedy_information,50535,4.810454629083976,5.523904232118694,10,10,54,0,0.16725139376999879,synthetic,prior_draw,
random,50536,1.651618263620469,2.2928751358841684,10,6,40,0,0.26014844315747443,synthetic,prior_draw,
lawnmower,50536,2.099120037134762,2.768723611836644,5,5,59,0,0.2106969657023931,synthetic,prior_draw,
greedy_information,50536,5.20639396615078,5.835209079277558,10,10,54,0,0.0911248933718909,synthetic,prior_draw,
random,50537,1.2650721235741735,2.006729470101328,10,6,44,0,0.2252315128802907,synthetic,prior_draw,
lawnmower,50537,3.11039406383828,3.854642352827992,8,8,56,0,0.22265048955562777,synthetic,prior_draw,
greedy_information,50537,4.500942627666593,5.213659897690219,10,10,54,0,0.1506063461616951,synthetic,prior_draw,
random,50538,1.8345830771610159,2.604075250270153,7,7,44,0,0.23841330487023768,synthetic,prior_draw,
lawnmower,50538,3.0197508926214467,3.784532992600727,8,8,56,0,0.1726789665595583,synthetic,prior_draw,
greedy_information,50538,4.700567967954301,5.426610389171575,10,10,54,0,0.209766453440447,synthetic,prior_draw,
random,50539,2.312260717769093,2.9527999641169274,10,7,40,0,0.17426537088202665,synthetic,prior_draw,
lawnmower,50539,2.7001927452887866,3.3833328460860637,7,7,57,0,0.29218224769490114,synthetic,prior_draw,
greedy_information,50539,4.924655661647547,5.579824304151885,10,10,54,0,0.19865754125700066,synthetic,prior_draw,
random,50540,1.891410761586858,2.5257389647208313,7,3,44,0,0.29177923280920537,synthetic,prior_draw,
lawnmower,50540,2.4445379132867715,3.0926110229585664,7,7,57,0,0.2538674862853216,synthetic,prior_draw,
greedy_information,50540,5.137507797564225,5.753026479294518,10,10,54,0,0.26681682352806635,synthetic,prior_draw,
random,50541,2.907622884482049,3.573065222950314,10,9,46,0,0.20984265418751458,synthetic,prior_draw,
lawnmower,50541,2.349256686555983,3.0059042833448464,7,7,57,0,0.18530749680780406,synthetic,prior_draw,
greedy_information,50541,4.791170339139131,5.405845023183069,10,10,54,0,0.13860031789465949,synthetic,prior_draw,
random,50542,2.753887144900751,3.5346377908810793,9,8,40,0,0.26733979633079225,synthetic,prior_draw,
lawnmower,50542,2.363768124216988,3.1837811505793177,7,7,57,0,0.26078284526405343,synthetic,prior_draw,
greedy_information,50542,4.5408377875381545,5.312237090011075,10,10,54,0,0.2062210380334776,synthetic,prior_draw,
random,50543,1.7167835430586305,2.455336350237206,9,5,42,0,0.22867527894543657,synthetic,prior_draw,
lawnmower,50543,2.959904156680479,3.6788880999254965,8,8,56,0,0.28415003574626907,synthetic,prior_draw,
greedy_information,50543,5.114047408799901,5.807626463890682,10,10,54,0,0.2609280624235014,synthetic,prior_draw,
random,50544,1.9534261082202768,2.6885161443959094,10,7,48,0,0.23016672497673357,synthetic,prior_draw,
lawnmower,50544,3.3963689715220955,4.116898159332694,9,9,55,0,0.17046628478354037,synthetic,prior_draw,
greedy_information,50544,4.716252452753849,5.405944615253779,10,10,54,0,0.14860276709228395,synthetic,prior_draw,
random,50545,1.279222269453157,1.9057009636075826,6,5,51,0,0.17015694767085054,synthetic,prior_draw,
lawnmower,50545,3.109454590518335,3.713714250521536,8,8,56,0,0.16891707735668204,synthetic,prior_draw,
greedy_information,50545,4.747097286329431,5.3473735177760835,10,10,54,0,0.14686556928105876,synthetic,prior_draw,
random,50546,1.9431153658011968,2.7336327297444476,10,7,42,0,0.3462494326815337,synthetic,prior_draw,
lawnmower,50546,3.2639033598870584,4.03350496094316,9,9,55,0,0.22668107368049384,synthetic,prior_draw,
greedy_information,50546,4.729605403727475,5.475970352399683,10,10,54,0,0.19979903736144514,synthetic,prior_draw,
random,50547,2.5087695303175774,3.17543472566724,10,9,43,0,0.22554242924064782,synthetic,prior_draw,
lawnmower,50547,3.0618725835568346,3.7280262414582634,8,8,56,0,0.15118209523604925,synthetic,prior_draw,
greedy_information,50547,4.865733384748488,5.490507868277489,10,10,54,0,0.07468292855788504,synthetic,prior_draw,
random,50548,2.617755111750297,3.246715539262291,10,7,38,0,0.17662835552454137,synthetic,prior_draw,
lawnmower,50548,2.9909802096974425,3.6594561655731446,8,8,56,0,0.24177996691350945,synthetic,prior_draw,
greedy_information,50548,4.678895126223809,5.326745777000319,10,10,54,0,0.20124721579753155,synthetic,prior_draw,
random,50549,1.8625467593642193,2.5495771278530275,10,5,45,0,0.31718427564880003,synthetic,prior_draw,
lawnmower,50549,2.7293717580923276,3.401724013958788,8,8,56,0,0.252346481288654,synthetic,prior_draw,
greedy_information,50549,4.769367224244718,5.417591803509537,10,10,54,0,0.16476404913066878,synthetic,prior_draw,
random,50550,1.745665901772174,2.412986763646171,8,5,43,0,0.234755669032,synthetic,prior_draw,
lawnmower,50550,2.3748727088767563,3.0542815088378394,7,7,57,0,0.1525925063907524,synthetic,prior_draw,
greedy_information,50550,4.765590711080601,5.394721882957681,10,10,54,0,0.15354590123688922,synthetic,prior_draw,
random,50551,2.4915788977858133,3.2498623717784034,10,6,39,0,0.12707612143277336,synthetic,prior_draw,
lawnmower,50551,2.3474492874863055,3.1252686890125716,7,7,57,0,0.13186064661351113,synthetic,prior_draw,
greedy_information,50551,5.057654984235737,5.798859714082625,10,10,54,0,0.137702999260737,synthetic,prior_draw,
random,50552,2.3330476952648107,3.048755153602122,9,7,41,0,0.24058565390539544,synthetic,prior_draw,
lawnmower,50552,3.4149763195297944,4.124120288579914,8,8,56,0,0.19371214942024326,synthetic,prior_draw,
greedy_information,50552,4.660376183909563,5.331060384860444,10,10,54,0,0.1322047245946719,synthetic,prior_draw,
random,50553,1.4076899798466407,2.2192900492275847,10,5,45,0,0.29863732628554257,synthetic,prior_draw,
lawnmower,50553,2.286657330371926,3.0928842132077294,7,7,57,0,0.2524439491568057,synthetic,prior_draw,
greedy_information,50553,4.731786701374667,5.500256403340907,10,10,54,0,0.21091213667852382,synthetic,prior_draw,
random,50554,2.647619044061516,3.381264897883026,10,6,44,0,0.1606957539072178,synthetic,prior_draw,
lawnmower,50554,2.6155033190818986,3.3265119280441016,7,7,57,0,0.19820806555146997,synthetic,prior_draw,
greedy_information,50554,5.143700600784641,5.8027389929682265,10,10,54,0,0.09298891918314453,synthetic,prior_draw,
random,50555,1.6569789351047453,2.4507765045082657,10,5,41,0,0.2030907824392363,synthetic,prior_draw,
lawnmower,50555,2.3339080354840087,3.1461845904297197,7,7,57,0,0.23400711396332863,synthetic,prior_draw,
greedy_information,50555,4.6963068977304125,5.448501708672776,10,10,54,0,0.24123206325436733,synthetic,prior_draw,
random,50556,1.5317183520754138,2.205986523300827,9,6,44,0,0.3194316161277777,synthetic,prior_draw,
lawnmower,50556,2.4955788052146284,3.16891196107015,6,6,58,0,0.2901875295220675,synthetic,prior_draw,
greedy_information,50556,5.350226484831035,5.97545379526477,10,10,54,0,0.1516651984317056,synthetic,prior_draw,
random,50557,1.8100351916419235,2.5653089482193243,10,5,44,0,0.1804930746121012,synthetic,prior_draw,
lawnmower,50557,3.1614499326638654,3.8897053703735036,8,8,56,0,0.18097291225881823,synthetic,prior_draw,
greedy_information,50557,4.532927993490244,5.2470391644612,10,10,54,0,0.13597278052209716,synthetic,prior_draw,
random,50558,1.6253255381121634,2.3306604554660453,7,6,45,0,0.2830026600543199,synthetic,prior_draw,
lawnmower,50558,2.9376749780931513,3.6129966822265387,8,8,56,0,0.1493142501920026,synthetic,prior_draw,
greedy_information,50558,5.065818989826872,5.714404822120265,10,10,54,0,0.139531783453605,synthetic,prior_draw,
random,50559,1.5381944586218999,2.1656384521511094,9,4,39,0,0.3347565905192102,synthetic,prior_draw,
lawnmower,50559,2.855740095272183,3.501214194624151,7,7,57,0,0.3413135805327396,synthetic,prior_draw,
greedy_information,50559,4.856531920826583,5.46459376178855,10,10,54,0,0.15986397300599572,synthetic,prior_draw,
random,50560,2.0281723998742507,2.8009550388372757,10,6,48,0,0.18831824310225617,synthetic,prior_draw,
lawnmower,50560,2.8648374135894015,3.6244986503780376,8,8,56,0,0.2250620494583432,synthetic,prior_draw,
greedy_information,50560,4.695341406405174,5.413598055078207,10,10,54,0,0.18189895279380208,synthetic,prior_draw,
random,50561,1.7431774155869815,2.393974965990785,8,6,48,0,0.21399292758742688,synthetic,prior_draw,
lawnmower,50561,2.697055752681092,3.3185520553403576,8,8,56,0,0.16250043782021004,synthetic,prior_draw,
greedy_information,50561,4.877737378981951,5.470190553827084,10,10,54,0,0.13545364267862312,synthetic,prior_draw,
random,50562,2.1935853065773463,2.8361025006720606,8,7,42,0,0.3024000815146165,synthetic,prior_draw,
lawnmower,50562,2.6551041991841893,3.2775487046297473,8,8,56,0,0.16739002089848884,synthetic,prior_draw,
greedy_information,50562,4.724615330159119,5.317178940709542,10,10,54,0,0.19722912688627053,synthetic,prior_draw,
random,50563,1.7009222693487553,2.3387926471578413,10,8,37,0,0.21304521012613137,synthetic,prior_draw,
lawnmower,50563,2.9360553787707686,3.6099441629937417,7,7,57,0,0.1757009687666799,synthetic,prior_draw,
greedy_information,50563,5.068706259643383,5.720110530711711,10,10,54,0,0.09608958397698625,synthetic,prior_draw,
random,50564,1.1907251024517151,2.0096104593039814,7,7,49,0,0.3016949108953523,synthetic,prior_draw,
lawnmower,50564,1.8486228649706995,2.659210904577902,6,6,58,0,0.3242833751121253,synthetic,prior_draw,
greedy_information,50564,4.684722809808149,5.462089812677593,10,10,54,0,0.2558611484949527,synthetic,prior_draw,
random,50565,1.9721847719060286,2.717384457833317,8,6,42,0,0.21867404026180898,synthetic,prior_draw,
lawnmower,50565,2.3858791661052514,3.1291071085450675,7,7,57,0,0.19683074896372205,synthetic,prior_draw,
greedy_information,50565,4.5847783683467025,5.308694750524175,10,10,54,0,0.21714931979149663,synthetic,prior_draw,
random,50566,1.7312876473272434,2.448998944321624,10,6,38,0,0.28414132450201035,synthetic,prior_draw,
lawnmower,50566,3.0730915500812683,3.7900469048986514,9,9,55,0,0.3216475301638302,synthetic,prior_draw,
greedy_information,50566,4.62327522893293,5.312756789583661,10,10,54,0,0.24902959779529282,synthetic,prior_draw,
random,50567,2.367235009087391,3.1500914667110673,10,9,45,0,0.24987554653249067,synthetic,prior_draw,
lawnmower,50567,2.335544477622303,3.108590133146389,7,7,57,0,0.26381914987459354,synthetic,prior_draw,
greedy_information,50567,5.061992638779342,5.784698807653482,10,10,54,0,0.16817190435716273,synthetic,prior_draw,
random,50568,2.0794861046016417,2.797073017390855,10,7,41,0,0.3422151580764161,synthetic,prior_draw,
lawnmower,50568,3.877102888439181,4.574531346404822,10,10,54,0,0.13716915283334247,synthetic,prior_draw,
greedy_information,50568,4.424107604012389,5.11482054051327,10,10,54,0,0.20458908630171455,synthetic,prior_draw,
random,50569,1.9337421112008708,2.6067895739791047,10,7,48,0,0.21428215495905586,synthetic,prior_draw,
lawnmower,50569,2.5580266010464214,3.1946270625988396,8,8,56,0,0.30520976388482923,synthetic,prior_draw,
greedy_information,50569,5.224691597366662,5.832489626956898,10,10,54,0,0.1375680462196717,synthetic,prior_draw,
random,50570,2.2980494896899373,3.0528602457082035,10,6,45,0,0.1285931981988588,synthetic,prior_draw,
lawnmower,50570,2.004655362693298,2.7445876306125525,6,6,58,0,0.18808382795930684,synthetic,prior_draw,
greedy_information,50570,4.62642811091112,5.309691537428832,10,10,54,0,0.16226865341671654,synthetic,prior_draw,
random,50571,2.1036857527240755,2.747592428123875,9,5,44,0,0.23946981762197708,synthetic,prior_draw,
lawnmower,50571,2.690966565636483,3.3162751111233235,8,8,56,0,0.2563688876132026,synthetic,prior_draw,
greedy_information,50571,5.11890003821654,5.732396112451304,10,10,54,0,0.17615726014572963,synthetic,prior_draw,
random,50572,1.9273198618303742,2.5451393355207124,10,8,39,0,0.2669760389340173,synthetic,prior_draw,
lawnmower,50572,2.453719604949874,3.114583825195563,7,7,57,0,0.10624093701428583,synthetic,prior_draw,
greedy_information,50572,4.728334938657482,5.35400589065892,10,10,54,0,0.14180710561077658,synthetic,prior_draw,
random,50573,1.7850128873632038,2.563911578837205,7,7,43,0,0.33293118782419184,synthetic,prior_draw,
lawnmower,50573,2.728445164722817,3.5160872038186524,7,7,57,0,0.2956877971745918,synthetic,prior_draw,
greedy_information,50573,4.4799807599072805,5.232432502304611,10,10,54,0,0.2219203996823014,synthetic,prior_draw,
random,50574,2.427174697584736,3.142575732105666,10,7,39,0,0.28107912799976736,synthetic,prior_draw,
lawnmower,50574,2.371940157584816,3.1295562148381366,7,7,57,0,0.23333642144501654,synthetic,prior_draw,
greedy_information,50574,4.495575897439692,5.220116307657975,10,10,54,0,0.18756121277338544,synthetic,prior_draw,
random,50575,1.35170091240409,2.0634591739590267,9,6,46,0,0.1727164309729084,synthetic,prior_draw,
lawnmower,50575,2.939170585763112,3.629079121525853,8,8,56,0,0.1782596460279089,synthetic,prior_draw,
greedy_information,50575,5.0339705784685655,5.684608268234991,10,10,54,0,0.11703938603942378,synthetic,prior_draw,
random,50576,2.272210629442133,2.9561302946530885,9,7,42,0,0.3475104900230016,synthetic,prior_draw,
lawnmower,50576,2.3650876909594523,3.0508655043362016,7,7,57,0,0.20869553039385802,synthetic,prior_draw,
greedy_information,50576,5.144983310518552,5.803381922000303,10,10,54,0,0.1792085535116818,synthetic,prior_draw,
random,50577,2.4820513606071213,3.180526275576165,10,8,44,0,0.24356219600601342,synthetic,prior_draw,
lawnmower,50577,2.8993073414158497,3.5993593252682694,8,8,56,0,0.23785088925358033,synthetic,prior_draw,
greedy_information,50577,4.8666441989172835,5.535242603661462,10,10,54,0,0.1939913778129813,synthetic,prior_draw,
random,50578,2.5594202578202383,3.1770471769748325,10,7,41,0,0.21888011583036376,synthetic,prior_draw,
lawnmower,50578,2.6794092552600404,3.3053782633453848,7,7,57,0,0.23961676863114537,synthetic,prior_draw,
greedy_information,50578,4.920652260649176,5.512965505592465,10,10,54,0,0.20549926444047006,synthetic,prior_draw,
random,50579,2.0757056532640927,2.7112445458744276,10,5,41,0,0.21998105448075117,synthetic,prior_draw,
lawnmower,50579,2.981278424987142,3.611933209295687,8,8,56,0,0.23914159041936767,synthetic,prior_draw,
greedy_information,50579,4.691267336382706,5.320484297222714,10,10,54,0,0.21287731994734774,synthetic,prior_draw,
random,50580,1.9283000445839082,2.671735651622395,10,7,39,0,0.27188690481872596,synthetic,prior_draw,
lawnmower,50580,2.6904733682445836,3.4312577719531228,7,7,57,0,0.17161071801654063,synthetic,prior_draw,
greedy_information,50580,4.5367745476538905,5.247229629481521,10,10,54,0,0.15339318983592456,synthetic,prior_draw,
random,50581,1.435020618626812,2.1530936299087857,10,6,37,0,0.354504948246682,synthetic,prior_draw,
lawnmower,50581,2.9383112907657427,3.65346681501419,8,8,56,0,0.2521010267664872,synthetic,prior_draw,
greedy_information,50581,4.978590933569314,5.65925951396837,10,10,54,0,0.19057021898933538,synthetic,prior_draw,
random,50582,2.736123172577309,3.5229206600995617,10,7,44,0,0.1817037629692735,synthetic,prior_draw,
lawnmower,50582,2.217579340984215,3.0169258476511165,6,6,58,0,0.20988627587663325,synthetic,prior_draw,
greedy_information,50582,4.968340011936895,5.710054379080976,10,10,54,0,0.21527197130991793,synthetic,prior_draw,
random,50583,1.3694648659429356,2.0688979379897083,9,5,46,0,0.24749165143945442,synthetic,prior_draw,
lawnmower,50583,2.4078215272786316,3.069382843604219,8,8,56,0,0.24196240591676965,synthetic,prior_draw,
greedy_information,50583,5.1586832723123015,5.786312947872516,10,10,54,0,0.19751472394203068,synthetic,prior_draw,
random,50584,2.681751653843813,3.4302493595775685,10,8,41,0,0.2617566346657608,synthetic,prior_draw,
lawnmower,50584,2.963135822440629,3.7135483780207412,8,8,56,0,0.19867731256539223,synthetic,prior_draw,
greedy_information,50584,4.769389995790883,5.493731319305982,10,10,54,0,0.17739923708762093,synthetic,prior_draw,
random,50585,1.0215892771668174,1.704104911999579,10,5,43,0,0.18808469335030245,synthetic,prior_draw,
lawnmower,50585,3.117770595816171,3.8040483028742544,8,8,56,0,0.12889082533666008,synthetic,prior_draw,
greedy_information,50585,5.062649268979123,5.7158452575051,10,10,54,0,0.12483802749547007,synthetic,prior_draw,
random,50586,1.5379254138651715,2.2334361707693327,10,6,45,0,0.14394789972234162,synthetic,prior_draw,
lawnmower,50586,3.1496717082098398,3.8440222104936983,8,8,56,0,0.1233303863414038,synthetic,prior_draw,
greedy_information,50586,4.572632949904857,5.253068638986576,10,10,54,0,0.1312830407695902,synthetic,prior_draw,
random,50587,1.9924158333112962,2.7960887539646224,10,8,46,0,0.20891571334028494,synthetic,prior_draw,
lawnmower,50587,2.5761235087676786,3.36479866184206,8,8,56,0,0.19903548407872423,synthetic,prior_draw,
greedy_information,50587,4.769751443377438,5.525228140876796,10,10,54,0,0.18140471177106188,synthetic,prior_draw,
random,50588,1.7809663086931125,2.4766457379821976,10,7,37,0,0.16817276863563246,synthetic,prior_draw,
lawnmower,50588,2.306856324152121,3.0319795087056636,7,7,57,0,0.20260882809343805,synthetic,prior_draw,
greedy_information,50588,4.480939819968091,5.176511380233129,10,10,54,0,0.12208677252009688,synthetic,prior_draw,
random,50589,2.14521839847318,2.830818417668666,10,7,43,0,0.19994694363293788,synthetic,prior_draw,
lawnmower,50589,2.434715724892227,3.131883334962727,7,7,57,0,0.23309358117035137,synthetic,prior_draw,
greedy_information,50589,5.009940813304219,5.686776358449842,10,10,54,0,0.1770364555414826,synthetic,prior_draw,
random,50590,2.194049259203707,2.8302378017724608,9,7,48,0,0.16481051336760777,synthetic,prior_draw,
lawnmower,50590,3.402341839713757,4.002081042105385,9,9,55,0,0.19304458271389746,synthetic,prior_draw,
greedy_information,50590,4.839682452514595,5.431202758147366,10,10,54,0,0.10838299712087203,synthetic,prior_draw,
random,50591,2.0537965636647124,2.7253364772329625,10,7,37,0,0.14919718279805774,synthetic,prior_draw,
lawnmower,50591,2.9814940007351467,3.6997346181161883,7,7,57,0,0.12985092639488363,synthetic,prior_draw,
greedy_information,50591,4.489390229120308,5.182486363819477,10,10,54,0,0.1059282355963116,synthetic,prior_draw,
random,50592,1.5729795439231704,2.2554719905191334,7,5,48,0,0.1801903462700881,synthetic,prior_draw,
lawnmower,50592,3.3145976338259864,3.981168578301858,9,9,55,0,0.22165186214177388,synthetic,prior_draw,
greedy_information,50592,4.6898273421657075,5.3516693109116735,10,10,54,0,0.16871454883985468,synthetic,prior_draw,
random,50593,2.323510157365958,3.0334003104464498,8,6,43,0,0.228517161923182,synthetic,prior_draw,
lawnmower,50593,2.377459289995638,3.1237415065495844,6,6,58,0,0.3645192620748481,synthetic,prior_draw,
greedy_information,50593,4.9890811060524864,5.695151532398115,10,10,54,0,0.15832832648483058,synthetic,prior_draw,
random,50594,2.2465492219969767,2.9557499155886138,10,7,37,0,0.23052404224805242,synthetic,prior_draw,
lawnmower,50594,2.7984912810632516,3.5394296066639193,8,8,56,0,0.29564732269553073,synthetic,prior_draw,
greedy_information,50594,4.338889241249981,5.059476075679483,10,10,54,0,0.25155755834123816,synthetic,prior_draw,
random,50595,1.797239316483779,2.416487151910551,7,6,44,0,0.16350887970673864,synthetic,prior_draw,
lawnmower,50595,2.3974709050186065,3.0326977776731168,7,7,57,0,0.11752848607192792,synthetic,prior_draw,
greedy_information,50595,4.658028848693729,5.269216094474007,10,10,54,0,0.119886766679783,synthetic,prior_draw,
random,50596,2.671782168141064,3.4320448132653807,10,4,37,0,0.18972354538371128,synthetic,prior_draw,
lawnmower,50596,3.071284978853293,3.857689962459612,8,8,56,0,0.21561188094781414,synthetic,prior_draw,
greedy_information,50596,4.665510353139587,5.412747094062438,10,10,54,0,0.2202874278625608,synthetic,prior_draw,
random,50597,1.3623817641338172,2.1403040062958656,7,4,48,0,0.19119785815663148,synthetic,prior_draw,
lawnmower,50597,2.3668249162014745,3.1285143127066464,7,7,57,0,0.2570647509227586,synthetic,prior_draw,
greedy_information,50597,4.930786258192115,5.658393970961083,10,10,54,0,0.1548718052120814,synthetic,prior_draw,
random,50598,1.9513944885543966,2.692388057241617,10,7,45,0,0.18182775594938858,synthetic,prior_draw,
lawnmower,50598,2.2613979962118207,3.004789050885985,7,7,57,0,0.16005341679193855,synthetic,prior_draw,
greedy_information,50598,4.337954379200626,5.050213537016811,10,10,54,0,0.10511427769417292,synthetic,prior_draw,
random,50599,2.5083955635396755,3.222057804399729,10,7,39,0,0.17345920029576947,synthetic,prior_draw,
lawnmower,50599,2.521039759956833,3.2675694534335387,7,7,57,0,0.14819149801915335,synthetic,prior_draw,
greedy_information,50599,4.332333827976144,5.042333565190047,10,10,54,0,0.12143573058475175,synthetic,prior_draw,
random,50600,1.9667939258263853,2.6883012034254987,7,6,50,0,0.25838047530242614,synthetic,prior_draw,
lawnmower,50600,3.0072566321865755,3.6894621955525477,8,8,56,0,0.24785464252903486,synthetic,prior_draw,
greedy_information,50600,4.735190558606571,5.386256546041121,10,10,54,0,0.18298384264218923,synthetic,prior_draw,
random,50601,1.785534540027296,2.559746031098034,10,5,46,0,0.18968702992244305,synthetic,prior_draw,
lawnmower,50601,2.2708095731226017,3.0511913930804817,7,7,57,0,0.1879826548697812,synthetic,prior_draw,
greedy_information,50601,4.43896103482628,5.168632854876792,10,10,54,0,0.15522163718168253,synthetic,prior_draw,
random,50602,1.941630561854782,2.6653714506131596,7,4,37,0,0.2807126998982299,synthetic,prior_draw,
lawnmower,50602,3.0667493374598536,3.7845264921652784,9,9,55,0,0.2234922334931199,synthetic,prior_draw,
greedy_information,50602,4.49884411929575,5.197113856094922,10,10,54,0,0.17362185393866117,synthetic,prior_draw,
random,50603,1.4974144833626264,2.2429244398514716,10,5,36,0,0.301869340647969,synthetic,prior_draw,
lawnmower,50603,2.560392983089215,3.3299642462159977,7,7,57,0,0.3025215729654803,synthetic,prior_draw,
greedy_information,50603,4.441121005865478,5.171849788596659,10,10,54,0,0.17904894510426564,synthetic,prior_draw,
random,50604,1.811917683874815,2.5324565838940467,7,6,45,0,0.16532886341996106,synthetic,prior_draw,
lawnmower,50604,3.0225274216574456,3.766221955701648,8,8,56,0,0.15886658281299085,synthetic,prior_draw,
greedy_information,50604,4.630545080825706,5.350947602829865,10,10,54,0,0.1616984164730684,synthetic,prior_draw,
random,50605,1.3648549916883137,2.1054093766121533,8,7,42,0,0.30057026595298714,synthetic,prior_draw,
lawnmower,50605,2.3807595568762214,3.132658040893444,7,7,57,0,0.1352146315282367,synthetic,prior_draw,
greedy_information,50605,4.707001392575414,5.457858950068237,10,10,54,0,0.24700142787779433,synthetic,prior_draw,
random,50606,1.8262569034009113,2.578841967592153,8,6,48,0,0.19066311134399352,synthetic,prior_draw,
lawnmower,50606,2.386653105665863,3.102167129172703,7,7,57,0,0.16501557401469452,synthetic,prior_draw,
greedy_information,50606,4.548786316163199,5.235374752704786,10,10,54,0,0.18393418349241683,synthetic,prior_draw,
random,50607,1.854255128780113,2.4554445018006463,10,6,43,0,0.16559268861316595,synthetic,prior_draw,
lawnmower,50607,2.671029338136355,3.3015391411927126,7,7,57,0,0.28846405018724336,synthetic,prior_draw,
greedy_information,50607,4.710290572662315,5.347136164439829,10,10,54,0,0.14565842176467175,synthetic,prior_draw,
random,50608,2.2342939395459216,2.963667988368186,9,9,39,0,0.27957970016419875,synthetic,prior_draw,
lawnmower,50608,2.425026261088503,3.1829705786723568,7,7,57,0,0.22048721594520823,synthetic,prior_draw,
greedy_information,50608,4.351114781978357,5.074234899289954,10,10,54,0,0.21342616901039996,synthetic,prior_draw,
random,50609,2.9053405040274805,3.5588243630846463,10,8,43,0,0.2053780389577938,synthetic,prior_draw,
lawnmower,50609,3.0732446647357063,3.743365172236719,9,9,55,0,0.12830154629440846,synthetic,prior_draw,
greedy_information,50609,4.478352218054742,5.146905912549223,10,10,54,0,0.12974047586017554,synthetic,prior_draw,
random,50610,2.6469241670309014,3.430595884915392,10,7,43,0,0.21201054557425603,synthetic,prior_draw,
lawnmower,50610,2.3649990797067115,3.1828392005874524,7,7,57,0,0.2721510728956508,synthetic,prior_draw,
greedy_information,50610,4.727334745086428,5.506477313049484,10,10,54,0,0.19223825448356996,synthetic,prior_draw,
random,50611,1.9044267474467984,2.655424411360296,9,6,39,0,0.2573235660941181,synthetic,prior_draw,
lawnmower,50611,2.2414946525686803,3.0055181797526944,7,7,57,0,0.23972334399825032,synthetic,prior_draw,
greedy_information,50611,4.36615643863618,5.0906943483705485,10,10,54,0,0.2991725453744911,synthetic,prior_draw,
random,50612,1.7855798699427963,2.4493997750495415,10,8,40,0,0.16201442127144114,synthetic,prior_draw,
lawnmower,50612,3.2944678045327382,3.9915254624564906,8,8,56,0,0.16605155565051552,synthetic,prior_draw,
greedy_information,50612,5.220589998579929,5.881177179044167,10,10,54,0,0.1444835432453313,synthetic,prior_draw,
random,50613,1.9941666940888834,2.739877301156463,10,4,39,0,0.17309446206159582,synthetic,prior_draw,
lawnmower,50613,3.049677967756677,3.7786015292958863,9,9,55,0,0.17916387566820596,synthetic,prior_draw,
greedy_information,50613,4.680145381571161,5.3776965856306145,10,10,54,0,0.1368912161435618,synthetic,prior_draw,
random,50614,1.5696728563995106,2.2328663840353538,9,7,48,0,0.22513285132166455,synthetic,prior_draw,
lawnmower,50614,3.0520654949509334,3.712697734777586,8,8,56,0,0.07646395301153334,synthetic,prior_draw,
greedy_information,50614,4.525446558170215,5.164880489035418,10,10,54,0,0.1269156528433275,synthetic,prior_draw,
random,50615,1.4860483304923546,2.1811737729680623,8,5,42,0,0.13677288287839112,synthetic,prior_draw,
lawnmower,50615,2.4766635699057957,3.1715657874035625,7,7,57,0,0.12909051201875196,synthetic,prior_draw,
greedy_information,50615,4.6268243585427395,5.304910375888277,10,10,54,0,0.14537478531239967,synthetic,prior_draw,
random,50616,2.405679336013952,3.1726030606193554,10,8,41,0,0.16393164778896038,synthetic,prior_draw,
lawnmower,50616,2.2258182246774227,3.020650536723693,6,6,58,0,0.27309508316060016,synthetic,prior_draw,
greedy_information,50616,5.0645266023323,5.808213119466526,10,10,54,0,0.12346655096281216,synthetic,prior_draw,
random,50617,2.675365347800159,3.4361725813304975,10,7,43,0,0.22881304763433039,synthetic,prior_draw,
lawnmower,50617,3.187094968104089,3.9700004695616746,8,8,56,0,0.2037020920358271,synthetic,prior_draw,
greedy_information,50617,4.532079834691303,5.271255600038927,10,10,54,0,0.18795889697649332,synthetic,prior_draw,
random,50618,1.8268898312644528,2.5008681867729736,10,8,41,0,0.2587405912425712,synthetic,prior_draw,
lawnmower,50618,3.0679184953702956,3.734672194952166,8,8,56,0,0.15127512569672302,synthetic,prior_draw,
greedy_information,50618,5.0692489286883315,5.703077223439678,10,10,54,0,0.1433038202678552,synthetic,prior_draw,
random,50619,1.3383328438912656,2.106599535592332,6,5,43,0,0.31605641748845487,synthetic,prior_draw,
lawnmower,50619,2.834435142525581,3.591560366612737,8,8,56,0,0.2390092677046784,synthetic,prior_draw,
greedy_information,50619,4.3856778417084685,5.093318961022007,10,10,54,0,0.26352433448839463,synthetic,prior_draw,
random,50620,2.253543121051688,3.0091135210874476,10,7,45,0,0.15710723050077846,synthetic,prior_draw,
lawnmower,50620,2.5414774278814622,3.3007492621583885,7,7,57,0,0.18881831548367134,synthetic,prior_draw,
greedy_information,50620,4.618648021854435,5.33200146503966,10,10,54,0,0.11419421521598973,synthetic,prior_draw,
random,50621,2.467057679394939,3.256426910794975,10,7,41,0,0.26127134127681095,synthetic,prior_draw,
lawnmower,50621,2.915141269550844,3.70306252475352,8,8,56,0,0.1515866530522781,synthetic,prior_draw,
greedy_information,50621,4.744942515559182,5.505274430538211,10,10,54,0,0.15113253643580693,synthetic,prior_draw,
random,50622,2.671547514998709,3.368249952627701,10,8,45,0,0.18182362697253504,synthetic,prior_draw,
lawnmower,50622,3.0571025084502867,3.752536729398651,8,8,56,0,0.25106498818393364,synthetic,prior_draw,
greedy_information,50622,4.984347465454115,5.651271885083048,10,10,54,0,0.18663882654546127,synthetic,prior_draw,
random,50623,1.6299847568240735,2.420590080431644,10,6,41,0,0.34692667631872454,synthetic,prior_draw,
lawnmower,50623,1.9679531551485203,2.7701455372156736,6,6,58,0,0.3717679889464387,synthetic,prior_draw,
greedy_information,50623,4.5974905481298505,5.356471434694333,10,10,54,0,0.1555591905223507,synthetic,prior_draw,
random,50624,1.5874377673241369,2.3244543646821674,10,4,30,0,0.20568143562165853,synthetic,prior_draw,
lawnmower,50624,2.4103449012000886,3.19236651842677,7,7,57,0,0.1737168424946621,synthetic,prior_draw,
greedy_information,50624,4.840474077358891,5.578062065537243,10,10,54,0,0.15373932378212413,synthetic,prior_draw,
random,50625,2.373353309254468,3.0222429592894438,10,6,42,0,0.19921343156779409,synthetic,prior_draw,
lawnmower,50625,2.161538212905646,2.8207191425367206,6,6,58,0,0.17282603349579936,synthetic,prior_draw,
greedy_information,50625,4.860964360909281,5.49740482927092,10,10,54,0,0.13023039141906545,synthetic,prior_draw,
random,50626,1.8204693488069235,2.608706625877409,10,7,40,0,0.24921415764515992,synthetic,prior_draw,
lawnmower,50626,2.4674315671314666,3.259665174596821,7,7,57,0,0.298597562720685,synthetic,prior_draw,
greedy_information,50626,4.593603821542361,5.346169594099395,10,10,54,0,0.30458046654304527,synthetic,prior_draw,
random,50627,1.5118795907513747,2.1757086814703785,7,6,47,0,0.3187417528431194,synthetic,prior_draw,
lawnmower,50627,2.764419698628437,3.420160075480066,8,8,56,0,0.15305520345783669,synthetic,prior_draw,
greedy_information,50627,5.274053656476382,5.898990587372786,10,10,54,0,0.15852836685803462,synthetic,prior_draw,
random,50628,1.636044118463212,2.4627124806028338,6,6,48,0,0.27361557177768947,synthetic,prior_draw,
lawnmower,50628,2.185692416767095,2.997657132499896,7,7,57,0,0.24284273877241327,synthetic,prior_draw,
greedy_information,50628,4.765370052192547,5.539722687053068,10,10,54,0,0.16794073181316307,synthetic,prior_draw,
random,50629,3.121029811653901,3.7628445045451837,10,8,39,0,0.1543820752018758,synthetic,prior_draw,
lawnmower,50629,3.1211723962896922,3.813324503275177,9,9,55,0,0.14572405243941072,synthetic,prior_draw,
greedy_information,50629,4.386365721793047,5.043720716629418,10,10,54,0,0.17780613880449203,synthetic,prior_draw,
random,50630,1.9182189893169403,2.657519525158318,10,8,46,0,0.263132039777162,synthetic,prior_draw,
lawnmower,50630,3.260890422041766,3.968228051547018,9,9,55,0,0.21115294375510021,synthetic,prior_draw,
greedy_information,50630,4.513872738709972,5.2059396949643855,10,10,54,0,0.2538235733464485,synthetic,prior_draw,
random,50631,1.852456297737079,2.5155756788323274,10,7,39,0,0.292390758795065,synthetic,prior_draw,
lawnmower,50631,2.8411900910506023,3.518008319699631,8,8,56,0,0.10746457422116354,synthetic,prior_draw,
greedy_information,50631,5.12637141475199,5.7874917866310085,10,10,54,0,0.17291595933338033,synthetic,prior_draw,
random,50632,2.4755548487986383,3.205946870334611,10,6,44,0,0.36129000971376646,synthetic,prior_draw,
lawnmower,50632,2.182564062865661,2.8875583040803656,7,7,57,0,0.2342614688785879,synthetic,prior_draw,
greedy_information,50632,5.0712630010353905,5.735299991539484,10,10,54,0,0.12641949216570034,synthetic,prior_draw,
random,50633,2.503527477964921,3.1403776293885266,10,8,42,0,0.3299216713125282,synthetic,prior_draw,
lawnmower,50633,3.1230252080184377,3.7468923150518645,9,9,55,0,0.19378070131102967,synthetic,prior_draw,
greedy_information,50633,4.663383324973569,5.263223603061682,10,10,54,0,0.2066316362314244,synthetic,prior_draw,
random,50634,1.6999599188050727,2.454930661995625,7,6,48,0,0.2015455361195926,synthetic,prior_draw,
lawnmower,50634,1.6921286130783182,2.45357711912712,6,6,58,0,0.15187194567545645,synthetic,prior_draw,
greedy_information,50634,4.679865867034477,5.380854543135528,10,10,54,0,0.11090729801709089,synthetic,prior_draw,
random,50635,1.4236990948587753,2.2179747034795536,8,5,36,0,0.1393177614095419,synthetic,prior_draw,
lawnmower,50635,2.812140317581672,3.63183191169238,8,8,56,0,0.133720455706747,synthetic,prior_draw,
greedy_information,50635,4.781317747962738,5.560677994818372,10,10,54,0,0.18427414691483415,synthetic,prior_draw,
random,50636,2.0680266663704505,2.741998462166287,10,7,47,0,0.21050861932051956,synthetic,prior_draw,
lawnmower,50636,2.4453777678495703,3.1216079209723997,5,5,59,0,0.20109375515539019,synthetic,prior_draw,
greedy_information,50636,4.892389098324791,5.536801890066115,10,10,54,0,0.25730668476837626,synthetic,prior_draw,
random,50637,1.488593948638383,2.263522288621765,8,6,38,0,0.16641437165087455,synthetic,prior_draw,
lawnmower,50637,2.4546379419082216,3.2515421501674804,7,7,57,0,0.17792476692403406,synthetic,prior_draw,
greedy_information,50637,4.674880768663865,5.4239248300156016,10,10,54,0,0.2192483016289084,synthetic,prior_draw,
random,50638,1.6300225895371865,2.306504224806858,10,6,43,0,0.28635870375295225,synthetic,prior_draw,
lawnmower,50638,3.46387648194309,4.145830344199945,9,9,55,0,0.15464269347153164,synthetic,prior_draw,
greedy_information,50638,4.741355107415848,5.3997764791594225,10,10,54,0,0.1586348400731481,synthetic,prior_draw,
random,50639,1.6922880534129972,2.4240447949955968,10,6,37,0,0.262304927684212,synthetic,prior_draw,
lawnmower,50639,2.724895796082974,3.4849846861085862,8,8,56,0,0.22865839118488263,synthetic,prior_draw,
greedy_information,50639,4.66303819001893,5.384465779345468,10,10,54,0,0.18839486306177522,synthetic,prior_draw,
random,50640,1.9720704015919308,2.696817188922682,10,8,46,0,0.29187512769661855,synthetic,prior_draw,
lawnmower,50640,2.856859809636531,3.5798807760998406,8,8,56,0,0.1377622723300213,synthetic,prior_draw,
greedy_information,50640,4.718805932886466,5.399745053232605,10,10,54,0,0.20670884201885675,synthetic,prior_draw,
random,50641,2.738239975917783,3.39230325743409,10,5,38,0,0.21690238492095126,synthetic,prior_draw,
lawnmower,50641,3.191325725592932,3.8477409234888147,8,8,56,0,0.24317119213945546,synthetic,prior_draw,
greedy_information,50641,4.8899683828029685,5.537300901431569,10,10,54,0,0.13283592058964724,synthetic,prior_draw,
random,50642,2.0758395015950275,2.8591431453899276,10,8,42,0,0.2072142941558331,synthetic,prior_draw,
lawnmower,50642,3.1198554461936143,3.916291100060022,8,8,56,0,0.14851069110898524,synthetic,prior_draw,
greedy_information,50642,5.155553628129836,5.92240421189645,10,10,54,0,0.10250276793112548,synthetic,prior_draw,
random,50643,1.4970228784813029,2.1606185270790963,9,6,46,0,0.3965339439748013,synthetic,prior_draw,
lawnmower,50643,3.2377597912777776,3.853597441295308,9,9,55,0,0.19659826249401297,synthetic,prior_draw,
greedy_information,50643,4.830199329024581,5.434242411753755,10,10,54,0,0.22410082292291375,synthetic,prior_draw,
random,50644,1.107287139512647,1.9147515115792815,10,4,41,0,0.27313112553925695,synthetic,prior_draw,
lawnmower,50644,2.908420581726957,3.70583756874641,8,8,56,0,0.08307667446405162,synthetic,prior_draw,
greedy_information,50644,4.66467456668268,5.4173373934897775,10,10,54,0,0.08229116005405966,synthetic,prior_draw,
random,50645,3.357640082329586,4.1197984740217715,10,10,43,0,0.1889895720206322,synthetic,prior_draw,
lawnmower,50645,2.929169450407395,3.7194841397384804,8,8,56,0,0.18119880238161523,synthetic,prior_draw,
greedy_information,50645,4.6402790956774425,5.389184768530231,10,10,54,0,0.12783849028942715,synthetic,prior_draw,
random,50646,1.656859372631652,2.3130873014296776,6,6,50,0,0.17466415276976868,synthetic,prior_draw,
lawnmower,50646,2.7306038123568257,3.3698118107001687,8,8,56,0,0.16372933994596212,synthetic,prior_draw,
greedy_information,50646,4.970650205424366,5.598796058560849,10,10,54,0,0.13738793215798456,synthetic,prior_draw,
random,50647,1.9926298995730642,2.647389977884098,7,5,41,0,0.2699408450164722,synthetic,prior_draw,
lawnmower,50647,1.8866172596394168,2.5607608918739757,5,5,59,0,0.3154393016182401,synthetic,prior_draw,
greedy_information,50647,5.135966515730392,5.782065488573814,10,10,54,0,0.10163747652531036,synthetic,prior_draw,
random,50648,2.379127935113171,3.1342345599077333,10,8,41,0,0.26520542648928025,synthetic,prior_draw,
lawnmower,50648,3.0693116963174405,3.845035639926262,8,8,56,0,0.27866284180417916,synthetic,prior_draw,
greedy_information,50648,4.530625201118498,5.275389625020218,10,10,54,0,0.26178362297441127,synthetic,prior_draw,
random,50649,2.4129986534869783,3.1495676804275523,9,7,41,0,0.20285957552725262,synthetic,prior_draw,
lawnmower,50649,2.6750608945260304,3.416159232610627,7,7,57,0,0.2600911503885761,synthetic,prior_draw,
greedy_information,50649,4.688129791525099,5.417648033862082,10,10,54,0,0.20030637713242977,synthetic,prior_draw,
random,50650,1.3297710113515184,2.032594980968079,10,5,41,0,0.22174072111866608,synthetic,prior_draw,
lawnmower,50650,2.7867635179168917,3.4809330573566037,8,8,56,0,0.2318893837767041,synthetic,prior_draw,
greedy_information,50650,4.4761759860557255,5.1369050685472395,10,10,54,0,0.18360717157135337,synthetic,prior_draw,
random,50651,2.9749575347291555,3.6472732347586705,10,6,41,0,0.16827125630118542,synthetic,prior_draw,
lawnmower,50651,2.266229823307081,2.9392915312797294,7,7,57,0,0.2566331593848957,synthetic,prior_draw,
greedy_information,50651,4.749371413374264,5.390272900516172,10,10,54,0,0.09466847324698559,synthetic,prior_draw,
random,50652,2.0999589993518364,2.7588123537888074,10,7,45,0,0.2595771602791101,synthetic,prior_draw,
lawnmower,50652,2.769388439525149,3.3967436645546276,8,8,56,0,0.27569082887634155,synthetic,prior_draw,
greedy_information,50652,4.57980078095587,5.198310416841196,10,10,54,0,0.18893638639793903,synthetic,prior_draw,
random,50653,1.5431557181754632,2.255200644813061,10,7,42,0,0.18842317446541745,synthetic,prior_draw,
lawnmower,50653,2.5561169523312604,3.28256027953009,7,7,57,0,0.16746606644513926,synthetic,prior_draw,
greedy_information,50653,4.7240630753912125,5.402328763848706,10,10,54,0,0.17926017586419343,synthetic,prior_draw,
random,50654,1.4884845314805242,2.2335041501609445,10,3,40,0,0.25561806338381227,synthetic,prior_draw,
lawnmower,50654,2.533994908335106,3.275380890627713,7,7,57,0,0.18729095471645954,synthetic,prior_draw,
greedy_information,50654,4.7014918511200605,5.404843828090275,10,10,54,0,0.12784067411312622,synthetic,prior_draw,
random,50655,1.8513082504118337,2.499579730548505,10,5,37,0,0.28785352046878304,synthetic,prior_draw,
lawnmower,50655,2.225480539352909,2.8770067509700388,6,6,58,0,0.25811636558085865,synthetic,prior_draw,
greedy_information,50655,4.922614480025583,5.545861027868826,10,10,54,0,0.19972283914266717,synthetic,prior_draw,
random,50656,2.273233033648963,3.084072434303462,10,6,37,0,0.21837804922600842,synthetic,prior_draw,
lawnmower,50656,2.5636734179468594,3.3939922926145245,8,8,56,0,0.20207445248662262,synthetic,prior_draw,
greedy_information,50656,4.650096790654092,5.444400288982657,10,10,54,0,0.18955608703646198,synthetic,prior_draw,
random,50657,2.374897230185914,3.057997083933994,10,7,39,0,0.2019658957575393,synthetic,prior_draw,
lawnmower,50657,3.2908877439581463,3.963751226254934,9,9,55,0,0.15285124356945415,synthetic,prior_draw,
greedy_information,50657,4.472741802651171,5.116098676585155,10,10,54,0,0.14335570041536275,synthetic,prior_draw,
random,50658,1.3043720840821118,1.950385900842569,7,6,43,0,0.32748769672796463,synthetic,prior_draw,
lawnmower,50658,3.332868242842752,3.9472161582511793,9,9,55,0,0.18033769732229363,synthetic,prior_draw,
greedy_information,50658,4.603910532781722,5.234853078274477,10,10,54,0,0.14211192605666084,synthetic,prior_draw,
random,50659,2.614347374012053,3.3378244759694,8,6,42,0,0.2339372557028194,synthetic,prior_draw,
lawnmower,50659,3.2160719126679536,3.916352768763105,9,9,55,0,0.12621204492216168,synthetic,prior_draw,
greedy_information,50659,4.614632421934496,5.290233751499506,10,10,54,0,0.11717263489147062,synthetic,prior_draw,
random,50660,2.444186490280712,3.092758572747152,10,9,47,0,0.14418924998127985,synthetic,prior_draw,
lawnmower,50660,2.68920101567098,3.337464500988398,7,7,57,0,0.20463114229591248,synthetic,prior_draw,
greedy_information,50660,4.887318488789112,5.5011332039308085,10,10,54,0,0.1280452794431821,synthetic,prior_draw,
random,50661,2.240394626190809,2.9923154008371577,9,8,45,0,0.17688900226830545,synthetic,prior_draw,
lawnmower,50661,2.3512767728500856,3.125472618611316,7,7,57,0,0.25567353112835944,synthetic,prior_draw,
greedy_information,50661,4.577148898539594,5.299794377724967,10,10,54,0,0.16984247865185653,synthetic,prior_draw,
random,50662,1.5362407227802866,2.2585984424621626,7,3,46,0,0.30204373523618583,synthetic,prior_draw,
lawnmower,50662,3.352556491069351,4.022662850692932,9,9,55,0,0.289945486490273,synthetic,prior_draw,
greedy_information,50662,5.00104708741103,5.661663905427563,10,10,54,0,0.1336960010481754,synthetic,prior_draw,
random,50663,1.8852825314276975,2.6537633433226775,10,6,41,0,0.15607604452972432,synthetic,prior_draw,
lawnmower,50663,2.079346444153482,2.88022090659655,7,7,57,0,0.14570010189284138,synthetic,prior_draw,
greedy_information,50663,4.904076210153567,5.676952378997446,10,10,54,0,0.11489150610615428,synthetic,prior_draw,
random,50664,2.555501866286197,3.2112048985283503,9,7,41,0,0.2440396787103411,synthetic,prior_draw,
lawnmower,50664,2.3335242052399208,2.9946709656326362,7,7,57,0,0.17458065049839228,synthetic,prior_draw,
greedy_information,50664,5.038468640512286,5.674134289078236,10,10,54,0,0.10849850842712903,synthetic,prior_draw,
random,50665,1.527980542566448,2.1782589452287295,9,7,46,0,0.20573321886127244,synthetic,prior_draw,
lawnmower,50665,2.902053995179595,3.529098191932739,8,8,56,0,0.2517883787495456,synthetic,prior_draw,
greedy_information,50665,4.704381279597352,5.302109043586824,10,10,54,0,0.2285613342668263,synthetic,prior_draw,
random,50666,2.107583693388082,2.812926178267407,10,6,43,0,0.2821415663981655,synthetic,prior_draw,
lawnmower,50666,2.1836504627152724,2.890460797763855,6,6,58,0,0.2046450368729163,synthetic,prior_draw,
greedy_information,50666,4.819535792702632,5.479100953214998,10,10,54,0,0.24567757708546645,synthetic,prior_draw,
random,50667,1.8691370332992585,2.6700485600227446,7,5,41,0,0.10992108255929528,synthetic,prior_draw,
lawnmower,50667,2.9069489194634217,3.700583625821474,8,8,56,0,0.09080590977219426,synthetic,prior_draw,
greedy_information,50667,4.464653703096071,5.215088578731999,10,10,54,0,0.1159336330025901,synthetic,prior_draw,
random,50668,1.5893811987711324,2.3632280276632676,8,6,49,0,0.20200191566803277,synthetic,prior_draw,
lawnmower,50668,2.79881964180682,3.547904636234658,8,8,56,0,0.13593974188837393,synthetic,prior_draw,
greedy_information,50668,4.464379043010771,5.191752864409139,10,10,54,0,0.1411906625264777,synthetic,prior_draw,
random,50669,2.6096971927017036,3.2187498866400475,10,8,40,0,0.2641325635709846,synthetic,prior_draw,
lawnmower,50669,3.2436518869984643,3.877009054740222,7,7,57,0,0.16479295721294965,synthetic,prior_draw,
greedy_information,50669,4.583600233736727,5.205919286216672,10,10,54,0,0.1815533915019713,synthetic,prior_draw,
random,50670,1.1258286123570673,1.8576014938674246,10,6,40,0,0.36962963066214843,synthetic,prior_draw,
lawnmower,50670,2.9272757310536175,3.663586293766169,8,8,56,0,0.18146189036077703,synthetic,prior_draw,
greedy_information,50670,5.091078202407298,5.796914416567477,10,10,54,0,0.1720125499849718,synthetic,prior_draw,
random,50671,1.6440563169841136,2.3276326127464158,6,5,47,0,0.14091950691299715,synthetic,prior_draw,
lawnmower,50671,2.6804028256924557,3.351871245279655,8,8,56,0,0.18170381894458779,synthetic,prior_draw,
greedy_information,50671,5.003982615036473,5.643916707786547,10,10,54,0,0.1467442864224985,synthetic,prior_draw,
random,50672,2.170325789655153,2.8806809743194086,10,6,40,0,0.41367273789035125,synthetic,prior_draw,
lawnmower,50672,3.1532082483039203,3.869964535358367,9,9,55,0,0.21857628349118705,synthetic,prior_draw,
greedy_information,50672,4.5048491467468335,5.197376202687795,10,10,54,0,0.18424438106814486,synthetic,prior_draw,
random,50673,1.528727301795369,2.286819807592028,10,3,41,0,0.19048964166197152,synthetic,prior_draw,
lawnmower,50673,3.212947380070382,3.969230789547602,9,9,55,0,0.14851044551622555,synthetic,prior_draw,
greedy_information,50673,4.257080943178677,4.983979670451956,10,10,54,0,0.17176902140019643,synthetic,prior_draw,
random,50674,2.1630210247964516,2.9386409399667355,10,6,41,0,0.2335585863571446,synthetic,prior_draw,
lawnmower,50674,2.468050068351963,3.273670102707491,7,7,57,0,0.24947061535219542,synthetic,prior_draw,
greedy_information,50674,4.787913073706871,5.556207865302999,10,10,54,0,0.16363127884438347,synthetic,prior_draw,
random,50675,2.252357265415012,2.948869202758362,10,6,43,0,0.34413498205497445,synthetic,prior_draw,
lawnmower,50675,3.0522780083253687,3.741576486308263,9,9,55,0,0.15926212870175596,synthetic,prior_draw,
greedy_information,50675,4.863005622661619,5.524656304482707,10,10,54,0,0.12639280627389013,synthetic,prior_draw,
random,50676,1.6359175785588485,2.475539733920326,10,8,45,0,0.29217065935973374,synthetic,prior_draw,
lawnmower,50676,2.8134542668736198,3.6460899689538304,8,8,56,0,0.226225759339782,synthetic,prior_draw,
greedy_information,50676,4.962034202844374,5.745457454458486,10,10,54,0,0.13931780582774436,synthetic,prior_draw,
random,50677,1.6200988571014925,2.3189492646919154,10,7,41,0,0.2874204297521018,synthetic,prior_draw,
lawnmower,50677,2.6005889359027448,3.3020290171586377,8,8,56,0,0.30471460317787274,synthetic,prior_draw,
greedy_information,50677,4.80268047832262,5.4919532098174315,10,10,54,0,0.15169875041656697,synthetic,prior_draw,
random,50678,2.038668030319608,2.7248623593360444,10,7,43,0,0.2612695493937224,synthetic,prior_draw,
lawnmower,50678,2.76825338900844,3.443093548292088,8,8,56,0,0.1390050257981027,synthetic,prior_draw,
greedy_information,50678,4.794227827463869,5.445626375292596,10,10,54,0,0.12272492452337445,synthetic,prior_draw,
random,50679,1.188047174899927,1.8710189169184281,10,5,37,0,0.24798403041534148,synthetic,prior_draw,
lawnmower,50679,3.347098055790579,4.055287483821566,10,10,54,0,0.3103181704430578,synthetic,prior_draw,
greedy_information,50679,4.97522345562009,5.662973204444512,10,10,54,0,0.24541798793553612,synthetic,prior_draw,
random,50680,2.010443611928471,2.729492955441402,10,7,48,0,0.21703937835819226,synthetic,prior_draw,
lawnmower,50680,2.540170539885804,3.265825437260375,7,7,57,0,0.24571451030534047,synthetic,prior_draw,
greedy_information,50680,4.727106467026793,5.428562166345056,10,10,54,0,0.1241577237515953,synthetic,prior_draw,
random,50681,1.4961897646381082,2.122856800489531,10,6,41,0,0.3470461953894581,synthetic,prior_draw,
lawnmower,50681,2.367143763106323,3.017407328204236,7,7,57,0,0.2447471350711572,synthetic,prior_draw,
greedy_information,50681,5.2806602078142415,5.906168974979885,10,10,54,0,0.21720951592725238,synthetic,prior_draw,
random,50682,2.2448359075026127,2.9942946357080444,10,8,43,0,0.14500685077358694,synthetic,prior_draw,
lawnmower,50682,2.69890598695432,3.4821483009690852,8,8,56,0,0.21000117635743618,synthetic,prior_draw,
greedy_information,50682,4.474293837278805,5.2106409962531774,10,10,54,0,0.20086275709002557,synthetic,prior_draw,
random,50683,2.6962376210557015,3.4859014225588005,10,6,43,0,0.15277120093222785,synthetic,prior_draw,
lawnmower,50683,2.2495037771783464,3.041409426256783,7,7,57,0,0.20026589180880913,synthetic,prior_draw,
greedy_information,50683,4.970644214405078,5.712219934675025,10,10,54,0,0.17302427920848307,synthetic,prior_draw,
random,50684,1.6343541716028824,2.312003053789543,10,8,41,0,0.1800957730691074,synthetic,prior_draw,
lawnmower,50684,2.4317924358055,3.137968088108583,8,8,56,0,0.11917775528948513,synthetic,prior_draw,
greedy_information,50684,4.904668359810485,5.57329099673905,10,10,54,0,0.18174812335455787,synthetic,prior_draw,
random,50685,2.3205383937700597,2.9803955273328704,10,7,42,0,0.24511126899203023,synthetic,prior_draw,
lawnmower,50685,2.019144865312959,2.6914031463586037,5,5,59,0,0.33966438018793355,synthetic,prior_draw,
greedy_information,50685,5.046213185965949,5.66996414289409,10,10,54,0,0.1413744047652076,synthetic,prior_draw,
random,50686,1.514026736757485,2.3207340558519323,10,8,48,0,0.11887496271382841,synthetic,prior_draw,
lawnmower,50686,3.375442220511917,4.169878774555821,9,9,55,0,0.123012454697323,synthetic,prior_draw,
greedy_information,50686,4.5868207718363525,5.361254198752438,10,10,54,0,0.11747624941935529,synthetic,prior_draw,
random,50687,1.716314052445146,2.3798652913714973,10,6,41,0,0.19816908788413376,synthetic,prior_draw,
lawnmower,50687,3.3216082710965282,4.012641943836854,8,8,56,0,0.12565312557914962,synthetic,prior_draw,
greedy_information,50687,4.941659172992368,5.612171675861434,10,10,54,0,0.1752279594191969,synthetic,prior_draw,
random,50688,2.183630844781529,2.8862977924811593,10,6,46,0,0.4061612731939776,synthetic,prior_draw,
lawnmower,50688,2.1766996610212206,2.873993648009306,7,7,57,0,0.4040336271330002,synthetic,prior_draw,
greedy_information,50688,5.411415991675354,6.0653172814804215,10,10,54,0,0.1564275822556994,synthetic,prior_draw,
random,50689,0.7317676267039885,1.4993805503245803,4,4,48,0,0.26697961396557496,synthetic,prior_draw,
lawnmower,50689,2.968053967809437,3.70423090035552,8,8,56,0,0.20520659995386067,synthetic,prior_draw,
greedy_information,50689,5.026035568648699,5.72794521571131,10,10,54,0,0.14664874087031915,synthetic,prior_draw,
random,50690,2.338695707235761,3.019386390430003,10,8,43,0,0.32327661965638826,synthetic,prior_draw,
lawnmower,50690,2.471396347388373,3.162180720568399,7,7,57,0,0.22887847582382204,synthetic,prior_draw,
greedy_information,50690,4.535659757767256,5.177227354137593,10,10,54,0,0.15896453911320252,synthetic,prior_draw,
random,50691,1.3765908101750604,2.090730766488602,10,6,45,0,0.40980359683552664,synthetic,prior_draw,
lawnmower,50691,2.3543963221543756,3.0768034561558326,7,7,57,0,0.3911712900069409,synthetic,prior_draw,
greedy_information,50691,4.928447530619006,5.605121632208085,10,10,54,0,0.15213160861214406,synthetic,prior_draw,
random,50692,2.565547066324047,3.275400898335822,10,9,42,0,0.23051211270399485,synthetic,prior_draw,
lawnmower,50692,2.898173765777249,3.6266687996491007,8,8,56,0,0.19351333790739678,synthetic,prior_draw,
greedy_information,50692,4.411940312612307,5.095609393228664,10,10,54,0,0.1491579336268883,synthetic,prior_draw,
random,50693,1.938595805985909,2.6416091527256653,10,5,48,0,0.281160093814708,synthetic,prior_draw,
lawnmower,50693,3.006900098368202,3.682393111598685,9,9,55,0,0.2046323556863996,synthetic,prior_draw,
greedy_information,50693,4.508723717826934,5.159131675977119,10,10,54,0,0.13414449260113046,synthetic,prior_draw,
random,50694,1.9557875425251856,2.7056791442406922,10,6,47,0,0.19731930172406398,synthetic,prior_draw,
lawnmower,50694,2.834861408841822,3.5814794493311046,8,8,56,0,0.20204400766345,synthetic,prior_draw,
greedy_information,50694,4.805261367428562,5.524465188719233,10,10,54,0,0.12031531669128852,synthetic,prior_draw,
random,50695,2.201788313605434,2.9270030882328104,8,6,43,0,0.19450737166216175,synthetic,prior_draw,
lawnmower,50695,1.9851585456434098,2.6795273498500953,6,6,58,0,0.2298803478957179,synthetic,prior_draw,
greedy_information,50695,5.04569448240578,5.702251310285925,10,10,54,0,0.09117544136810628,synthetic,prior_draw,
random,50696,1.8754456531734838,2.640078537239439,10,9,46,0,0.31970276171586576,synthetic,prior_draw,
lawnmower,50696,1.9100114140724305,2.6648371250197394,5,5,59,0,0.4067953209390286,synthetic,prior_draw,
greedy_information,50696,4.769914693884115,5.485525298540312,10,10,54,0,0.14573595796136696,synthetic,prior_draw,
random,50697,2.065367777158807,2.7989484999396903,10,7,36,0,0.11269536308169542,synthetic,prior_draw,
lawnmower,50697,2.8309135003777497,3.5871858464158253,8,8,56,0,0.15487745337691644,synthetic,prior_draw,
greedy_information,50697,4.31262520698625,5.058395628024888,10,10,54,0,0.15994308282971256,synthetic,prior_draw,
random,50698,1.8501130069649714,2.669111600306762,10,5,47,0,0.17493252035671086,synthetic,prior_draw,
lawnmower,50698,2.3079072233034044,3.1201513361844064,7,7,57,0,0.21112429412574618,synthetic,prior_draw,
greedy_information,50698,5.051751468168587,5.812499394319247,10,10,54,0,0.22730389004324478,synthetic,prior_draw,
random,50699,1.993934875048295,2.6782055511906075,10,6,40,0,0.2860381093491621,synthetic,prior_draw,
lawnmower,50699,2.5446798144353657,3.2249726650433113,7,7,57,0,0.3356728279578905,synthetic,prior_draw,
greedy_information,50699,4.634154222088939,5.297864269673136,10,10,54,0,0.2524572645321752,synthetic,prior_draw,
random,50700,1.5158058919479231,2.153371930792703,10,7,39,0,0.4055287833665819,synthetic,prior_draw,
lawnmower,50700,2.290149705745574,2.966761238883555,7,7,57,0,0.1937952195602325,synthetic,prior_draw,
greedy_information,50700,5.1603950076618625,5.8092465455500255,10,10,54,0,0.13550370378273272,synthetic,prior_draw,
random,50701,2.4086254867624985,3.117200674305552,9,6,43,0,0.26811861715856555,synthetic,prior_draw,
lawnmower,50701,2.8254109036897823,3.5085399144432747,8,8,56,0,0.26220340820855315,synthetic,prior_draw,
greedy_information,50701,4.437962554904476,5.082789879498933,10,10,54,0,0.20153258135788518,synthetic,prior_draw,
random,50702,2.665698306780618,3.3671238063190487,10,8,41,0,0.28076345785711726,synthetic,prior_draw,
lawnmower,50702,3.1880750382939356,3.8815350146433794,8,8,56,0,0.27694681084163264,synthetic,prior_draw,
greedy_information,50702,4.751065434923531,5.413027601534941,10,10,54,0,0.1961769624669575,synthetic,prior_draw,
random,50703,2.8335243741459584,3.595708870459677,10,8,45,0,0.09521305426001989,synthetic,prior_draw,
lawnmower,50703,3.025240120837249,3.7643448901052596,8,8,56,0,0.18926913298198475,synthetic,prior_draw,
greedy_information,50703,4.734678142894217,5.445262971560732,10,10,54,0,0.1649734411256887,synthetic,prior_draw,
random,50704,2.929872593299687,3.6202906988857655,10,8,42,0,0.19290331933594165,synthetic,prior_draw,
lawnmower,50704,2.5811920980678558,3.255512749432345,7,7,57,0,0.17059083738322597,synthetic,prior_draw,
greedy_information,50704,4.887232415971082,5.53071895181453,10,10,54,0,0.18113628960396397,synthetic,prior_draw,
random,50705,1.3536551062264244,2.0593945317463223,9,6,47,0,0.18855619600775234,synthetic,prior_draw,
lawnmower,50705,2.993436001293584,3.668111103611653,9,9,55,0,0.15532336846695063,synthetic,prior_draw,
greedy_information,50705,4.544258533045447,5.203888836829668,10,10,54,0,0.13782704021021322,synthetic,prior_draw,
random,50706,2.006627791736678,2.6513687627388762,10,7,43,0,0.18092387042893707,synthetic,prior_draw,
lawnmower,50706,2.9411767756586364,3.5708091316957735,8,8,56,0,0.11835935196019837,synthetic,prior_draw,
greedy_information,50706,4.887174566753204,5.488307738097341,10,10,54,0,0.13490650169958612,synthetic,prior_draw,
random,50707,2.8142213846483775,3.6317452196247744,10,6,41,0,0.23714988884005647,synthetic,prior_draw,
lawnmower,50707,2.193486849842779,3.0028179130367114,7,7,57,0,0.18608832794141508,synthetic,prior_draw,
greedy_information,50707,4.769294889688724,5.530453327028169,10,10,54,0,0.16354751618564012,synthetic,prior_draw,
random,50708,2.133785010228429,2.841225066736827,10,5,46,0,0.21652223073467738,synthetic,prior_draw,
lawnmower,50708,2.9232196702428825,3.6315946540853785,8,8,56,0,0.21710559326806078,synthetic,prior_draw,
greedy_information,50708,5.100342955707752,5.7811964763877075,10,10,54,0,0.21722997777558795,synthetic,prior_draw,
random,50709,2.053046749355687,2.8302125370225726,8,7,41,0,0.20585561626595258,synthetic,prior_draw,
lawnmower,50709,2.1574740376827206,2.9216359260595497,7,7,57,0,0.3220625022660647,synthetic,prior_draw,
greedy_information,50709,4.604092730855604,5.3227298352493415,10,10,54,0,0.22780017091315607,synthetic,prior_draw,
random,50710,1.181976379400281,2.029012825600242,10,6,43,0,0.204574813485134,synthetic,prior_draw,
lawnmower,50710,3.2744168840755075,4.112170903756452,9,9,55,0,0.12415802354223422,synthetic,prior_draw,
greedy_information,50710,4.990313622328112,5.784450151975206,10,10,54,0,0.11595702901413021,synthetic,prior_draw,
random,50711,1.3793570726137818,2.1534577405839777,10,3,43,0,0.2583850366287363,synthetic,prior_draw,
lawnmower,50711,2.5447816839358692,3.3071323629345666,7,7,57,0,0.2428407089081105,synthetic,prior_draw,
greedy_information,50711,4.705089174198964,5.425026355872645,10,10,54,0,0.20178875218407646,synthetic,prior_draw,
random,50712,1.4459169253229591,2.1058188914573477,7,4,44,0,0.17255998949354998,synthetic,prior_draw,
lawnmower,50712,2.7644346565041653,3.4275634927572933,8,8,56,0,0.15694291099043955,synthetic,prior_draw,
greedy_information,50712,4.889021233212407,5.513017263751107,10,10,54,0,0.11976811476846612,synthetic,prior_draw,
random,50713,3.0504277785096345,3.806942268251345,10,10,42,0,0.2926031119731283,synthetic,prior_draw,
lawnmower,50713,2.42408466150703,3.2132945918381663,7,7,57,0,0.2431393163071301,synthetic,prior_draw,
greedy_information,50713,4.6337024500103405,5.383274868524494,10,10,54,0,0.25921647044104795,synthetic,prior_draw,
random,50714,2.4398620756331733,3.171509945269178,10,7,39,0,0.16864437795428533,synthetic,prior_draw,
lawnmower,50714,2.794918306523341,3.5534066636834796,8,8,56,0,0.10876074621426798,synthetic,prior_draw,
greedy_information,50714,4.368823323771817,5.084204554124513,10,10,54,0,0.07277140479863575,synthetic,prior_draw,
random,50715,2.5870765190784724,3.275354453136522,10,5,40,0,0.10408091977034163,synthetic,prior_draw,
lawnmower,50715,1.2758699985454536,2.0025111725203004,4,4,60,0,0.13992068169555275,synthetic,prior_draw,
greedy_information,50715,4.810261468271244,5.478546270851375,10,10,54,0,0.13510115190620484,synthetic,prior_draw,
random,50716,1.5465046618282665,2.2121686388283215,10,7,43,0,0.22165775629426238,synthetic,prior_draw,
lawnmower,50716,3.648351803150348,4.318694124212344,9,9,55,0,0.11452342487493053,synthetic,prior_draw,
greedy_information,50716,4.781724961496974,5.429913423704108,10,10,54,0,0.10566470541702291,synthetic,prior_draw,
random,50717,1.5309279928900306,2.2114822104028256,8,6,41,0,0.22596652631675582,synthetic,prior_draw,
lawnmower,50717,2.3113795509976565,2.973616639802669,8,8,56,0,0.22647268181113142,synthetic,prior_draw,
greedy_information,50717,5.388272872676938,6.029592008682453,10,10,54,0,0.12977374875555456,synthetic,prior_draw,
random,50718,2.0847989695832396,2.8196430930754257,10,7,41,0,0.25959311980432875,synthetic,prior_draw,
lawnmower,50718,3.344517109025079,4.065327535357372,9,9,55,0,0.10494928373035346,synthetic,prior_draw,
greedy_information,50718,4.434900761709622,5.124780807342786,10,10,54,0,0.12660048511270303,synthetic,prior_draw,
random,50719,1.7705967579912452,2.566746546827332,10,4,40,0,0.21485096029752876,synthetic,prior_draw,
lawnmower,50719,2.4528175039159303,3.243662640933763,7,7,57,0,0.2212970504256499,synthetic,prior_draw,
greedy_information,50719,4.799071493623179,5.5374974135976816,10,10,54,0,0.14488030478016134,synthetic,prior_draw,
random,50720,2.1539525653238316,2.9031364346120316,10,4,39,0,0.18247338719678408,synthetic,prior_draw,
lawnmower,50720,2.9312791602804023,3.6880684816547724,8,8,56,0,0.1587819254097915,synthetic,prior_draw,
greedy_information,50720,4.549424750568271,5.275932484989286,10,10,54,0,0.1522280597090462,synthetic,prior_draw,
random,50721,1.976727064392683,2.633404039974188,10,7,50,0,0.19335541469782141,synthetic,prior_draw,
lawnmower,50721,3.1035959363723413,3.729786560858475,9,9,55,0,0.17607494474903096,synthetic,prior_draw,
greedy_information,50721,4.692296055218533,5.305706230288982,10,10,54,0,0.14615160916314127,synthetic,prior_draw,
random,50722,1.8489589122797752,2.541251975780869,7,5,46,0,0.3295382556986228,synthetic,prior_draw,
lawnmower,50722,2.442760740528982,3.107818398253611,7,7,57,0,0.2405893179204189,synthetic,prior_draw,
greedy_information,50722,5.051418820530532,5.691862770943515,10,10,54,0,0.2150722322114821,synthetic,prior_draw,
random,50723,2.0731126689765214,2.7043221587486728,10,8,41,0,0.31972900950448996,synthetic,prior_draw,
lawnmower,50723,3.51376319780379,4.147913430730296,8,8,56,0,0.3024909366763059,synthetic,prior_draw,
greedy_information,50723,5.125178243743892,5.727979731689998,10,10,54,0,0.18830668529810965,synthetic,prior_draw,
random,50724,0.855635864768501,1.70873414243975,5,4,48,0,0.40873715212580647,synthetic,prior_draw,
lawnmower,50724,3.115650072805741,3.95366482628525,8,8,56,0,0.23881256428314168,synthetic,prior_draw,
greedy_information,50724,4.750759050091165,5.538672453824214,10,10,54,0,0.23791023273453907,synthetic,prior_draw,
random,50725,2.768329677322023,3.4132286191048027,10,7,47,0,0.25705596182552615,synthetic,prior_draw,
lawnmower,50725,2.8478478225525805,3.455963268147551,8,8,56,0,0.23417571239055301,synthetic,prior_draw,
greedy_information,50725,4.972948058923669,5.568165227494751,10,10,54,0,0.1857738975492064,synthetic,prior_draw,
random,50726,1.7646858484132484,2.5314531081805445,10,4,43,0,0.3447121806007614,synthetic,prior_draw,
lawnmower,50726,2.70683455728855,3.4805841570277125,8,8,56,0,0.21251036621060818,synthetic,prior_draw,
greedy_information,50726,4.613153418052122,5.362410684145892,10,10,54,0,0.1364522876005202,synthetic,prior_draw,
random,50727,0.4649218365037771,1.2417839202638647,3,2,46,0,0.3616325322001614,synthetic,prior_draw,
lawnmower,50727,2.3652349221789306,3.101296651906048,7,7,57,0,0.2065718232415198,synthetic,prior_draw,
greedy_information,50727,4.4796182525609,5.171107771375041,10,10,54,0,0.20922772258789257,synthetic,prior_draw,
random,50728,2.3477453395768464,3.094496280297861,10,7,42,0,0.39122750841138393,synthetic,prior_draw,
lawnmower,50728,2.435065498757414,3.1952424136771223,7,7,57,0,0.3241517813088163,synthetic,prior_draw,
greedy_information,50728,4.552434608699872,5.286700777229646,10,10,54,0,0.2971238355043688,synthetic,prior_draw,
random,50729,1.4380266243996287,2.1667445790668953,10,5,45,0,0.35578761197369163,synthetic,prior_draw,
lawnmower,50729,2.459437196596273,3.1615375183895384,7,7,57,0,0.2854914027744126,synthetic,prior_draw,
greedy_information,50729,4.900418558149401,5.569185702639563,10,10,54,0,0.12833857977395904,synthetic,prior_draw,
random,50730,2.603100137622465,3.3735673595196576,10,9,46,0,0.3237896862907592,synthetic,prior_draw,
lawnmower,50730,2.3932571451086404,3.159003735033853,7,7,57,0,0.33825298143556,synthetic,prior_draw,
greedy_information,50730,5.2063288566919566,5.9330209520691835,10,10,54,0,0.12346426700002981,synthetic,prior_draw,
random,50731,1.955314700217377,2.6875923668321384,10,7,43,0,0.11493102299074305,synthetic,prior_draw,
lawnmower,50731,2.2231695133467513,2.9968265906615006,6,6,58,0,0.14901194319487204,synthetic,prior_draw,
greedy_information,50731,4.654535472845943,5.403354689558228,10,10,54,0,0.12801983578001386,synthetic,prior_draw,
random,50732,1.5323227272223978,2.199747035997167,5,4,50,0,0.1530239785147879,synthetic,prior_draw,
lawnmower,50732,2.7011294574170353,3.3283931709354873,7,7,57,0,0.15205957876708517,synthetic,prior_draw,
greedy_information,50732,4.971940815523271,5.586478101890231,10,10,54,0,0.08413888563585604,synthetic,prior_draw,
random,50733,1.8317405009147256,2.5964969961835966,10,5,37,0,0.26516465716299975,synthetic,prior_draw,
lawnmower,50733,3.1144311653097887,3.879174105113725,9,9,55,0,0.1859475091615834,synthetic,prior_draw,
greedy_information,50733,4.64367044276015,5.383952789530659,10,10,54,0,0.1585491131643623,synthetic,prior_draw,
random,50734,2.0455927240372276,2.7498879173887576,10,7,44,0,0.30068127209002,synthetic,prior_draw,
lawnmower,50734,2.4534277789532495,3.1402230657211163,8,8,56,0,0.12700571591867538,synthetic,prior_draw,
greedy_information,50734,5.104285921582173,5.776045038675633,10,10,54,0,0.1377072448826538,synthetic,prior_draw,
random,50735,2.1973511828834487,2.95409393586263,10,8,44,0,0.2540936870283682,synthetic,prior_draw,
lawnmower,50735,3.1781412012277888,3.94390780936946,9,9,55,0,0.18243400658752,synthetic,prior_draw,
greedy_information,50735,4.6997875071071515,5.441442846191463,10,10,54,0,0.17957077477078517,synthetic,prior_draw,
random,50736,2.449199300738587,3.207133360908416,9,8,49,0,0.18136661815690835,synthetic,prior_draw,
lawnmower,50736,2.8622358169433704,3.6047722342934936,8,8,56,0,0.2588464367312075,synthetic,prior_draw,
greedy_information,50736,4.577914831234296,5.296493520063319,10,10,54,0,0.19681645272593198,synthetic,prior_draw,
random,50737,2.5722918772254246,3.3054766845434225,10,7,43,0,0.1609584942052674,synthetic,prior_draw,
lawnmower,50737,2.41801064979154,3.1324161084461033,6,6,58,0,0.15953597662821567,synthetic,prior_draw,
greedy_information,50737,5.106689476599809,5.775912638154739,10,10,54,0,0.15541431001012213,synthetic,prior_draw,
random,50738,2.7159276711597555,3.3772314136575785,10,6,42,0,0.2871307967703683,synthetic,prior_draw,
lawnmower,50738,2.8385448469265584,3.523019623404373,8,8,56,0,0.19225033987940526,synthetic,prior_draw,
greedy_information,50738,4.591797773561582,5.248316867441215,10,10,54,0,0.2230169489741819,synthetic,prior_draw,
random,50739,1.8176735841348794,2.485727082909525,8,7,42,0,0.281561519202311,synthetic,prior_draw,
lawnmower,50739,2.618546577780556,3.2894193611968,6,6,58,0,0.31133718543670486,synthetic,prior_draw,
greedy_information,50739,4.967147107968555,5.600212228399436,10,10,54,0,0.19896084121145746,synthetic,prior_draw,
random,50740,2.395802098043958,3.0584910423464784,10,9,39,0,0.22690576406846147,synthetic,prior_draw,
lawnmower,50740,2.8488273773067254,3.5500636719660363,8,8,56,0,0.1925888151788714,synthetic,prior_draw,
greedy_information,50740,4.453221794201756,5.1394294223707275,10,10,54,0,0.20826066971858248,synthetic,prior_draw,
random,50741,1.8135667224811072,2.5458741717798405,7,6,45,0,0.22805281497208932,synthetic,prior_draw,
lawnmower,50741,2.9377295684414153,3.646168695780154,8,8,56,0,0.20496372919165418,synthetic,prior_draw,
greedy_information,50741,5.062958550579851,5.742054954284336,10,10,54,0,0.17067350216249247,synthetic,prior_draw,
random,50742,0.813190316884312,1.503222360105981,7,6,44,0,0.23013552538854296,synthetic,prior_draw,
lawnmower,50742,3.0668554805712605,3.728750362825121,8,8,56,0,0.16049410509552678,synthetic,prior_draw,
greedy_information,50742,4.919610341154908,5.56258454008035,10,10,54,0,0.09368660376476534,synthetic,prior_draw,
random,50743,1.9471447801500714,2.5624453524250477,10,6,42,0,0.208022446574375,synthetic,prior_draw,
lawnmower,50743,3.3947408993228008,4.034879531442695,9,9,55,0,0.1903389926315071,synthetic,prior_draw,
greedy_information,50743,4.830448092427767,5.45540540699474,10,10,54,0,0.137279022050867,synthetic,prior_draw,
random,50744,2.7302138694816134,3.375482909134873,10,9,47,0,0.4529598509211226,synthetic,prior_draw,
lawnmower,50744,2.813145767399917,3.439017797786687,8,8,56,0,0.28941240688343745,synthetic,prior_draw,
greedy_information,50744,4.917371208429292,5.5143046514431795,10,10,54,0,0.1606701498505742,synthetic,prior_draw,
random,50745,2.5052388676953736,3.24095969065618,10,6,46,0,0.2223986161276699,synthetic,prior_draw,
lawnmower,50745,2.380720589431098,3.1059038262232432,7,7,57,0,0.24527624027411626,synthetic,prior_draw,
greedy_information,50745,4.943142554864449,5.635045207972446,10,10,54,0,0.07856796870541047,synthetic,prior_draw,
random,50746,2.2489235253080917,2.9203759310028223,8,8,48,0,0.21373977222201568,synthetic,prior_draw,
lawnmower,50746,3.13616004827442,3.817522740911242,8,8,56,0,0.12937761028002992,synthetic,prior_draw,
greedy_information,50746,5.101154784626233,5.756033965550011,10,10,54,0,0.08792737388701685,synthetic,prior_draw,
random,50747,2.2561670090931125,2.9590084141421333,10,7,36,0,0.24928117642249675,synthetic,prior_draw,
lawnmower,50747,3.1093463390041682,3.844726483061856,8,8,56,0,0.26147451403578403,synthetic,prior_draw,
greedy_information,50747,4.358255116367738,5.05090241222708,10,10,54,0,0.2368658362018505,synthetic,prior_draw,
random,50748,1.9675251638673823,2.7607100332916947,10,6,40,0,0.17565137373394593,synthetic,prior_draw,
lawnmower,50748,2.8421777740274523,3.638220825264742,8,8,56,0,0.16038725516651572,synthetic,prior_draw,
greedy_information,50748,4.8780212257533835,5.644240737572615,10,10,54,0,0.12089312416684415,synthetic,prior_draw,
random,50749,1.901138353128506,2.6244187680744275,8,7,44,0,0.27787417662432434,synthetic,prior_draw,
lawnmower,50749,3.461864515773494,4.1529499074558025,9,9,55,0,0.15981585361237627,synthetic,prior_draw,
greedy_information,50749,4.94731664787462,5.622345676748199,10,10,54,0,0.1469692986759123,synthetic,prior_draw,
random,50750,2.0538582993389705,2.678462975811891,9,9,46,0,0.27446672940697087,synthetic,prior_draw,
lawnmower,50750,2.4948157121764587,3.1304941619868534,7,7,57,0,0.27975269965611527,synthetic,prior_draw,
greedy_information,50750,4.817671206736319,5.425206504345775,10,10,54,0,0.15577628659921106,synthetic,prior_draw,
random,50751,1.5106009575039634,2.2223715220309463,10,7,38,0,0.1997297028576874,synthetic,prior_draw,
lawnmower,50751,2.8088823948521298,3.554526016903517,8,8,56,0,0.16427754933538902,synthetic,prior_draw,
greedy_information,50751,4.653686607256928,5.359953374833107,10,10,54,0,0.1422743409164637,synthetic,prior_draw,
random,50752,2.138391194026184,2.8637616737416143,9,6,47,0,0.20110957217585995,synthetic,prior_draw,
lawnmower,50752,2.497971464645171,3.2227544791250176,7,7,57,0,0.21937773264627675,synthetic,prior_draw,
greedy_information,50752,4.565362792006558,5.265526689356659,10,10,54,0,0.14113608453363619,synthetic,prior_draw,
random,50753,1.7553396399153482,2.5856263521542275,10,3,44,0,0.37974290016144513,synthetic,prior_draw,
lawnmower,50753,2.3994336285216415,3.2187560855146717,8,8,56,0,0.21723674726872175,synthetic,prior_draw,
greedy_information,50753,4.771848361604449,5.546004934688087,10,10,54,0,0.25207071537035425,synthetic,prior_draw,
random,50754,2.4285177377518474,3.131095525431355,10,8,43,0,0.21553110821072857,synthetic,prior_draw,
lawnmower,50754,3.22731450919348,3.925540261314297,8,8,56,0,0.16265116793603326,synthetic,prior_draw,
greedy_information,50754,4.642806674981458,5.339793596446829,10,10,54,0,0.1734172671714332,synthetic,prior_draw,
random,50755,2.2901873681426803,2.9137034154456134,10,6,43,0,0.14719351628360755,synthetic,prior_draw,
lawnmower,50755,2.6432459006843647,3.2755028895042217,7,7,57,0,0.14246210035189247,synthetic,prior_draw,
greedy_information,50755,4.952541335230114,5.5579921545079065,10,10,54,0,0.15912490707156404,synthetic,prior_draw,
random,50756,2.0611427949332186,2.7826989371724786,10,7,39,0,0.3833582893965832,synthetic,prior_draw,
lawnmower,50756,2.9575809530884443,3.693458949674584,8,8,56,0,0.22646803752063752,synthetic,prior_draw,
greedy_information,50756,4.649878985424975,5.347053197209803,10,10,54,0,0.1308945863046955,synthetic,prior_draw,
random,50757,1.8030186408500923,2.5352565010308967,10,10,40,0,0.16902722316911298,synthetic,prior_draw,
lawnmower,50757,3.3660098482898073,4.116040805021829,9,9,55,0,0.15255572311254847,synthetic,prior_draw,
greedy_information,50757,4.625658291453937,5.366903721241047,10,10,54,0,0.13248287347154106,synthetic,prior_draw,
random,50758,1.4548180184596569,2.0587749026595286,10,6,41,0,0.29074506733646516,synthetic,prior_draw,
lawnmower,50758,2.3310202053050166,2.9688339732295095,7,7,57,0,0.12118147990521046,synthetic,prior_draw,
greedy_information,50758,4.916524269458045,5.513355837119497,10,10,54,0,0.087768375256275,synthetic,prior_draw,
random,50759,1.930411463771868,2.6574180152627846,10,8,43,0,0.14973112896149024,synthetic,prior_draw,
lawnmower,50759,2.636169005411692,3.400006377305238,8,8,56,0,0.1638253147808883,synthetic,prior_draw,
greedy_information,50759,4.736661476156719,5.462815257161297,10,10,54,0,0.14193812071079456,synthetic,prior_draw,
random,50760,1.3756921990284883,2.037782232868927,9,6,43,0,0.2735696000633928,synthetic,prior_draw,
lawnmower,50760,3.1219671100412114,3.7821985496657837,9,9,55,0,0.21383968318796157,synthetic,prior_draw,
greedy_information,50760,4.243217141544462,4.891647634255079,10,10,54,0,0.1543718696109444,synthetic,prior_draw,
random,50761,2.086817655306465,2.774238613517679,10,6,40,0,0.2540381047742129,synthetic,prior_draw,
lawnmower,50761,2.898441139148246,3.603942011363677,8,8,56,0,0.23481525588547383,synthetic,prior_draw,
greedy_information,50761,4.67545628794959,5.343109375795527,10,10,54,0,0.13785042512061998,synthetic,prior_draw,
random,50762,2.8503690539908164,3.4852027960728007,9,7,44,0,0.22344423031670005,synthetic,prior_draw,
lawnmower,50762,3.8073714212402017,4.428650521847963,10,10,54,0,0.1591228662908428,synthetic,prior_draw,
greedy_information,50762,5.073470058683554,5.681924337261093,10,10,54,0,0.15458267228504385,synthetic,prior_draw,
random,50763,2.0923972456356856,2.759371705458121,10,7,38,0,0.22377949867994895,synthetic,prior_draw,
lawnmower,50763,2.2400471304470604,2.9397569723921766,6,6,58,0,0.2021204384767726,synthetic,prior_draw,
greedy_information,50763,4.623209839636868,5.31751314796473,10,10,54,0,0.1674203376804449,synthetic,prior_draw,
random,50764,2.2215439746815115,2.860832973920036,10,8,46,0,0.22930305336171367,synthetic,prior_draw,
lawnmower,50764,2.4132852142397665,3.0494897322155374,7,7,57,0,0.19855940434878377,synthetic,prior_draw,
greedy_information,50764,4.893394555393595,5.505872486899382,10,10,54,0,0.13583822843309107,synthetic,prior_draw,
random,50765,1.9442192092315667,2.6142782422686093,10,6,39,0,0.22878193913913783,synthetic,prior_draw,
lawnmower,50765,1.9256262640340873,2.6512081125259845,5,5,59,0,0.19145301244091267,synthetic,prior_draw,
greedy_information,50765,5.163623929504331,5.8408433591798214,10,10,54,0,0.14097932008710573,synthetic,prior_draw,
random,50766,2.52234418830764,3.3080589409485883,10,9,39,0,0.1996777736713952,synthetic,prior_draw,
lawnmower,50766,2.877037827674688,3.6740248751518063,8,8,56,0,0.22509241884747458,synthetic,prior_draw,
greedy_information,50766,4.63651723448812,5.384119165923704,10,10,54,0,0.1334141866699215,synthetic,prior_draw,
random,50767,2.25715323727949,2.9520035600456525,10,7,42,0,0.38291520583140454,synthetic,prior_draw,
lawnmower,50767,2.454369032922274,3.166760189588832,7,7,57,0,0.4381437327232207,synthetic,prior_draw,
greedy_information,50767,5.010786290134184,5.6847488873927485,10,10,54,0,0.16733233639715794,synthetic,prior_draw,
random,50768,1.964561209849275,2.6458144991331585,10,8,44,0,0.25895554181738206,synthetic,prior_draw,
lawnmower,50768,3.0923868145285716,3.7415152493459294,9,9,55,0,0.11058574763447154,synthetic,prior_draw,
greedy_information,50768,4.632902799859679,5.254286613187088,10,10,54,0,0.21768606844597033,synthetic,prior_draw,
random,50769,1.827629050881004,2.6248910008993698,10,8,40,0,0.3724414787785594,synthetic,prior_draw,
lawnmower,50769,2.236886186408344,3.0380597349254357,7,7,57,0,0.14704057573053775,synthetic,prior_draw,
greedy_information,50769,4.716788558919064,5.479070010303543,10,10,54,0,0.14293882362093766,synthetic,prior_draw,
random,50770,1.6424928018402367,2.3534273692325045,10,6,41,0,0.1595113389317612,synthetic,prior_draw,
lawnmower,50770,2.685175539467174,3.417905669048503,7,7,57,0,0.09497468442501832,synthetic,prior_draw,
greedy_information,50770,4.698565758348266,5.385347927377059,10,10,54,0,0.11187007503682814,synthetic,prior_draw,
random,50771,1.3224828256763426,2.1144805159385043,9,8,40,0,0.3798103903005047,synthetic,prior_draw,
lawnmower,50771,2.8204597536492635,3.61962372158855,8,8,56,0,0.13375793643065437,synthetic,prior_draw,
greedy_information,50771,4.699375956295092,5.4678007288519614,10,10,54,0,0.14764559133870825,synthetic,prior_draw,
random,50772,2.7518235677504,3.4899585259727344,10,7,43,0,0.36163830999641416,synthetic,prior_draw,
lawnmower,50772,2.4553206572600104,3.203851238308735,7,7,57,0,0.2004392468588636,synthetic,prior_draw,
greedy_information,50772,4.960761833560322,5.663980958838611,10,10,54,0,0.121299370469971,synthetic,prior_draw,
random,50773,2.0847083563137283,2.793545615147126,10,8,50,0,0.13323554194138984,synthetic,prior_draw,
lawnmower,50773,2.95993422533592,3.665737324667004,8,8,56,0,0.14167802335074375,synthetic,prior_draw,
greedy_information,50773,4.746962245553473,5.412644263952517,10,10,54,0,0.11717795847753751,synthetic,prior_draw,
random,50774,1.6224098887710914,2.3884625469125234,10,8,42,0,0.3779752292864917,synthetic,prior_draw,
lawnmower,50774,3.057327356728696,3.827647808042866,8,8,56,0,0.23500767434330389,synthetic,prior_draw,
greedy_information,50774,4.506393826246717,5.239554995628486,10,10,54,0,0.1998986776135686,synthetic,prior_draw,
random,50775,2.194163500867554,2.842591988740264,10,7,39,0,0.18289743037748593,synthetic,prior_draw,
lawnmower,50775,2.5417569629392585,3.2225330724382872,7,7,57,0,0.20851666834393093,synthetic,prior_draw,
greedy_information,50775,4.979104790106662,5.637905382194326,10,10,54,0,0.13791928761305733,synthetic,prior_draw,
random,50776,1.5650772776034705,2.3181866062639447,8,7,43,0,0.20392345157521719,synthetic,prior_draw,
lawnmower,50776,2.3473806836207656,3.0858018182452507,7,7,57,0,0.14992212278892866,synthetic,prior_draw,
greedy_information,50776,5.08810013765948,5.792709785916139,10,10,54,0,0.1186384650873933,synthetic,prior_draw,
random,50777,2.2489212537460066,2.893917837401024,9,8,42,0,0.16353653639066132,synthetic,prior_draw,
lawnmower,50777,2.900847157204785,3.5681737771010047,9,9,55,0,0.17977373001008556,synthetic,prior_draw,
greedy_information,50777,4.885874363372272,5.538901156810955,10,10,54,0,0.20212745806962737,synthetic,prior_draw,
random,50778,2.888705810674686,3.6974409820472425,10,9,44,0,0.1836674077609355,synthetic,prior_draw,
lawnmower,50778,2.919563454167318,3.7424652901860482,8,8,56,0,0.1693083971095768,synthetic,prior_draw,
greedy_information,50778,4.766072415124789,5.549966929308027,10,10,54,0,0.13687566313340838,synthetic,prior_draw,
random,50779,0.5487377219112823,1.2898212816247445,4,4,48,0,0.44164344568903724,synthetic,prior_draw,
lawnmower,50779,1.2325955425322395,1.965855382231168,4,4,60,0,0.36548777814905536,synthetic,prior_draw,
greedy_information,50779,4.854919744077013,5.552075604879609,10,10,54,0,0.181049499058601,synthetic,prior_draw,
random,50780,2.1351016270720313,2.8541814733809083,10,8,46,0,0.2528031450870165,synthetic,prior_draw,
lawnmower,50780,2.97107857776716,3.6724881284919912,8,8,56,0,0.1495394426556159,synthetic,prior_draw,
greedy_information,50780,4.572082748514029,5.256340199617468,10,10,54,0,0.2629949588012826,synthetic,prior_draw,
random,50781,1.7494851573273884,2.422111575334919,10,8,44,0,0.19767312947992385,synthetic,prior_draw,
lawnmower,50781,2.8031110500003766,3.4845442998792335,8,8,56,0,0.10490414776709359,synthetic,prior_draw,
greedy_information,50781,4.989960032156786,5.641018149833016,10,10,54,0,0.11989820864349407,synthetic,prior_draw,
random,50782,1.5916817616366141,2.2741936576180444,10,7,42,0,0.2005804194621647,synthetic,prior_draw,
lawnmower,50782,2.9132413432300583,3.5907715581073942,8,8,56,0,0.2498790881541146,synthetic,prior_draw,
greedy_information,50782,5.197778295467731,5.862291445802453,10,10,54,0,0.16088797142303676,synthetic,prior_draw,
random,50783,2.2489990894299416,2.916683432385255,8,7,46,0,0.22856602110427462,synthetic,prior_draw,
lawnmower,50783,2.1892941314278174,2.844135908781766,5,5,59,0,0.207199349136699,synthetic,prior_draw,
greedy_information,50783,5.031531882459635,5.648818212725267,10,10,54,0,0.1794290741276665,synthetic,prior_draw,
random,50784,1.8621101484306841,2.6221853900880068,8,7,47,0,0.29679072713306004,synthetic,prior_draw,
lawnmower,50784,2.918320249748081,3.664934393995894,8,8,56,0,0.20775306830399878,synthetic,prior_draw,
greedy_information,50784,5.1522423207071695,5.868662754411402,10,10,54,0,0.14536733776921065,synthetic,prior_draw,
random,50785,1.8939573677839674,2.5016872949258655,10,9,40,0,0.2844681082317872,synthetic,prior_draw,
lawnmower,50785,3.310956216047828,3.9289112590186663,9,9,55,0,0.21524153704307672,synthetic,prior_draw,
greedy_information,50785,4.60895242719278,5.217417842020452,10,10,54,0,0.17414496120218553,synthetic,prior_draw,
random,50786,2.6689461432287502,3.3288779449321573,10,5,41,0,0.25617252827384906,synthetic,prior_draw,
lawnmower,50786,2.958113222285493,3.60522881531961,8,8,56,0,0.18556820909635272,synthetic,prior_draw,
greedy_information,50786,4.809590104868898,5.4368635309082585,10,10,54,0,0.17044871626066688,synthetic,prior_draw,
random,50787,1.6685219073393114,2.4182693440136394,7,5,43,0,0.1819610375946327,synthetic,prior_draw,
lawnmower,50787,2.3424386802381885,3.109110867357828,7,7,57,0,0.20161926502274405,synthetic,prior_draw,
greedy_information,50787,4.560826331455262,5.297486455370297,10,10,54,0,0.10238176244001701,synthetic,prior_draw,
random,50788,2.6374832680119926,3.272380520931808,9,4,43,0,0.22059053860416944,synthetic,prior_draw,
lawnmower,50788,3.422499661353612,4.072326652382046,9,9,55,0,0.1860535600424491,synthetic,prior_draw,
greedy_information,50788,4.796352369738912,5.433038856842927,10,10,54,0,0.13698954613833816,synthetic,prior_draw,
random,50789,2.4955813114865437,3.142309722880351,10,7,41,0,0.2767614217074777,synthetic,prior_draw,
lawnmower,50789,3.2120477058470867,3.8494745363469045,8,8,56,0,0.12788083028050837,synthetic,prior_draw,
greedy_information,50789,4.561446998474621,5.188974683053694,10,10,54,0,0.09941458928311284,synthetic,prior_draw,
random,50790,2.214663111100251,2.826832275011444,10,6,41,0,0.17018383557889238,synthetic,prior_draw,
lawnmower,50790,2.818701617157608,3.426058424835626,8,8,56,0,0.2198144880706561,synthetic,prior_draw,
greedy_information,50790,5.154441190383592,5.734897220427632,10,10,54,0,0.14694303233815825,synthetic,prior_draw,
random,50791,1.5501389057967467,2.1962614685812167,8,7,48,0,0.3385320541271313,synthetic,prior_draw,
lawnmower,50791,2.8518116419900417,3.500307320862334,8,8,56,0,0.32503310976206384,synthetic,prior_draw,
greedy_information,50791,4.687261188834062,5.300201543662432,10,10,54,0,0.23929100041035192,synthetic,prior_draw,
random,50792,0.9452148167918026,1.6378571323365045,4,3,49,0,0.3242065692860114,synthetic,prior_draw,
lawnmower,50792,2.4788033531189333,3.1406937168589555,8,8,56,0,0.2626318683418778,synthetic,prior_draw,
greedy_information,50792,5.293410311079,5.935158029901595,10,10,54,0,0.14692202667130727,synthetic,prior_draw,
random,50793,1.8859225012847827,2.580354159345894,10,9,46,0,0.30579340147169976,synthetic,prior_draw,
lawnmower,50793,2.939158870869402,3.653411360896697,8,8,56,0,0.18039616099998354,synthetic,prior_draw,
greedy_information,50793,4.861305346234807,5.540790682933431,10,10,54,0,0.15964363877520316,synthetic,prior_draw,
random,50794,2.591876224109543,3.1615209853058115,10,9,43,0,0.16343893874220441,synthetic,prior_draw,
lawnmower,50794,3.303788927624357,3.905557037265329,9,9,55,0,0.10735088980118948,synthetic,prior_draw,
greedy_information,50794,4.796659446763535,5.388107348431845,10,10,54,0,0.10592285667530926,synthetic,prior_draw,
random,50795,1.7259368568684215,2.510584109283805,10,7,42,0,0.2558008934220121,synthetic,prior_draw,
lawnmower,50795,2.3961346033120146,3.1824546668539626,7,7,57,0,0.23843966016866314,synthetic,prior_draw,
greedy_information,50795,4.613764176478773,5.360075691011299,10,10,54,0,0.1360954519657065,synthetic,prior_draw,
random,50796,1.9489542807112712,2.5918383941021723,10,8,39,0,0.2431542733508111,synthetic,prior_draw,
lawnmower,50796,3.081671404533312,3.749339500911192,8,8,56,0,0.1068181685430913,synthetic,prior_draw,
greedy_information,50796,4.910032634490563,5.538307253568576,10,10,54,0,0.18640528760127606,synthetic,prior_draw,
random,50797,2.0713525411232663,2.7284036629415453,10,5,41,0,0.27302826281323533,synthetic,prior_draw,
lawnmower,50797,3.259073580493254,3.8918677203370606,9,9,55,0,0.1705643203883279,synthetic,prior_draw,
greedy_information,50797,4.710567354345528,5.333600892393274,10,10,54,0,0.11779940621993785,synthetic,prior_draw,
random,50798,2.3323655155579424,3.0286926346401692,10,5,40,0,0.16985927110497526,synthetic,prior_draw,
lawnmower,50798,2.3418054061980786,3.043448605258609,7,7,57,0,0.16556952132544916,synthetic,prior_draw,
greedy_information,50798,4.663236310947752,5.353214650705904,10,10,54,0,0.14760401168091825,synthetic,prior_draw,
random,50799,2.708557305429317,3.4571516536387725,10,8,45,0,0.10584509258656674,synthetic,prior_draw,
lawnmower,50799,2.62486554271391,3.367890306687302,7,7,57,0,0.172021011847923,synthetic,prior_draw,
greedy_information,50799,4.494751896802448,5.22980169380491,10,10,54,0,0.10840102443456504,synthetic,prior_draw,
random,50800,1.903468502466557,2.6031806590062576,10,6,43,0,0.22911520972720645,synthetic,prior_draw,
lawnmower,50800,2.0000646717500565,2.6905772413289593,5,5,59,0,0.20613499018331122,synthetic,prior_draw,
greedy_information,50800,5.225282463904058,5.88120493387638,10,10,54,0,0.059133365603649006,synthetic,prior_draw,
random,50801,1.9952968713042152,2.838884617120698,10,7,43,0,0.36787057945763324,synthetic,prior_draw,
lawnmower,50801,2.175465055807002,3.0032272276537664,7,7,57,0,0.3186113457378721,synthetic,prior_draw,
greedy_information,50801,4.710933290047243,5.502200358120221,10,10,54,0,0.1405121074206086,synthetic,prior_draw,
random,50802,1.8241357701036387,2.5837845352125934,8,7,44,0,0.24431049584502232,synthetic,prior_draw,
lawnmower,50802,2.497450376248461,3.2783315854439787,7,7,57,0,0.20730540274201778,synthetic,prior_draw,
greedy_information,50802,5.087701828006028,5.8240644821674366,10,10,54,0,0.13046017500884396,synthetic,prior_draw,
random,50803,0.8719089248756824,1.5718784264210772,10,4,42,0,0.2517716076880284,synthetic,prior_draw,
lawnmower,50803,2.3050894518895935,3.015209324339237,6,6,58,0,0.21405771000985624,synthetic,prior_draw,
greedy_information,50803,5.016529284595988,5.692788323431414,10,10,54,0,0.18069964736346084,synthetic,prior_draw,
random,50804,1.167377458035416,1.8685687667977287,10,5,43,0,0.38435963312199767,synthetic,prior_draw,
lawnmower,50804,3.062982901361104,3.754177690243748,8,8,56,0,0.33424945562254255,synthetic,prior_draw,
greedy_information,50804,4.624490542099983,5.306001839283778,10,10,54,0,0.2185661378261973,synthetic,prior_draw,
random,50805,2.2440454343791494,2.931580140815031,10,7,42,0,0.1537687719332577,synthetic,prior_draw,
lawnmower,50805,3.0863507717051846,3.783611834175469,9,9,55,0,0.20018459044816045,synthetic,prior_draw,
greedy_information,50805,4.969063222126076,5.645897450552539,10,10,54,0,0.1942160221572148,synthetic,prior_draw,
random,50806,1.9896651275603714,2.7616965757720426,10,8,44,0,0.3745294280192393,synthetic,prior_draw,
lawnmower,50806,2.8096759253179626,3.5643312686115634,8,8,56,0,0.16421477707993626,synthetic,prior_draw,
greedy_information,50806,4.6284924245308305,5.338385996583973,10,10,54,0,0.1848597600838527,synthetic,prior_draw,
random,50807,2.661256733270532,3.338607415047744,9,8,40,0,0.2363567717881212,synthetic,prior_draw,
lawnmower,50807,2.742436104777662,3.434881611637083,8,8,56,0,0.2501109807447069,synthetic,prior_draw,
greedy_information,50807,4.928592977662272,5.594667298739098,10,10,54,0,0.23242709937547854,synthetic,prior_draw,
random,50808,3.24215750248595,3.9005945957646673,10,9,46,0,0.14033234859561033,synthetic,prior_draw,
lawnmower,50808,2.407468040982139,3.065601648119953,7,7,57,0,0.07729148200914014,synthetic,prior_draw,
greedy_information,50808,4.915957092970358,5.54086087379263,10,10,54,0,0.13688826269816273,synthetic,prior_draw,
random,50809,2.0792779833022346,2.766450508723974,10,6,41,0,0.22364116463550457,synthetic,prior_draw,
lawnmower,50809,2.9876795288263436,3.6742608940302564,8,8,56,0,0.14720851236336244,synthetic,prior_draw,
greedy_information,50809,4.566131657668265,5.227069352405448,10,10,54,0,0.21092499606713705,synthetic,prior_draw,
random,50810,1.774244401981515,2.4654705000936543,9,6,47,0,0.2908805197800205,synthetic,prior_draw,
lawnmower,50810,3.3064274826023006,3.975704246818787,9,9,55,0,0.1813834723733895,synthetic,prior_draw,
greedy_information,50810,5.061087516350497,5.711615523041271,10,10,54,0,0.17448707672957842,synthetic,prior_draw,
random,50811,1.8342605526007147,2.6310623652862626,10,9,42,0,0.22700864897011472,synthetic,prior_draw,
lawnmower,50811,2.7456157497744575,3.536257020232667,8,8,56,0,0.21467742183742752,synthetic,prior_draw,
greedy_information,50811,4.585430843747474,5.344172558477626,10,10,54,0,0.14910550912144235,synthetic,prior_draw,
random,50812,2.0560263766903777,2.7734274932574188,10,6,43,0,0.32069023267280866,synthetic,prior_draw,
lawnmower,50812,3.1201247190473165,3.8115795464152704,8,8,56,0,0.2561609640518995,synthetic,prior_draw,
greedy_information,50812,4.967710740669393,5.64332574204174,10,10,54,0,0.14898018932735135,synthetic,prior_draw,
random,50813,1.9346431144119007,2.652573996941509,10,8,43,0,0.1999242860335143,synthetic,prior_draw,
lawnmower,50813,2.949145235746653,3.6927873561070226,8,8,56,0,0.31761184478968696,synthetic,prior_draw,
greedy_information,50813,4.994066986817774,5.69461248033237,10,10,54,0,0.18992274865023934,synthetic,prior_draw,
random,50814,1.076913794988299,1.8583438628506488,5,5,50,0,0.15639454679924986,synthetic,prior_draw,
lawnmower,50814,2.3974373783730334,3.1467220640664424,7,7,57,0,0.22476357654630896,synthetic,prior_draw,
greedy_information,50814,4.93392782359817,5.647080157130252,10,10,54,0,0.1463887428374314,synthetic,prior_draw,
random,50815,0.6864589151500581,1.4272007512690523,4,2,51,0,0.33227649795265984,synthetic,prior_draw,
lawnmower,50815,3.049115446656221,3.725118609404603,8,8,56,0,0.17578098188522234,synthetic,prior_draw,
greedy_information,50815,4.7439100759221455,5.4025751208146815,10,10,54,0,0.17408365054778438,synthetic,prior_draw,
random,50816,1.9023642258069478,2.629398536474485,10,5,44,0,0.2056582772617723,synthetic,prior_draw,
lawnmower,50816,2.3510849877343087,3.059511713398034,7,7,57,0,0.10577710796330538,synthetic,prior_draw,
greedy_information,50816,4.618863399155293,5.293833462277763,10,10,54,0,0.10177411370566823,synthetic,prior_draw,
random,50817,2.2258718231482995,3.0014502813843746,10,6,38,0,0.27958410630951297,synthetic,prior_draw,
lawnmower,50817,2.442752101845579,3.2313707151281683,7,7,57,0,0.23057192171210406,synthetic,prior_draw,
greedy_information,50817,4.928811791919152,5.692427981130471,10,10,54,0,0.2236565663714852,synthetic,prior_draw,
random,50818,2.2992168017598864,2.916775261617356,10,8,40,0,0.19843341281854268,synthetic,prior_draw,
lawnmower,50818,2.4143911278008114,3.0835731268794753,7,7,57,0,0.13370497338577422,synthetic,prior_draw,
greedy_information,50818,4.6986428717753155,5.334991963787663,10,10,54,0,0.21028401416179593,synthetic,prior_draw,
random,50819,2.266837553947173,2.9977547615752496,10,6,42,0,0.21455404404802006,synthetic,prior_draw,
lawnmower,50819,2.7112707520002766,3.450208701840767,8,8,56,0,0.10166598207524878,synthetic,prior_draw,
greedy_information,50819,4.733871193715225,5.445583781811623,10,10,54,0,0.11185260502982383,synthetic,prior_draw,
random,50820,2.050299902052509,2.7052711210633302,10,7,38,0,0.2610394244735456,synthetic,prior_draw,
lawnmower,50820,2.7001197182118126,3.3710213426955664,8,8,56,0,0.21199288388600246,synthetic,prior_draw,
greedy_information,50820,4.906506263520637,5.537518210094358,10,10,54,0,0.15937263753165853,synthetic,prior_draw,
random,50821,1.1719820156484935,1.8465022059816172,10,7,42,0,0.19965143722569287,synthetic,prior_draw,
lawnmower,50821,3.20642398788551,3.862128700958115,9,9,55,0,0.14970233981883932,synthetic,prior_draw,
greedy_information,50821,4.6541827689788,5.282845869774039,10,10,54,0,0.1815994574529499,synthetic,prior_draw,
random,50822,0.6378012127526606,1.339732299831205,7,5,47,0,0.26423097271016804,synthetic,prior_draw,
lawnmower,50822,3.0816670283944876,3.73562902904715,9,9,55,0,0.20626579133080578,synthetic,prior_draw,
greedy_information,50822,5.284684175907685,5.923985732015013,10,10,54,0,0.1554131711128272,synthetic,prior_draw,
random,50823,2.689127467981482,3.4303379260395825,9,7,42,0,0.14819311343261796,synthetic,prior_draw,
lawnmower,50823,3.319254133962809,4.067645230914252,9,9,55,0,0.1571453660479239,synthetic,prior_draw,
greedy_information,50823,4.688961969675057,5.402798533459326,10,10,54,0,0.16182616074277537,synthetic,prior_draw,
random,50824,2.5637223031859397,3.338986115210155,10,9,48,0,0.28653614887345813,synthetic,prior_draw,
lawnmower,50824,3.0055220233241613,3.780138511365695,8,8,56,0,0.2067901554655205,synthetic,prior_draw,
greedy_information,50824,4.637963773149215,5.3711307141950035,10,10,54,0,0.1956490321046101,synthetic,prior_draw,
random,50825,1.4328643753702197,2.1869586339557623,10,9,45,0,0.27415385356699606,synthetic,prior_draw,
lawnmower,50825,2.7463502558666852,3.5058071155995094,8,8,56,0,0.17296725681189912,synthetic,prior_draw,
greedy_information,50825,4.669784658948895,5.399354051878489,10,10,54,0,0.15668301677331165,synthetic,prior_draw,
random,50826,2.100274664995712,2.859669733726249,10,8,45,0,0.269526349244668,synthetic,prior_draw,
lawnmower,50826,1.9405505341068674,2.7085400150280865,5,5,59,0,0.33611641366816636,synthetic,prior_draw,
greedy_information,50826,4.701226592500079,5.418960655247996,10,10,54,0,0.22904688961591474,synthetic,prior_draw,
random,50827,2.897178226912973,3.6479362047604478,10,8,38,0,0.2509153617207241,synthetic,prior_draw,
lawnmower,50827,2.32026939911334,3.1115066839101897,7,7,57,0,0.2253159732150977,synthetic,prior_draw,
greedy_information,50827,4.790073536639569,5.526904127748718,10,10,54,0,0.18556976664766836,synthetic,prior_draw,
random,50828,2.3375299729367383,3.101845100867398,10,6,42,0,0.2288614384830051,synthetic,prior_draw,
lawnmower,50828,2.199904533022084,2.9836863472932413,7,7,57,0,0.24614943232608943,synthetic,prior_draw,
greedy_information,50828,4.851748744507067,5.586866748912781,10,10,54,0,0.2004082894376104,synthetic,prior_draw,
random,50829,1.9722004440865728,2.7445943614694706,10,6,39,0,0.17964110464357916,synthetic,prior_draw,
lawnmower,50829,3.12922353266006,3.91673971186246,8,8,56,0,0.19970841122821095,synthetic,prior_draw,
greedy_information,50829,4.545603321731745,5.301711398738214,10,10,54,0,0.19166272890246275,synthetic,prior_draw,
random,50830,1.7621199807101635,2.5467037485252666,10,7,40,0,0.1344621085408861,synthetic,prior_draw,
lawnmower,50830,2.995703397951715,3.776428490654412,8,8,56,0,0.10647873582476602,synthetic,prior_draw,
greedy_information,50830,4.5033095708317745,5.240576494918055,10,10,54,0,0.12138560445217843,synthetic,prior_draw,
random,50831,2.4308465201281044,3.089174505286668,8,6,45,0,0.2358439147191975,synthetic,prior_draw,
lawnmower,50831,2.927637907114574,3.5793028025046145,8,8,56,0,0.17229070315814365,synthetic,prior_draw,
greedy_information,50831,5.056282768808425,5.6776428798997305,10,10,54,0,0.16386204798419943,synthetic,prior_draw,
random,50832,1.4817383180428976,2.200344445714529,10,7,44,0,0.3889585272770437,synthetic,prior_draw,
lawnmower,50832,2.5132644093523755,3.2109886675317223,7,7,57,0,0.3010228863902199,synthetic,prior_draw,
greedy_information,50832,5.085137723917257,5.740401428368554,10,10,54,0,0.14976081782945463,synthetic,prior_draw,
random,50833,2.774073749016488,3.4614371935489405,10,7,44,0,0.18548681611714585,synthetic,prior_draw,
lawnmower,50833,2.808673941323074,3.4737095972179426,9,9,55,0,0.33217905087176114,synthetic,prior_draw,
greedy_information,50833,4.954500061794807,5.5889267613650455,10,10,54,0,0.10452524378710273,synthetic,prior_draw,
random,50834,2.2483433289142614,2.9459717566055668,10,6,42,0,0.1969854159137189,synthetic,prior_draw,
lawnmower,50834,2.43586451109966,3.131836676222487,7,7,57,0,0.19517295320800734,synthetic,prior_draw,
greedy_information,50834,4.916840531450032,5.574135496902363,10,10,54,0,0.10400341523061656,synthetic,prior_draw,
random,50835,1.9674634677651985,2.623712126309653,9,7,40,0,0.34618476125834624,synthetic,prior_draw,
lawnmower,50835,2.6546675479566986,3.336632533157365,7,7,57,0,0.19439361397055616,synthetic,prior_draw,
greedy_information,50835,4.486781469193192,5.148407924603726,10,10,54,0,0.14997959360872504,synthetic,prior_draw,
random,50836,1.6435945906164,2.3682408068647227,8,5,45,0,0.15838851926924122,synthetic,prior_draw,
lawnmower,50836,2.996818924334076,3.7175079241046918,8,8,56,0,0.15056082047823452,synthetic,prior_draw,
greedy_information,50836,4.748435935687024,5.427498659445268,10,10,54,0,0.1270469934628948,synthetic,prior_draw,
random,50837,2.3993904064625546,3.110660267928251,10,7,45,0,0.2799963105754564,synthetic,prior_draw,
lawnmower,50837,3.1251490437605596,3.8260858830950513,9,9,55,0,0.18441030457669758,synthetic,prior_draw,
greedy_information,50837,4.893183947417288,5.571418647151674,10,10,54,0,0.16447563770754248,synthetic,prior_draw,
random,50838,2.6988941974526517,3.4365517176065024,10,8,40,0,0.19535646484229488,synthetic,prior_draw,
lawnmower,50838,2.2603403652979663,3.008173882883261,7,7,57,0,0.1282074073888965,synthetic,prior_draw,
greedy_information,50838,5.017600022069439,5.71279859607825,10,10,54,0,0.07559324784664505,synthetic,prior_draw,
random,50839,2.238421466191465,2.8980903252686563,10,6,41,0,0.12309115210823249,synthetic,prior_draw,
lawnmower,50839,2.808221776521534,3.4814567654937667,8,8,56,0,0.2198565441106986,synthetic,prior_draw,
greedy_information,50839,5.04466702984047,5.672670354925624,10,10,54,0,0.14461071663088723,synthetic,prior_draw,
random,50840,2.3145204878255745,3.0203946516630955,10,6,36,0,0.1364713634291874,synthetic,prior_draw,
lawnmower,50840,3.369088776071672,4.096859656657241,8,8,56,0,0.20147011012001947,synthetic,prior_draw,
greedy_information,50840,4.525779003012253,5.235636996398776,10,10,54,0,0.11493141003545485,synthetic,prior_draw,
random,50841,1.8052512477144997,2.5147610363225477,10,6,42,0,0.15888441195355335,synthetic,prior_draw,
lawnmower,50841,2.6640849533505557,3.3974166711350384,7,7,57,0,0.22708762887514566,synthetic,prior_draw,
greedy_information,50841,4.701471583847451,5.3818040191059735,10,10,54,0,0.12500438538013756,synthetic,prior_draw,
random,50842,2.1535745754743645,2.8135585459071533,10,6,39,0,0.4072523009188239,synthetic,prior_draw,
lawnmower,50842,2.98638197131484,3.6367393525766833,9,9,55,0,0.16630165386494417,synthetic,prior_draw,
greedy_information,50842,4.797368363665468,5.427061258858416,10,10,54,0,0.13660424488770861,synthetic,prior_draw,
random,50843,1.453669576400409,2.2654175875091425,7,5,42,0,0.3609694254238055,synthetic,prior_draw,
lawnmower,50843,2.8680108653200156,3.6834639081527336,8,8,56,0,0.16321649952416722,synthetic,prior_draw,
greedy_information,50843,4.674557155775236,5.453858968275571,10,10,54,0,0.15369718922629602,synthetic,prior_draw,
random,50844,2.0928752354165447,2.775558953725084,10,8,45,0,0.3552465915092025,synthetic,prior_draw,
lawnmower,50844,2.787051606304815,3.457044041717646,7,7,57,0,0.27817935581507225,synthetic,prior_draw,
greedy_information,50844,4.7317658676751115,5.368086752826051,10,10,54,0,0.23263375057851185,synthetic,prior_draw,
random,50845,1.5175076031539538,2.2712041985499627,7,7,43,0,0.17789580278419687,synthetic,prior_draw,
lawnmower,50845,2.8463851506721527,3.5974232506005754,8,8,56,0,0.16989332075740315,synthetic,prior_draw,
greedy_information,50845,4.384975255579624,5.117392730320447,10,10,54,0,0.1399030951632457,synthetic,prior_draw,
random,50846,1.0045310482740246,1.7537366368751621,6,5,41,0,0.24496749168500892,synthetic,prior_draw,
lawnmower,50846,2.015583100667678,2.7936448482640897,5,5,59,0,0.250310818253969,synthetic,prior_draw,
greedy_information,50846,4.930128214909381,5.652785362932053,10,10,54,0,0.14797303762267902,synthetic,prior_draw,
random,50847,1.8263665618717961,2.6062148788533186,10,7,38,0,0.14468895990047237,synthetic,prior_draw,
lawnmower,50847,3.0391461749890394,3.8376283116989014,8,8,56,0,0.15023930636066934,synthetic,prior_draw,
greedy_information,50847,4.509590285544874,5.28000366728195,10,10,54,0,0.18558318297291418,synthetic,prior_draw,
random,50848,2.2942538717744956,2.895033686766586,10,6,41,0,0.14218201190906654,synthetic,prior_draw,
lawnmower,50848,2.852171221032881,3.4723715101034553,8,8,56,0,0.14747830902597675,synthetic,prior_draw,
greedy_information,50848,5.17646624101089,5.77142814073663,10,10,54,0,0.12926599921452633,synthetic,prior_draw,
random,50849,1.690035514852563,2.376456234114217,10,8,44,0,0.2369686938611958,synthetic,prior_draw,
lawnmower,50849,2.6729303884030235,3.3638026710198807,7,7,57,0,0.227000363939169,synthetic,prior_draw,
greedy_information,50849,4.93343176731004,5.59269731002372,10,10,54,0,0.17251006842736502,synthetic,prior_draw,
random,50850,1.588422779680211,2.321344094020911,10,5,40,0,0.36305911613676844,synthetic,prior_draw,
lawnmower,50850,3.2346589169432396,4.004952751538887,8,8,56,0,0.19395871378812282,synthetic,prior_draw,
greedy_information,50850,4.5090467074077685,5.241441676749253,10,10,54,0,0.11707338958844855,synthetic,prior_draw,
random,50851,1.5592997956557737,2.320128171112563,10,6,50,0,0.28570224717221177,synthetic,prior_draw,
lawnmower,50851,3.0413323547220203,3.7801536244742624,8,8,56,0,0.22135124878035234,synthetic,prior_draw,
greedy_information,50851,4.710564378119056,5.400371266407993,10,10,54,0,0.17578892035387728,synthetic,prior_draw,
random,50852,2.202538087947914,2.963888945676622,10,7,48,0,0.20722309761815427,synthetic,prior_draw,
lawnmower,50852,2.9376469047096907,3.712965085415954,8,8,56,0,0.18538140849706555,synthetic,prior_draw,
greedy_information,50852,4.633444485309896,5.361004078666371,10,10,54,0,0.16799560604624006,synthetic,prior_draw,
random,50853,1.6199554881791616,2.320966539492048,8,6,47,0,0.18697506571334202,synthetic,prior_draw,
lawnmower,50853,2.622562791439851,3.2661429709382945,8,8,56,0,0.2024051606819164,synthetic,prior_draw,
greedy_information,50853,4.727644054690826,5.347717340802781,10,10,54,0,0.1385894014756793,synthetic,prior_draw,
random,50854,2.585057240800653,3.274913103684012,10,5,45,0,0.21474291151241393,synthetic,prior_draw,
lawnmower,50854,3.013314672518067,3.7077625256818787,8,8,56,0,0.1607764427672599,synthetic,prior_draw,
greedy_information,50854,4.8589966891658545,5.5173738944877,10,10,54,0,0.130197034657069,synthetic,prior_draw,
random,50855,1.6816496437523467,2.3276370264536257,10,7,47,0,0.16803729220586006,synthetic,prior_draw,
lawnmower,50855,2.4666721987799547,3.103520250368077,7,7,57,0,0.2384688655109625,synthetic,prior_draw,
greedy_information,50855,5.00813598323087,5.623806751524483,10,10,54,0,0.1594913899868158,synthetic,prior_draw,
random,50856,2.253826053852099,2.9700231243371777,10,7,41,0,0.29184666728767017,synthetic,prior_draw,
lawnmower,50856,2.1386623024026585,2.867387538629014,6,6,58,0,0.3992022833349851,synthetic,prior_draw,
greedy_information,50856,4.859239923987394,5.54162700024547,10,10,54,0,0.1620783662840528,synthetic,prior_draw,
random,50857,2.0168587069143835,2.7716333133718334,10,4,41,0,0.2674880636688611,synthetic,prior_draw,
lawnmower,50857,2.991781973109638,3.7415814240203904,8,8,56,0,0.1977531691681836,synthetic,prior_draw,
greedy_information,50857,4.782946944719147,5.511676217644623,10,10,54,0,0.16971976028935107,synthetic,prior_draw,
random,50858,1.920083084797849,2.589855683748305,10,7,41,0,0.1696162051194885,synthetic,prior_draw,
lawnmower,50858,3.0754417580019253,3.7467667212558533,9,9,55,0,0.22754022911198257,synthetic,prior_draw,
greedy_information,50858,4.965407058371903,5.622720713334497,10,10,54,0,0.18564247523193614,synthetic,prior_draw,
random,50859,1.6148663230438243,2.4224444154199056,7,6,38,0,0.18634985267006055,synthetic,prior_draw,
lawnmower,50859,2.4232316613483587,3.2458469697169,7,7,57,0,0.22162018486241136,synthetic,prior_draw,
greedy_information,50859,4.647591033465146,5.412416227983054,10,10,54,0,0.1899818603794366,synthetic,prior_draw,
random,50860,1.260554614005683,1.9312564817258056,7,5,46,0,0.3480044452528115,synthetic,prior_draw,
lawnmower,50860,2.7544424592688994,3.395683561296009,8,8,56,0,0.2385967033718107,synthetic,prior_draw,
greedy_information,50860,4.652905348537249,5.272680558965325,10,10,54,0,0.238776751801263,synthetic,prior_draw,
random,50861,1.685093490337649,2.3567609118418855,10,4,45,0,0.24057927814039187,synthetic,prior_draw,
lawnmower,50861,2.7786109965689314,3.4233235889934583,8,8,56,0,0.17292354482788233,synthetic,prior_draw,
greedy_information,50861,5.117960077805254,5.740754944423443,10,10,54,0,0.1427236581171297,synthetic,prior_draw,
random,50862,2.0048508487441636,2.7608013746257196,10,7,43,0,0.15542989091015375,synthetic,prior_draw,
lawnmower,50862,3.0628244244890115,3.8437063261513997,8,8,56,0,0.1809106410944841,synthetic,prior_draw,
greedy_information,50862,4.783503239673162,5.523050322718942,10,10,54,0,0.16839735789624574,synthetic,prior_draw,
random,50863,1.3213856195108042,2.064774434001034,9,3,42,0,0.16646869339887957,synthetic,prior_draw,
lawnmower,50863,2.893218648138061,3.610377847940076,8,8,56,0,0.17483080955649438,synthetic,prior_draw,
greedy_information,50863,5.058553849000779,5.748013119085801,10,10,54,0,0.10828024638900553,synthetic,prior_draw,
random,50864,1.7554052879072275,2.5506248575416515,10,7,47,0,0.27089172291353636,synthetic,prior_draw,
lawnmower,50864,2.2679601431519587,3.0457075888524634,7,7,57,0,0.1895548732176111,synthetic,prior_draw,
greedy_information,50864,4.72109673921375,5.452105518120223,10,10,54,0,0.1453152907843806,synthetic,prior_draw,
random,50865,1.3397429577489894,1.9981553109768497,8,6,45,0,0.20683550348124258,synthetic,prior_draw,
lawnmower,50865,3.0642167068739896,3.7262042098484134,8,8,56,0,0.2749381330157891,synthetic,prior_draw,
greedy_information,50865,5.060291917261277,5.714286795016062,10,10,54,0,0.23053692149640026,synthetic,prior_draw,
random,50866,2.1994685593678955,2.9458929931910376,10,5,45,0,0.22481160389176208,synthetic,prior_draw,
lawnmower,50866,2.4146591105975377,3.144048505504365,7,7,57,0,0.2276272975630748,synthetic,prior_draw,
greedy_information,50866,5.120657494464718,5.825466269239962,10,10,54,0,0.12968307371117596,synthetic,prior_draw,
random,50867,1.585069091960303,2.2284564916147547,6,5,46,0,0.3379331041730207,synthetic,prior_draw,
lawnmower,50867,2.59229735333647,3.210703142769525,7,7,57,0,0.31827417051946866,synthetic,prior_draw,
greedy_information,50867,4.5296907281913255,5.129203331821338,10,10,54,0,0.14505267068414956,synthetic,prior_draw,
random,50868,1.8874639228789272,2.627401399167128,7,7,43,0,0.3309500677717375,synthetic,prior_draw,
lawnmower,50868,3.145710427757926,3.8813157986490703,8,8,56,0,0.1817931013840611,synthetic,prior_draw,
greedy_information,50868,4.529149188421466,5.226136818504968,10,10,54,0,0.12202597365023742,synthetic,prior_draw,
random,50869,1.3342576196083766,2.023499001171464,10,7,40,0,0.2416205339899469,synthetic,prior_draw,
lawnmower,50869,2.5915625944424505,3.307285947467904,6,6,58,0,0.25247444957273013,synthetic,prior_draw,
greedy_information,50869,4.826897102487067,5.508343080919857,10,10,54,0,0.1665242350156625,synthetic,prior_draw,
random,50870,2.870132536802808,3.5864626431447255,10,6,44,0,0.18048211791537913,synthetic,prior_draw,
lawnmower,50870,2.401987923053656,3.1176433938356087,7,7,57,0,0.20142090330501708,synthetic,prior_draw,
greedy_information,50870,4.958182874992237,5.630491395840927,10,10,54,0,0.1987959285487125,synthetic,prior_draw,
random,50871,1.7391392331781077,2.475885133291621,10,7,43,0,0.3262526315488269,synthetic,prior_draw,
lawnmower,50871,2.5159796998117203,3.2431939725526973,7,7,57,0,0.15284229442941522,synthetic,prior_draw,
greedy_information,50871,4.786502450754303,5.492519716890015,10,10,54,0,0.17682019549823022,synthetic,prior_draw,
random,50872,3.4753108379024793,4.10015774282592,10,7,40,0,0.13719419838293184,synthetic,prior_draw,
lawnmower,50872,2.3563758591615853,2.997688305353638,7,7,57,0,0.15086151494161712,synthetic,prior_draw,
greedy_information,50872,4.884204351028431,5.496718689550822,10,10,54,0,0.09171478735525722,synthetic,prior_draw,
random,50873,1.2596556312266964,2.0231043891395184,10,6,38,0,0.2584440894417327,synthetic,prior_draw,
lawnmower,50873,2.825206536476532,3.611194602211414,8,8,56,0,0.17530048017222755,synthetic,prior_draw,
greedy_information,50873,4.6928381724764545,5.427192159312535,10,10,54,0,0.1511000177611811,synthetic,prior_draw,
random,50874,2.0219186001719063,2.7123539602886177,10,8,44,0,0.2710097664876685,synthetic,prior_draw,
lawnmower,50874,2.7831788279530882,3.4740711055879236,8,8,56,0,0.2440673605602984,synthetic,prior_draw,
greedy_information,50874,4.676369805424011,5.336946603817068,10,10,54,0,0.26734573247077187,synthetic,prior_draw,
random,50875,2.5136288999792415,3.21164513348613,10,6,35,0,0.22714715507150676,synthetic,prior_draw,
lawnmower,50875,2.7000673984334016,3.407790801092057,8,8,56,0,0.16878907324459963,synthetic,prior_draw,
greedy_information,50875,4.6563367519237495,5.345281859275628,10,10,54,0,0.1829820403047723,synthetic,prior_draw,
random,50876,1.9591622344697643,2.5961603191430944,10,6,41,0,0.2787733013153949,synthetic,prior_draw,
lawnmower,50876,2.0879350012801408,2.726571389773379,5,5,59,0,0.29505763941602575,synthetic,prior_draw,
greedy_information,50876,5.103861389410325,5.713523643694424,10,10,54,0,0.16827008419900613,synthetic,prior_draw,
random,50877,1.7133994677123905,2.4873599418446375,8,5,41,0,0.25428587878092895,synthetic,prior_draw,
lawnmower,50877,3.55710871091752,4.346760710476588,9,9,55,0,0.12838146462684571,synthetic,prior_draw,
greedy_information,50877,4.495007596195298,5.247269437947941,10,10,54,0,0.10852596652621568,synthetic,prior_draw,
random,50878,2.827284163218113,3.5392522813946323,9,6,48,0,0.1687869781348882,synthetic,prior_draw,
lawnmower,50878,2.8611654507688518,3.5358045877253623,8,8,56,0,0.2344412566723505,synthetic,prior_draw,
greedy_information,50878,5.113136524413138,5.767061136033505,10,10,54,0,0.20574484391733777,synthetic,prior_draw,
random,50879,1.8931836203145447,2.5869305574036114,10,5,43,0,0.15410143666688972,synthetic,prior_draw,
lawnmower,50879,3.1039286480388104,3.7789132389995697,8,8,56,0,0.20413083162874224,synthetic,prior_draw,
greedy_information,50879,4.92409299446848,5.573838326513331,10,10,54,0,0.11681992468629998,synthetic,prior_draw,
random,50880,2.13588289122825,2.753480710535875,10,6,43,0,0.24528220663306016,synthetic,prior_draw,
lawnmower,50880,3.0521209888390843,3.6746714923350927,8,8,56,0,0.21334121730376326,synthetic,prior_draw,
greedy_information,50880,4.871837605550254,5.464178791311265,10,10,54,0,0.272544568989249,synthetic,prior_draw,
random,50881,1.6427489007825644,2.406449854191882,10,6,43,0,0.30296837344855254,synthetic,prior_draw,
lawnmower,50881,2.4813332988918515,3.2370765942380015,7,7,57,0,0.2833507413521433,synthetic,prior_draw,
greedy_information,50881,4.931348226420359,5.661792019203314,10,10,54,0,0.1405063542473824,synthetic,prior_draw,
random,50882,1.4303424389759474,2.1584540197428836,10,7,42,0,0.2856936636185839,synthetic,prior_draw,
lawnmower,50882,2.5220694274898174,3.249725357335252,7,7,57,0,0.29062574890234294,synthetic,prior_draw,
greedy_information,50882,5.043787538486446,5.7531410339603175,10,10,54,0,0.17850040218007965,synthetic,prior_draw,
random,50883,1.6519176737688914,2.4075898919129948,10,6,42,0,0.40088003777387315,synthetic,prior_draw,
lawnmower,50883,2.546977183911293,3.317717514022388,7,7,57,0,0.35448285426604836,synthetic,prior_draw,
greedy_information,50883,4.662447355288379,5.387749486897105,10,10,54,0,0.31713423068784,synthetic,prior_draw,
random,50884,2.1455127026743575,2.856407555421667,10,6,48,0,0.30021346999033427,synthetic,prior_draw,
lawnmower,50884,2.664334338770687,3.3551331205731945,8,8,56,0,0.1691539963174864,synthetic,prior_draw,
greedy_information,50884,5.063694510007668,5.726413031298788,10,10,54,0,0.10639910941899604,synthetic,prior_draw,
random,50885,2.138145166923823,2.8428084112051595,10,9,45,0,0.2226505991352597,synthetic,prior_draw,
lawnmower,50885,2.9419725708391695,3.662183114522679,8,8,56,0,0.10907732230900723,synthetic,prior_draw,
greedy_information,50885,5.2415668375289375,5.922765785742366,10,10,54,0,0.08725018256106569,synthetic,prior_draw,
random,50886,2.1566119884675614,2.8528592196417257,10,8,41,0,0.2158492067182776,synthetic,prior_draw,
lawnmower,50886,3.2430426415307596,3.9576663153916334,9,9,55,0,0.12370282357323363,synthetic,prior_draw,
greedy_information,50886,4.852779547375537,5.534276636908252,10,10,54,0,0.18744775753730814,synthetic,prior_draw,
random,50887,1.4907838441140773,2.135285145969537,10,4,43,0,0.22435748615488837,synthetic,prior_draw,
lawnmower,50887,3.0961527601509076,3.7543158751357337,8,8,56,0,0.18352777540404205,synthetic,prior_draw,
greedy_information,50887,4.745613761822125,5.378650776838846,10,10,54,0,0.11913962796921361,synthetic,prior_draw,
random,50888,1.9807812233974917,2.6456833967515503,10,5,39,0,0.2538268266137121,synthetic,prior_draw,
lawnmower,50888,2.3543713304904106,3.0492422743028986,6,6,58,0,0.20117996661084214,synthetic,prior_draw,
greedy_information,50888,4.794404452924522,5.480439033544463,10,10,54,0,0.2884723807651176,synthetic,prior_draw,
random,50889,1.8005808969771233,2.444361242794848,10,7,44,0,0.29552185269655473,synthetic,prior_draw,
lawnmower,50889,2.303749980212565,2.967701243350117,7,7,57,0,0.2585978671532698,synthetic,prior_draw,
greedy_information,50889,5.210467904543126,5.833895715323858,10,10,54,0,0.15708540483011396,synthetic,prior_draw,
random,50890,3.219365681710884,4.000087954565389,10,7,43,0,0.2501412093441398,synthetic,prior_draw,
lawnmower,50890,2.5740981622300185,3.3848540740799047,8,8,56,0,0.19993648443568715,synthetic,prior_draw,
greedy_information,50890,4.7709388439711935,5.5458739208030785,10,10,54,0,0.20341362925936118,synthetic,prior_draw,
random,50891,2.0570452004218436,2.6897599921695114,10,6,43,0,0.1076148404289521,synthetic,prior_draw,
lawnmower,50891,2.944696997412436,3.567854425076139,8,8,56,0,0.15445178944923152,synthetic,prior_draw,
greedy_information,50891,4.809129079492221,5.405929182976355,10,10,54,0,0.11629077746866699,synthetic,prior_draw,
random,50892,2.0468342568145377,2.8088327831793243,8,7,44,0,0.24701063143358137,synthetic,prior_draw,
lawnmower,50892,2.06422434772111,2.8097743208637334,7,7,57,0,0.3215831581971867,synthetic,prior_draw,
greedy_information,50892,4.662587593911121,5.376421572123566,10,10,54,0,0.19989819708620976,synthetic,prior_draw,
random,50893,1.9518767027712798,2.63641048695036,9,6,40,0,0.19308576396454527,synthetic,prior_draw,
lawnmower,50893,2.1689100512538593,2.823762834275652,7,7,57,0,0.30086461840625245,synthetic,prior_draw,
greedy_information,50893,5.136228336187409,5.771350324048772,10,10,54,0,0.1939638721848063,synthetic,prior_draw,
random,50894,2.407032909695077,3.182139102933194,10,7,44,0,0.3786796739977386,synthetic,prior_draw,
lawnmower,50894,3.0798876474127876,3.868607162056033,8,8,56,0,0.248830219473892,synthetic,prior_draw,
greedy_information,50894,4.43786932296028,5.187057447067801,10,10,54,0,0.11817889922301356,synthetic,prior_draw,
random,50895,1.8355928208614616,2.639404322918513,9,7,46,0,0.3137258332248745,synthetic,prior_draw,
lawnmower,50895,2.083091937182614,2.878480448568431,7,7,57,0,0.299411345837695,synthetic,prior_draw,
greedy_information,50895,4.888326166471225,5.639322035495133,10,10,54,0,0.1605456117616547,synthetic,prior_draw,
random,50896,1.3230353139541289,2.0682984442591303,6,5,46,0,0.1734180434077106,synthetic,prior_draw,
lawnmower,50896,3.1113446448276356,3.837576965209775,9,9,55,0,0.19076309604725972,synthetic,prior_draw,
greedy_information,50896,5.072726445506856,5.768922501553512,10,10,54,0,0.16539117723126445,synthetic,prior_draw,
random,50897,1.6490968571466174,2.3360075154398783,10,7,43,0,0.21819946567900791,synthetic,prior_draw,
lawnmower,50897,3.135533742804886,3.8282185921620715,8,8,56,0,0.18047954313162143,synthetic,prior_draw,
greedy_information,50897,4.911568401492773,5.587301235370283,10,10,54,0,0.17742804404247806,synthetic,prior_draw,
random,50898,1.9482504582170002,2.6119751507494167,9,9,43,0,0.37988252108400944,synthetic,prior_draw,
lawnmower,50898,3.0365638798095658,3.6993376693939357,8,8,56,0,0.2726174762225933,synthetic,prior_draw,
greedy_information,50898,4.839042064634109,5.47936573688095,10,10,54,0,0.14489547546014367,synthetic,prior_draw,
random,50899,1.3350419790884263,2.1256995760233974,10,6,44,0,0.265273422374268,synthetic,prior_draw,
lawnmower,50899,2.10933104976176,2.898936986942417,7,7,57,0,0.28361887498731475,synthetic,prior_draw,
greedy_information,50899,4.6745030789594715,5.426059362616557,10,10,54,0,0.27114833058781135,synthetic,prior_draw,
random,50900,1.9651090957296913,2.7678715140789674,10,9,42,0,0.19345979306661415,synthetic,prior_draw,
lawnmower,50900,1.937264476830931,2.7551950022675897,7,7,57,0,0.14814484193679375,synthetic,prior_draw,
greedy_information,50900,4.8002025000779724,5.582617963474115,10,10,54,0,0.14020733869130658,synthetic,prior_draw,
random,50901,2.1598022785048134,2.9545907244076353,10,7,39,0,0.2748762425975706,synthetic,prior_draw,
lawnmower,50901,2.8503956768687173,3.6759788024425903,8,8,56,0,0.2660551236258273,synthetic,prior_draw,
greedy_information,50901,4.710110688700802,5.482940516056257,10,10,54,0,0.2493526782368959,synthetic,prior_draw,
random,50902,1.436714745417738,2.12270750639994,5,4,48,0,0.1624894279747864,synthetic,prior_draw,
lawnmower,50902,3.1521391175754268,3.7899126685878612,9,9,55,0,0.3076353161412691,synthetic,prior_draw,
greedy_information,50902,5.073597003283286,5.693348915361922,10,10,54,0,0.19257095003620467,synthetic,prior_draw,
random,50903,1.1958122349302238,1.8644058116400695,7,5,41,0,0.2977442145768972,synthetic,prior_draw,
lawnmower,50903,2.88133093313577,3.5457964416781778,9,9,55,0,0.192561646070834,synthetic,prior_draw,
greedy_information,50903,4.977253619491593,5.619420144390226,10,10,54,0,0.20645353337927932,synthetic,prior_draw,
random,50904,2.3634655015456736,2.992833907627708,10,8,43,0,0.1574906164536821,synthetic,prior_draw,
lawnmower,50904,2.635914489087523,3.2753346772025718,7,7,57,0,0.19546420825152663,synthetic,prior_draw,
greedy_information,50904,4.985000091325187,5.600900579859315,10,10,54,0,0.1538437003077521,synthetic,prior_draw,
random,50905,2.042594309512992,2.8151273936909176,10,9,42,0,0.19699279125143757,synthetic,prior_draw,
lawnmower,50905,2.9685877199712,3.7447438601480103,8,8,56,0,0.1879746109086296,synthetic,prior_draw,
greedy_information,50905,4.691503507550831,5.412093344860016,10,10,54,0,0.1459056534173468,synthetic,prior_draw,
random,50906,2.2697523964626063,3.039856914886539,10,8,42,0,0.12581827525783318,synthetic,prior_draw,
lawnmower,50906,2.58915128355454,3.3791668204813785,8,8,56,0,0.1955621329773767,synthetic,prior_draw,
greedy_information,50906,4.6303306420683805,5.392977463782463,10,10,54,0,0.16992929489580402,synthetic,prior_draw,
random,50907,1.7629336353808716,2.456227488518881,10,6,46,0,0.16219225901285964,synthetic,prior_draw,
lawnmower,50907,2.4066563285736224,3.1046903290220755,7,7,57,0,0.16230700774691398,synthetic,prior_draw,
greedy_information,50907,4.8130773057992515,5.477487566817358,10,10,54,0,0.11137787994430096,synthetic,prior_draw,
random,50908,1.4960588719078347,2.246601100996659,10,8,48,0,0.17479529756852488,synthetic,prior_draw,
lawnmower,50908,3.0830312416082397,3.8041350683131308,9,9,55,0,0.14063919187504112,synthetic,prior_draw,
greedy_information,50908,4.747117645006977,5.453465029799845,10,10,54,0,0.14380617013520572,synthetic,prior_draw,
random,50909,1.314101609772142,2.0050012815078344,10,4,44,0,0.22642675735961826,synthetic,prior_draw,
lawnmower,50909,2.859055080205779,3.51781827945588,8,8,56,0,0.2576161255643159,synthetic,prior_draw,
greedy_information,50909,5.0494422927204905,5.678740069482787,10,10,54,0,0.16280661747914718,synthetic,prior_draw,
random,50910,1.3545897217249687,2.1437788759744745,8,5,43,0,0.2276903865739016,synthetic,prior_draw,
lawnmower,50910,2.8649352046510765,3.6210238269155806,8,8,56,0,0.19231967428540367,synthetic,prior_draw,
greedy_information,50910,4.651506230221374,5.369540965932183,10,10,54,0,0.2175999467928522,synthetic,prior_draw,
random,50911,1.5185307239003558,2.3400584873836077,10,8,42,0,0.29259881794919185,synthetic,prior_draw,
lawnmower,50911,1.871036171824125,2.6877558636351977,7,7,57,0,0.24430113188152078,synthetic,prior_draw,
greedy_information,50911,4.674051347213746,5.450330395447886,10,10,54,0,0.18410521073028607,synthetic,prior_draw,
random,50912,2.0475950670993917,2.807870640085925,8,6,41,0,0.2077973273765282,synthetic,prior_draw,
lawnmower,50912,2.5084789130182523,3.2697097857355706,7,7,57,0,0.18713701755128376,synthetic,prior_draw,
greedy_information,50912,4.3697573997454064,5.100288686087621,10,10,54,0,0.0872191883867992,synthetic,prior_draw,
random,50913,2.4344018188540635,3.1665879970422552,10,6,46,0,0.16772870529823894,synthetic,prior_draw,
lawnmower,50913,2.4787804946849947,3.2071726704104915,7,7,57,0,0.26559258199029034,synthetic,prior_draw,
greedy_information,50913,4.5155182524489295,5.198339532202815,10,10,54,0,0.17704187403220284,synthetic,prior_draw,
random,50914,2.6398660544404353,3.2923736048800976,9,7,39,0,0.17605652803344535,synthetic,prior_draw,
lawnmower,50914,3.0322002675477124,3.679663753447709,8,8,56,0,0.12450364071058959,synthetic,prior_draw,
greedy_information,50914,4.733581546326804,5.375860937197987,10,10,54,0,0.0886058968583713,synthetic,prior_draw,
random,50915,2.0192907813197953,2.6700013079079326,10,7,46,0,0.28157760816065747,synthetic,prior_draw,
lawnmower,50915,2.9467044623264282,3.5947314286684624,8,8,56,0,0.1739764079061205,synthetic,prior_draw,
greedy_information,50915,5.1476141251162995,5.7799198281048,10,10,54,0,0.12246833915910266,synthetic,prior_draw,
random,50916,1.6764217033653361,2.2649133131239685,10,9,41,0,0.34513030090283725,synthetic,prior_draw,
lawnmower,50916,2.5840749828036054,3.2062993916507567,7,7,57,0,0.21281269130255512,synthetic,prior_draw,
greedy_information,50916,5.006549384414814,5.612845639598152,10,10,54,0,0.18393608712190668,synthetic,prior_draw,
random,50917,1.9814884732749563,2.6333578348952433,10,4,39,0,0.29555751748138664,synthetic,prior_draw,
lawnmower,50917,2.7026003638775467,3.364929356856557,7,7,57,0,0.19529407193796874,synthetic,prior_draw,
greedy_information,50917,4.714160081786904,5.359787455792537,10,10,54,0,0.15940917246463798,synthetic,prior_draw,
random,50918,2.2867184777240785,2.9323264594039107,10,7,44,0,0.19053178512303376,synthetic,prior_draw,
lawnmower,50918,3.02681147214274,3.6536629500902182,8,8,56,0,0.16710789226130202,synthetic,prior_draw,
greedy_information,50918,4.566595719754945,5.180399184250822,10,10,54,0,0.15518732576103786,synthetic,prior_draw,
random,50919,1.523986954100424,2.190905246276219,10,7,45,0,0.4066501451079661,synthetic,prior_draw,
lawnmower,50919,2.443461768945675,3.1107520578712187,7,7,57,0,0.33422280489440837,synthetic,prior_draw,
greedy_information,50919,5.28295958375291,5.924084329778257,10,10,54,0,0.23364440582586635,synthetic,prior_draw,
random,50920,2.7602511639682383,3.480432946131562,10,8,43,0,0.3209884348017452,synthetic,prior_draw,
lawnmower,50920,3.090247463781711,3.801368694443511,8,8,56,0,0.11487519833417553,synthetic,prior_draw,
greedy_information,50920,4.602728307611065,5.323421132601712,10,10,54,0,0.09436939978306787,synthetic,prior_draw,
random,50921,1.8424739905082215,2.5329370944541814,10,7,39,0,0.16482998351700145,synthetic,prior_draw,
lawnmower,50921,3.023539312159652,3.7023130202056467,8,8,56,0,0.14101792531024337,synthetic,prior_draw,
greedy_information,50921,4.947874956328862,5.593834320179458,10,10,54,0,0.144964023829146,synthetic,prior_draw,
random,50922,1.9481555959540806,2.7752531762774106,10,3,43,0,0.2975719403912982,synthetic,prior_draw,
lawnmower,50922,2.735474888916002,3.567884767092143,8,8,56,0,0.1446914140246459,synthetic,prior_draw,
greedy_information,50922,4.8188766032842505,5.611576260464175,10,10,54,0,0.18041704225484959,synthetic,prior_draw,
random,50923,1.9992373113708455,2.639184365564889,10,5,44,0,0.1496787326430961,synthetic,prior_draw,
lawnmower,50923,2.6649619852776496,3.295564101020025,7,7,57,0,0.206664328491046,synthetic,prior_draw,
greedy_information,50923,5.060645197914683,5.6612714374447615,10,10,54,0,0.15517393079897454,synthetic,prior_draw,
random,50924,2.0589414493726164,2.812812618704713,9,7,46,0,0.27095273219040145,synthetic,prior_draw,
lawnmower,50924,3.2119588850167022,3.9527066665860917,9,9,55,0,0.2458105857591057,synthetic,prior_draw,
greedy_information,50924,4.97645772147563,5.692131081697878,10,10,54,0,0.16131919481950177,synthetic,prior_draw,
random,50925,1.4545141153117689,2.115476276101406,10,7,39,0,0.1505724345141002,synthetic,prior_draw,
lawnmower,50925,2.783549241735869,3.4293481505948056,8,8,56,0,0.1377401386679964,synthetic,prior_draw,
greedy_information,50925,4.679874182917919,5.317189477543383,10,10,54,0,0.09383790442974241,synthetic,prior_draw,
random,50926,1.9408553086834444,2.7182789517309143,8,8,40,0,0.29704602501569616,synthetic,prior_draw,
lawnmower,50926,2.8773216470159264,3.655106302794662,8,8,56,0,0.19674211644496611,synthetic,prior_draw,
greedy_information,50926,4.565407875939574,5.307859945351426,10,10,54,0,0.15500844663165467,synthetic,prior_draw,
random,50927,2.1147779705203,2.7856851777489333,10,8,49,0,0.13251061467518052,synthetic,prior_draw,
lawnmower,50927,2.958508838594388,3.626736087133887,8,8,56,0,0.14644441342732412,synthetic,prior_draw,
greedy_information,50927,4.951248064547372,5.584267889264869,10,10,54,0,0.10426291768467529,synthetic,prior_draw,
random,50928,1.83231124774819,2.5087607245199375,10,8,39,0,0.2406635970121189,synthetic,prior_draw,
lawnmower,50928,1.995289264883072,2.693957088643903,6,6,58,0,0.284041456299634,synthetic,prior_draw,
greedy_information,50928,5.349261624092884,6.009924696168189,10,10,54,0,0.13461485815838736,synthetic,prior_draw,
random,50929,1.3835171988341886,2.186366265315762,10,6,38,0,0.23704808084572876,synthetic,prior_draw,
lawnmower,50929,2.8306691972429707,3.6495524986620067,8,8,56,0,0.15255774749200776,synthetic,prior_draw,
greedy_information,50929,4.80571438066499,5.589316318164491,10,10,54,0,0.08470215968524362,synthetic,prior_draw,
random,50930,1.504236313543995,2.3182129380029344,4,4,52,0,0.3050369279362819,synthetic,prior_draw,
lawnmower,50930,2.847362901331883,3.622855452460178,8,8,56,0,0.19563835885536862,synthetic,prior_draw,
greedy_information,50930,4.772556730702032,5.525768154493613,10,10,54,0,0.21634471792465781,synthetic,prior_draw,
random,50931,2.866953813512934,3.5923612681276853,10,7,45,0,0.15220818845985723,synthetic,prior_draw,
lawnmower,50931,2.9930069992669592,3.740974722192004,8,8,56,0,0.16478487262541933,synthetic,prior_draw,
greedy_information,50931,4.646745661147263,5.348205280413498,10,10,54,0,0.16044871234775895,synthetic,prior_draw,
random,50932,1.9294108925630897,2.5791862891827604,10,6,45,0,0.4423186034678239,synthetic,prior_draw,
lawnmower,50932,2.4760631563992965,3.1150452555873187,7,7,57,0,0.2616073716183505,synthetic,prior_draw,
greedy_information,50932,5.2315280988585995,5.850076108752222,10,10,54,0,0.12963558836751,synthetic,prior_draw,
random,50933,1.3554198288071269,2.0791678043283333,10,5,41,0,0.08080568201542997,synthetic,prior_draw,
lawnmower,50933,2.2316374007276387,2.9697307931423578,5,5,59,0,0.16826536359378877,synthetic,prior_draw,
greedy_information,50933,4.599367716240267,5.321038189500671,10,10,54,0,0.123978292887968,synthetic,prior_draw,
random,50934,2.009901722101279,2.695429354116139,10,6,41,0,0.24973658150064243,synthetic,prior_draw,
lawnmower,50934,2.7939816775411748,3.468335711236712,8,8,56,0,0.17628976851306713,synthetic,prior_draw,
greedy_information,50934,4.771399348709503,5.415072787016173,10,10,54,0,0.17017113123168803,synthetic,prior_draw,
random,50935,1.7327875208527421,2.541404584481525,10,6,47,0,0.18808336723678412,synthetic,prior_draw,
lawnmower,50935,2.8576649175260713,3.6519861084286465,8,8,56,0,0.20241200172468612,synthetic,prior_draw,
greedy_information,50935,4.695803341310673,5.455657379209495,10,10,54,0,0.08248625218401572,synthetic,prior_draw,
random,50936,2.667297763945853,3.333208243483854,10,8,45,0,0.2140733427622457,synthetic,prior_draw,
lawnmower,50936,3.3375830707440097,4.009217269154755,9,9,55,0,0.21337444856427673,synthetic,prior_draw,
greedy_information,50936,4.406994403475092,5.071624960672801,10,10,54,0,0.1898234494305476,synthetic,prior_draw,
random,50937,2.8198839311645507,3.5514317840679377,7,5,45,0,0.27407664432301976,synthetic,prior_draw,
lawnmower,50937,3.0478634134717306,3.764646808546669,8,8,56,0,0.22119995644777807,synthetic,prior_draw,
greedy_information,50937,4.97759711950431,5.665164210803373,10,10,54,0,0.19080268452093313,synthetic,prior_draw,
random,50938,1.6548466644582578,2.3945190613016587,10,6,39,0,0.2693848593242231,synthetic,prior_draw,
lawnmower,50938,1.1355097961040717,1.902925798256694,4,4,60,0,0.2623417631620087,synthetic,prior_draw,
greedy_information,50938,4.66994672944153,5.385256741378492,10,10,54,0,0.15113060607390935,synthetic,prior_draw,
random,50939,2.780974327717341,3.428712878213202,9,8,44,0,0.2684360620576253,synthetic,prior_draw,
lawnmower,50939,2.624920105998996,3.2946936063373973,6,6,58,0,0.29674405420298466,synthetic,prior_draw,
greedy_information,50939,4.892489181632004,5.526569888232777,10,10,54,0,0.1532378184686401,synthetic,prior_draw,
random,50940,1.577457986542013,2.336942324624941,10,6,45,0,0.19534073038580274,synthetic,prior_draw,
lawnmower,50940,2.574349403603306,3.313780926467761,7,7,57,0,0.22493046911356943,synthetic,prior_draw,
greedy_information,50940,4.9154878998053935,5.612153694872304,10,10,54,0,0.20185797172683806,synthetic,prior_draw,
random,50941,2.5168170906975846,3.233209660759333,10,8,45,0,0.42591053385114497,synthetic,prior_draw,
lawnmower,50941,2.663925636459643,3.3731858665969328,7,7,57,0,0.27586066771667733,synthetic,prior_draw,
greedy_information,50941,4.589630542200429,5.302330295301474,10,10,54,0,0.20629913012466958,synthetic,prior_draw,
random,50942,1.3078073070731342,2.0313551900791036,9,7,45,0,0.31605223401838817,synthetic,prior_draw,
lawnmower,50942,2.4322531957169335,3.1729919006588903,7,7,57,0,0.16650987408597281,synthetic,prior_draw,
greedy_information,50942,4.576742454611905,5.317950516789932,10,10,54,0,0.12176776354237669,synthetic,prior_draw,
random,50943,1.7594587679558953,2.4899367829357115,10,7,42,0,0.14008813324715502,synthetic,prior_draw,
lawnmower,50943,1.9143272111324519,2.6726288471172834,5,5,59,0,0.20839808308357222,synthetic,prior_draw,
greedy_information,50943,4.701372218201297,5.403832296792601,10,10,54,0,0.1542670834181162,synthetic,prior_draw,
random,50944,2.4458880103277316,3.155510470695318,10,7,36,0,0.24049804369085664,synthetic,prior_draw,
lawnmower,50944,2.4828942635199454,3.1971615283212316,7,7,57,0,0.1822470349538174,synthetic,prior_draw,
greedy_information,50944,5.285887224984413,5.960305070753422,10,10,54,0,0.19577904521923883,synthetic,prior_draw,
random,50945,0.9264174379710757,1.7426444178454692,10,6,42,0,0.20194785180111804,synthetic,prior_draw,
lawnmower,50945,2.9237875322359943,3.7403714191371003,8,8,56,0,0.1537132737872806,synthetic,prior_draw,
greedy_information,50945,4.839608084818226,5.6101194224165525,10,10,54,0,0.14582475236067005,synthetic,prior_draw,
random,50946,1.087255292156629,1.915010882767037,6,6,46,0,0.3052557315255316,synthetic,prior_draw,
lawnmower,50946,3.505059676699336,4.273453791773982,9,9,55,0,0.18203776238902614,synthetic,prior_draw,
greedy_information,50946,4.847832220617644,5.601109385998787,10,10,54,0,0.20806424101639637,synthetic,prior_draw,
random,50947,2.2989915303624273,3.083618632928195,10,7,42,0,0.3086567672287909,synthetic,prior_draw,
lawnmower,50947,1.8343583932037588,2.623180610800974,5,5,59,0,0.37940210920665157,synthetic,prior_draw,
greedy_information,50947,4.6390211205924405,5.379512068737399,10,10,54,0,0.12394601964627784,synthetic,prior_draw,
random,50948,1.9693371531059674,2.640597401451216,9,8,48,0,0.24306256361336373,synthetic,prior_draw,
lawnmower,50948,2.5717637269619913,3.2548096967284814,7,7,57,0,0.4568174331467537,synthetic,prior_draw,
greedy_information,50948,5.4606510756827245,6.134738120387648,10,10,54,0,0.11524273053708917,synthetic,prior_draw,
random,50949,1.9407650689434317,2.63600955569577,10,6,43,0,0.2213311145869069,synthetic,prior_draw,
lawnmower,50949,2.9048652402179886,3.600054667754604,8,8,56,0,0.19377426605130202,synthetic,prior_draw,
greedy_information,50949,4.5715623695267364,5.236122454375935,10,10,54,0,0.14959356070620694,synthetic,prior_draw,
random,50950,2.3609941817155815,3.0208392892554685,9,7,44,0,0.19108247223384922,synthetic,prior_draw,
lawnmower,50950,3.01821266626232,3.680592044679983,8,8,56,0,0.118273392203608,synthetic,prior_draw,
greedy_information,50950,4.774146120079142,5.4088761320932575,10,10,54,0,0.10523783442280056,synthetic,prior_draw,
random,50951,2.3623669321006755,3.037060560294959,10,7,44,0,0.24733816531207078,synthetic,prior_draw,
lawnmower,50951,2.6823282613355808,3.3352506452461874,8,8,56,0,0.16426676608466453,synthetic,prior_draw,
greedy_information,50951,4.754592926558723,5.3715022660436125,10,10,54,0,0.16985205312536675,synthetic,prior_draw,
random,50952,2.353773174723076,3.1111683562910706,10,8,42,0,0.26767688652512445,synthetic,prior_draw,
lawnmower,50952,2.2184347013769283,2.982200791877906,7,7,57,0,0.20124623741244116,synthetic,prior_draw,
greedy_information,50952,4.893830895122934,5.6246985235020155,10,10,54,0,0.18328424890237566,synthetic,prior_draw,
random,50953,2.412455152051344,3.1175482915531103,10,7,50,0,0.24738140791860638,synthetic,prior_draw,
lawnmower,50953,2.2674949046357,2.9481860088726717,7,7,57,0,0.23206166229975095,synthetic,prior_draw,
greedy_information,50953,4.860427753331516,5.50531159275296,10,10,54,0,0.14349461885740397,synthetic,prior_draw,
random,50954,2.622764556938005,3.3609681595719687,10,9,42,0,0.19422760187326094,synthetic,prior_draw,
lawnmower,50954,2.477900065748729,3.2417028758742403,7,7,57,0,0.16711038610955176,synthetic,prior_draw,
greedy_information,50954,4.5540560667559316,5.271662736272752,10,10,54,0,0.10983383450683483,synthetic,prior_draw,
random,50955,2.031335567214295,2.691845779085,10,7,46,0,0.35177030332565656,synthetic,prior_draw,
lawnmower,50955,2.9897282717964218,3.6307483770161535,9,9,55,0,0.17457172943213872,synthetic,prior_draw,
greedy_information,50955,4.9879157123857985,5.6050233913041305,10,10,54,0,0.11272364850363271,synthetic,prior_draw,
random,50956,1.620140846225991,2.378660645609333,8,7,43,0,0.09736317031893209,synthetic,prior_draw,
lawnmower,50956,2.302915857566244,3.088358499984662,7,7,57,0,0.11885540972068764,synthetic,prior_draw,
greedy_information,50956,4.739389090865541,5.491280931783519,10,10,54,0,0.15378166648047212,synthetic,prior_draw,
random,50957,1.7581990938057803,2.5849736388676856,7,5,41,0,0.35046367457905786,synthetic,prior_draw,
lawnmower,50957,2.8632675833480885,3.650989512302825,8,8,56,0,0.3123379049134606,synthetic,prior_draw,
greedy_information,50957,4.702795221409124,5.4626219380910035,10,10,54,0,0.15437303806600136,synthetic,prior_draw,
random,50958,2.399988203091757,3.009805463397511,10,8,43,0,0.21439650689218112,synthetic,prior_draw,
lawnmower,50958,2.368198925288827,3.010221944904822,7,7,57,0,0.18733775254938217,synthetic,prior_draw,
greedy_information,50958,4.801860505131867,5.409403607511078,10,10,54,0,0.1320344887560557,synthetic,prior_draw,
random,50959,1.329874727065188,2.0782816372273056,10,3,40,0,0.11369722768901418,synthetic,prior_draw,
lawnmower,50959,3.106961347448105,3.8523971231564613,8,8,56,0,0.13602345293505805,synthetic,prior_draw,
greedy_information,50959,4.829859579290132,5.5372889583855285,10,10,54,0,0.12235143941519036,synthetic,prior_draw,
random,50960,1.8460541654193556,2.5578117004294665,9,6,46,0,0.3420781639400757,synthetic,prior_draw,
lawnmower,50960,2.903910848439577,3.5725568929716554,8,8,56,0,0.2816177208696807,synthetic,prior_draw,
greedy_information,50960,4.818040309876546,5.467716899598111,10,10,54,0,0.19323051001664082,synthetic,prior_draw,
random,50961,2.4517270415021257,3.0964503228543583,10,7,45,0,0.2528117410503395,synthetic,prior_draw,
lawnmower,50961,2.551975791047954,3.1975898586862286,7,7,57,0,0.329882554193094,synthetic,prior_draw,
greedy_information,50961,4.789766480030981,5.402393012435383,10,10,54,0,0.31544541168119133,synthetic,prior_draw,
random,50962,1.926990738382119,2.6269262884813784,10,7,43,0,0.2315436811302247,synthetic,prior_draw,
lawnmower,50962,2.3537599489683743,3.0373923526201976,7,7,57,0,0.17576562941802454,synthetic,prior_draw,
greedy_information,50962,4.994746618127038,5.6450427090090916,10,10,54,0,0.16030934065777216,synthetic,prior_draw,
random,50963,1.6339514613280026,2.4520400987565676,10,7,45,0,0.28847363189828057,synthetic,prior_draw,
lawnmower,50963,2.1071464769776562,2.9322181335146236,7,7,57,0,0.2658439016232292,synthetic,prior_draw,
greedy_information,50963,4.610640658567978,5.396740418794916,10,10,54,0,0.18447802616192044,synthetic,prior_draw,
random,50964,1.9911507803518524,2.6958473877806957,10,9,44,0,0.2454061427233096,synthetic,prior_draw,
lawnmower,50964,3.1876006473407705,3.889380388205565,9,9,55,0,0.19469696381365284,synthetic,prior_draw,
greedy_information,50964,4.583782317584297,5.278466681460972,10,10,54,0,0.09657862254088719,synthetic,prior_draw,
random,50965,2.7573891709017113,3.441203196819089,10,8,44,0,0.16377649044750672,synthetic,prior_draw,
lawnmower,50965,2.6012374890891223,3.284091070548601,8,8,56,0,0.14440360423797413,synthetic,prior_draw,
greedy_information,50965,4.8471398745454,5.508306891068321,10,10,54,0,0.12834864501707316,synthetic,prior_draw,
random,50966,2.2348543289103247,3.0693581430008905,9,8,46,0,0.19893336470557818,synthetic,prior_draw,
lawnmower,50966,2.555329441596348,3.3784225215943993,6,6,58,0,0.23032674866030417,synthetic,prior_draw,
greedy_information,50966,5.180878308948766,5.963367458841507,10,10,54,0,0.19397402575112255,synthetic,prior_draw,
random,50967,1.8225426716187862,2.5992102779882624,10,9,37,0,0.16235375227621593,synthetic,prior_draw,
lawnmower,50967,2.169684309860136,2.9611025647748854,7,7,57,0,0.1839190858354741,synthetic,prior_draw,
greedy_information,50967,4.729689997685063,5.477881341801646,10,10,54,0,0.12458588294331718,synthetic,prior_draw,
random,50968,1.6337533904810095,2.271091397169692,7,6,47,0,0.2785420617977932,synthetic,prior_draw,
lawnmower,50968,2.739539727543452,3.375151843708537,7,7,57,0,0.2234375310529968,synthetic,prior_draw,
greedy_information,50968,4.923488159498097,5.550181251199426,10,10,54,0,0.17757147259062278,synthetic,prior_draw,
random,50969,2.2411809083864833,2.994903692262993,10,9,46,0,0.2141047721465593,synthetic,prior_draw,
lawnmower,50969,3.3438728191938027,4.086324215809006,9,9,55,0,0.23040768343011042,synthetic,prior_draw,
greedy_information,50969,4.534725184702082,5.262935568563364,10,10,54,0,0.22446335249875368,synthetic,prior_draw,
random,50970,0.8748584570710116,1.5357179930217744,8,6,47,0,0.2395937662044714,synthetic,prior_draw,
lawnmower,50970,2.48587406446113,3.1232030265951347,7,7,57,0,0.2545409995054765,synthetic,prior_draw,
greedy_information,50970,4.975883653335425,5.595808466233839,10,10,54,0,0.18148282012392972,synthetic,prior_draw,
random,50971,1.8871852457631502,2.682532483110279,10,8,44,0,0.26760925732002344,synthetic,prior_draw,
lawnmower,50971,3.2151486902170774,4.01552665187749,8,8,56,0,0.19219025738425516,synthetic,prior_draw,
greedy_information,50971,4.51884442428838,5.272836351566412,10,10,54,0,0.19133721786084934,synthetic,prior_draw,
random,50972,2.4335028595196495,3.185177074230005,10,6,43,0,0.22031500216638947,synthetic,prior_draw,
lawnmower,50972,2.486802115051226,3.223588764819949,7,7,57,0,0.208527148731448,synthetic,prior_draw,
greedy_information,50972,4.5569152814665905,5.263153910521266,10,10,54,0,0.15633237013772383,synthetic,prior_draw,
random,50973,1.968963319665891,2.6753416046291423,9,6,47,0,0.19451215567825084,synthetic,prior_draw,
lawnmower,50973,3.071821521881734,3.7282034772609913,8,8,56,0,0.06911011925306877,synthetic,prior_draw,
greedy_information,50973,5.053763267294428,5.682768487292984,10,10,54,0,0.07826247346577216,synthetic,prior_draw,
random,50974,1.4119375347343028,2.1055580380003764,10,5,43,0,0.19414209950263672,synthetic,prior_draw,
lawnmower,50974,3.0674310903226,3.756351771735,9,9,55,0,0.20594382527316482,synthetic,prior_draw,
greedy_information,50974,5.079640431525467,5.746333069814848,10,10,54,0,0.16316662735186713,synthetic,prior_draw,
random,50975,2.648762841239308,3.383076290831532,10,7,40,0,0.17587154999805232,synthetic,prior_draw,
lawnmower,50975,2.473548365021599,3.225035362188254,7,7,57,0,0.16798869337412428,synthetic,prior_draw,
greedy_information,50975,4.913783992298331,5.63831001740699,10,10,54,0,0.12515217242509685,synthetic,prior_draw,
random,50976,1.6015989399544808,2.381421495600186,10,5,43,0,0.28060655369405785,synthetic,prior_draw,
lawnmower,50976,2.7123506430786355,3.4764276950994284,8,8,56,0,0.21810262145642223,synthetic,prior_draw,
greedy_information,50976,4.5345328497237585,5.259966730350536,10,10,54,0,0.10489113306223793,synthetic,prior_draw,
random,50977,2.0942886292292306,2.839273575075477,8,4,44,0,0.27719325070586476,synthetic,prior_draw,
lawnmower,50977,2.3576701560249007,3.0831498064900305,7,7,57,0,0.23396933829825792,synthetic,prior_draw,
greedy_information,50977,4.805978150940432,5.499971696872208,10,10,54,0,0.1959340500319646,synthetic,prior_draw,
random,50978,2.6865522764211596,3.4020813755759534,8,7,44,0,0.24174882410355228,synthetic,prior_draw,
lawnmower,50978,2.9131233320091203,3.6192717118492874,8,8,56,0,0.14603196111135308,synthetic,prior_draw,
greedy_information,50978,4.6023241955033924,5.261959782367126,10,10,54,0,0.19447332433809156,synthetic,prior_draw,
random,50979,1.3968371771737595,2.2065276487058076,7,5,41,0,0.29822860686015246,synthetic,prior_draw,
lawnmower,50979,2.747126221711713,3.5591842414761214,8,8,56,0,0.2063862567569262,synthetic,prior_draw,
greedy_information,50979,4.6527344599078635,5.413005795509521,10,10,54,0,0.18288777031630002,synthetic,prior_draw,
random,50980,1.2766139424311487,1.9678240750746792,10,6,44,0,0.2528665980548851,synthetic,prior_draw,
lawnmower,50980,3.662235728165529,4.342425539299385,10,10,54,0,0.12283804230138985,synthetic,prior_draw,
greedy_information,50980,4.458150576211456,5.138911438196087,10,10,54,0,0.13097980705938742,synthetic,prior_draw,
random,50981,1.274218298295194,2.0290247443701803,10,7,43,0,0.12131051434726925,synthetic,prior_draw,
lawnmower,50981,3.729844466379402,4.48993248001039,9,9,55,0,0.06323833171205574,synthetic,prior_draw,
greedy_information,50981,4.541305361828379,5.26760774364859,10,10,54,0,0.08774052578777457,synthetic,prior_draw,
random,50982,2.3047451445768985,3.0361450657721583,9,7,40,0,0.2789972905479499,synthetic,prior_draw,
lawnmower,50982,2.7752647331891227,3.5086273108533175,8,8,56,0,0.21903921273374216,synthetic,prior_draw,
greedy_information,50982,4.854700935644027,5.562514313561499,10,10,54,0,0.22097055895983603,synthetic,prior_draw,
random,50983,1.538863981607963,2.390995128638417,6,5,46,0,0.3302038829025804,synthetic,prior_draw,
lawnmower,50983,2.6374576155045824,3.4649680359224626,8,8,56,0,0.24724779486128895,synthetic,prior_draw,
greedy_information,50983,4.656027176878174,5.432891714247722,10,10,54,0,0.15913511516437845,synthetic,prior_draw,
random,50984,1.9763849942670828,2.6567257207013117,10,6,40,0,0.15205599965180613,synthetic,prior_draw,
lawnmower,50984,3.3114514223359772,3.9749436714005424,9,9,55,0,0.1859972967306232,synthetic,prior_draw,
greedy_information,50984,4.65936992123305,5.30516253171412,10,10,54,0,0.11174364234754385,synthetic,prior_draw,
random,50985,1.6001762986000714,2.2997222227978646,10,8,43,0,0.2174538535800015,synthetic,prior_draw,
lawnmower,50985,2.88033947263853,3.5869614499239613,8,8,56,0,0.23930273572730093,synthetic,prior_draw,
greedy_information,50985,4.449355225372454,5.13706674278262,10,10,54,0,0.18694367272478968,synthetic,prior_draw,
random,50986,1.7192188083276176,2.4705164846046066,10,4,38,0,0.171930334588231,synthetic,prior_draw,
lawnmower,50986,2.383435481716999,3.149171578063989,7,7,57,0,0.17724541101990418,synthetic,prior_draw,
greedy_information,50986,4.608814291488634,5.350019259869094,10,10,54,0,0.16948253770812266,synthetic,prior_draw,
random,50987,1.9801092234541575,2.7479910578452715,6,5,41,0,0.1839466212613659,synthetic,prior_draw,
lawnmower,50987,2.282942095173445,3.0572542120343433,7,7,57,0,0.21195729178667605,synthetic,prior_draw,
greedy_information,50987,4.546689958879018,5.29621190454072,10,10,54,0,0.1463797979641422,synthetic,prior_draw,
random,50988,2.144632165402042,2.8165351637146463,10,9,43,0,0.24074963580844652,synthetic,prior_draw,
lawnmower,50988,2.8004443336143354,3.477669143368625,8,8,56,0,0.1677036044995878,synthetic,prior_draw,
greedy_information,50988,5.075536779899544,5.737263237745044,10,10,54,0,0.11972709663715599,synthetic,prior_draw,
random,50989,1.7915030862866668,2.4882848832242743,10,6,38,0,0.1964034976417978,synthetic,prior_draw,
lawnmower,50989,2.285372391089044,3.0174282295872006,7,7,57,0,0.19810608628719784,synthetic,prior_draw,
greedy_information,50989,5.035159695320436,5.73192142734607,10,10,54,0,0.11868136044857239,synthetic,prior_draw,
random,50990,2.7084028279655925,3.3957719570221276,10,6,40,0,0.17594604263963454,synthetic,prior_draw,
lawnmower,50990,3.2307041675378683,3.9536409847147427,8,8,56,0,0.2014587077309435,synthetic,prior_draw,
greedy_information,50990,4.821869690017836,5.5085802296252036,10,10,54,0,0.10488630169923546,synthetic,prior_draw,
random,50991,2.417933976208678,3.050523162980019,8,6,45,0,0.20914092454727576,synthetic,prior_draw,
lawnmower,50991,3.028170322073811,3.657944115657297,8,8,56,0,0.19023959396477896,synthetic,prior_draw,
greedy_information,50991,4.578399796558553,5.196311975469758,10,10,54,0,0.20345625521736738,synthetic,prior_draw,
random,50992,1.7984330776520565,2.546743551443482,7,6,51,0,0.2700319220390829,synthetic,prior_draw,
lawnmower,50992,3.181862237081063,3.8993913407945753,8,8,56,0,0.2970450218263047,synthetic,prior_draw,
greedy_information,50992,4.753150658581684,5.435900237154532,10,10,54,0,0.24328632025136468,synthetic,prior_draw,
random,50993,2.1246689195958544,2.7952946513732297,7,4,40,0,0.2737599409207158,synthetic,prior_draw,
lawnmower,50993,3.075834960121099,3.7307043512853766,8,8,56,0,0.25340540921797405,synthetic,prior_draw,
greedy_information,50993,4.9448660843475105,5.572166695876504,10,10,54,0,0.15033118822882413,synthetic,prior_draw,
random,50994,1.1682465045716355,1.9528547016913487,10,5,40,0,0.2869570473534578,synthetic,prior_draw,
lawnmower,50994,3.1274582664934583,3.900464108379277,8,8,56,0,0.14597048488120762,synthetic,prior_draw,
greedy_information,50994,4.356085409798303,5.104978853349715,10,10,54,0,0.20958890540067204,synthetic,prior_draw,
random,50995,1.871465423375259,2.6135875665043513,10,6,42,0,0.28964477235918884,synthetic,prior_draw,
lawnmower,50995,2.7824890491948056,3.5273024011728897,8,8,56,0,0.2241227519647009,synthetic,prior_draw,
greedy_information,50995,4.372537931775285,5.089356481874578,10,10,54,0,0.21143183506721222,synthetic,prior_draw,
random,50996,1.8420609208241912,2.4844828966459347,10,6,44,0,0.18290832391397507,synthetic,prior_draw,
lawnmower,50996,2.9394773678689607,3.567215796228573,8,8,56,0,0.12181024298517407,synthetic,prior_draw,
greedy_information,50996,4.65438258491596,5.289285084076459,10,10,54,0,0.10803266625439788,synthetic,prior_draw,
random,50997,2.5596010702925525,3.1773912396926276,10,7,43,0,0.12072112726457197,synthetic,prior_draw,
lawnmower,50997,2.7670823426268636,3.368909080718325,8,8,56,0,0.10802250956479983,synthetic,prior_draw,
greedy_information,50997,4.660502242823633,5.2697182905558755,10,10,54,0,0.07460774493071334,synthetic,prior_draw,
random,50998,2.355046752498985,3.015432164551903,10,5,39,0,0.15940035555203658,synthetic,prior_draw,
lawnmower,50998,3.3430719225896275,4.011271922609914,9,9,55,0,0.1506268310967656,synthetic,prior_draw,
greedy_information,50998,4.577626216902826,5.256655205007027,10,10,54,0,0.15396720469320013,synthetic,prior_draw,
random,50999,2.6288606330968465,3.318010368156853,10,6,45,0,0.3185977037430535,synthetic,prior_draw,
lawnmower,50999,3.2446172563828948,3.894415272519148,9,9,55,0,0.1950043505033087,synthetic,prior_draw,
greedy_information,50999,4.896897729016549,5.533527232989912,10,10,54,0,0.11013343700243775,synthetic,prior_draw,
random,51000,1.5207364599216744,2.1675563694967264,10,6,42,0,0.37229666601625455,synthetic,prior_draw,
lawnmower,51000,2.4785057839615408,3.1292938272457365,8,8,56,0,0.23578922990352844,synthetic,prior_draw,
greedy_information,51000,5.1958240860123475,5.823458020313034,10,10,54,0,0.13262547804384114,synthetic,prior_draw,
random,51001,1.6555973340898336,2.2986705824295743,10,6,45,0,0.14824629906585024,synthetic,prior_draw,
lawnmower,51001,2.9354025338177987,3.5676316808882675,8,8,56,0,0.21614507859748994,synthetic,prior_draw,
greedy_information,51001,4.948976211664554,5.551035518112956,10,10,54,0,0.19933543652238137,synthetic,prior_draw,
random,51002,2.0934550546630493,2.741972372800852,10,6,45,0,0.07632719910234052,synthetic,prior_draw,
lawnmower,51002,2.761928960087109,3.3929868457832497,8,8,56,0,0.15183784580308363,synthetic,prior_draw,
greedy_information,51002,4.7679453895604995,5.367887984736298,10,10,54,0,0.10565970287485668,synthetic,prior_draw,
random,51003,1.7194818256758373,2.488027605535471,10,6,39,0,0.3725799483242327,synthetic,prior_draw,
lawnmower,51003,3.0183698595436694,3.7826959197531225,8,8,56,0,0.21757815487987936,synthetic,prior_draw,
greedy_information,51003,4.411798991992468,5.147568419524927,10,10,54,0,0.16861543841977905,synthetic,prior_draw,
random,51004,1.909715524350626,2.5626623295120976,10,7,45,0,0.14309433863387216,synthetic,prior_draw,
lawnmower,51004,2.122152346415398,2.7921783241423688,5,5,59,0,0.15566669855468557,synthetic,prior_draw,
greedy_information,51004,4.826916817507768,5.472047182095376,10,10,54,0,0.1598131158064902,synthetic,prior_draw,
random,51005,2.1010246780697295,2.7924761130953515,7,7,49,0,0.24233068727049206,synthetic,prior_draw,
lawnmower,51005,2.6685288504473776,3.32591027934279,8,8,56,0,0.14130659591778186,synthetic,prior_draw,
greedy_information,51005,4.746297458310806,5.3746121087155965,10,10,54,0,0.12153609306654511,synthetic,prior_draw,
random,51006,2.0370511467750427,2.8105361243044147,10,7,45,0,0.18706921283356423,synthetic,prior_draw,
lawnmower,51006,2.9471392689575913,3.6990779417346644,8,8,56,0,0.19716883030078675,synthetic,prior_draw,
greedy_information,51006,4.6641376194400594,5.399585773871647,10,10,54,0,0.1390684258208275,synthetic,prior_draw,
random,51007,3.0420320205966247,3.7537303006623457,10,9,45,0,0.10482984949026204,synthetic,prior_draw,
lawnmower,51007,3.0092754404618183,3.7199462622277726,8,8,56,0,0.18310736295826255,synthetic,prior_draw,
greedy_information,51007,5.146595765035947,5.821559468097024,10,10,54,0,0.16023838473078097,synthetic,prior_draw,
random,51008,1.6794008404269984,2.3275744825473534,10,5,39,0,0.29577819266644856,synthetic,prior_draw,
lawnmower,51008,2.592691962648424,3.2478048740530143,7,7,57,0,0.2217237608189825,synthetic,prior_draw,
greedy_information,51008,4.571452081074935,5.211409459705528,10,10,54,0,0.1984467777694745,synthetic,prior_draw,
random,51009,1.825529354292637,2.63761828847196,10,6,43,0,0.37847981932076863,synthetic,prior_draw,
lawnmower,51009,2.578884787579279,3.3941233577557863,8,8,56,0,0.25347664934533193,synthetic,prior_draw,
greedy_information,51009,4.8233191416781125,5.601248133608067,10,10,54,0,0.1215950255888754,synthetic,prior_draw,
random,51010,1.7242417885231733,2.375702682780609,10,7,47,0,0.11403178614352051,synthetic,prior_draw,
lawnmower,51010,2.4879000055767135,3.1437782945566686,7,7,57,0,0.10222576721968152,synthetic,prior_draw,
greedy_information,51010,4.867269133405747,5.485358467206506,10,10,54,0,0.08686764370791816,synthetic,prior_draw,
random,51011,1.2252320781872084,1.9340918868492176,5,4,48,0,0.3130873174996069,synthetic,prior_draw,
lawnmower,51011,2.2545572911004697,2.9352557560280648,7,7,57,0,0.19289387121408022,synthetic,prior_draw,
greedy_information,51011,4.997338615347828,5.644450078307495,10,10,54,0,0.11501956979400525,synthetic,prior_draw,
random,51012,1.9460231858070907,2.6736081629482498,10,7,40,0,0.19466348130326874,synthetic,prior_draw,
lawnmower,51012,2.6857700888345653,3.419023503727434,8,8,56,0,0.26044075253530025,synthetic,prior_draw,
greedy_information,51012,4.93990401731314,5.646286833864864,10,10,54,0,0.22141857110067584,synthetic,prior_draw,
random,51013,2.731503877934462,3.3962704485273183,10,5,45,0,0.16842617614271924,synthetic,prior_draw,
lawnmower,51013,2.4496515800287746,3.1311504613106877,5,5,59,0,0.2678564642214776,synthetic,prior_draw,
greedy_information,51013,4.716068880914019,5.377416007153308,10,10,54,0,0.18844185903167202,synthetic,prior_draw,
random,51014,1.9662405481501262,2.645532629319703,10,7,43,0,0.36929952756981316,synthetic,prior_draw,
lawnmower,51014,2.7175890473035076,3.3717493973225823,8,8,56,0,0.23268457235238874,synthetic,prior_draw,
greedy_information,51014,5.105276637525445,5.7175045894355065,10,10,54,0,0.12757255492874522,synthetic,prior_draw,
random,51015,1.8762397732953247,2.4777785655039377,7,6,47,0,0.13584536423421562,synthetic,prior_draw,
lawnmower,51015,3.002691587468171,3.611340120169719,8,8,56,0,0.1785588983949601,synthetic,prior_draw,
greedy_information,51015,4.740482634862522,5.326152858530966,10,10,54,0,0.17286656010249524,synthetic,prior_draw,
random,51016,2.2141820054518266,2.8773696061216993,10,6,41,0,0.19812072936323522,synthetic,prior_draw,
lawnmower,51016,3.21616209375772,3.8562729114048517,9,9,55,0,0.08667160443155081,synthetic,prior_draw,
greedy_information,51016,4.600668657537558,5.226982684387495,10,10,54,0,0.11364659822102005,synthetic,prior_draw,
random,51017,1.7596841049333918,2.4974310089700182,10,5,41,0,0.280494998926314,synthetic,prior_draw,
lawnmower,51017,2.6612648180522878,3.3630113895487455,7,7,57,0,0.2515798607856121,synthetic,prior_draw,
greedy_information,51017,4.841309113045337,5.514268197675441,10,10,54,0,0.13582252653726898,synthetic,prior_draw,
random,51018,1.6152160792207173,2.268859837283246,10,5,43,0,0.4466126202780223,synthetic,prior_draw,
lawnmower,51018,2.4658846494835633,3.0948813992365634,7,7,57,0,0.39886403374250906,synthetic,prior_draw,
greedy_information,51018,4.76701020567758,5.363284108777666,10,10,54,0,0.17828157483251936,synthetic,prior_draw,
random,51019,1.7400015627344505,2.478796121828244,10,5,38,0,0.3838915897406498,synthetic,prior_draw,
lawnmower,51019,2.8711640241532708,3.6470926045284857,8,8,56,0,0.10946496496448166,synthetic,prior_draw,
greedy_information,51019,4.399904943430257,5.142922476329615,10,10,54,0,0.14009711317919815,synthetic,prior_draw,
random,51020,2.163205468540196,2.9286419146079905,10,7,41,0,0.15239124723027397,synthetic,prior_draw,
lawnmower,51020,3.081798354843426,3.8419128686747404,8,8,56,0,0.15303480612949086,synthetic,prior_draw,
greedy_information,51020,4.757340767916654,5.487582230055243,10,10,54,0,0.16482137206119815,synthetic,prior_draw,
random,51021,2.0211343987781087,2.7696193287170088,8,6,43,0,0.27194510480540107,synthetic,prior_draw,
lawnmower,51021,3.2379667691371496,3.9655537499756504,9,9,55,0,0.30213614924593507,synthetic,prior_draw,
greedy_information,51021,4.581397920209485,5.2907944485830205,10,10,54,0,0.25323330498171837,synthetic,prior_draw,
random,51022,1.8375908906406053,2.5600209991624845,10,6,36,0,0.2595790897678664,synthetic,prior_draw,
lawnmower,51022,2.9737947474022954,3.7242397253011488,8,8,56,0,0.21726313292589378,synthetic,prior_draw,
greedy_information,51022,4.369544224640422,5.077233601134743,10,10,54,0,0.13173546833785496,synthetic,prior_draw,
random,51023,2.3487148492817687,3.148845559408561,10,7,44,0,0.14600918248129,synthetic,prior_draw,
lawnmower,51023,3.0613032637348025,3.850750420596906,8,8,56,0,0.16380862814657562,synthetic,prior_draw,
greedy_information,51023,4.684775047232584,5.420829013818186,10,10,54,0,0.13013117286736606,synthetic,prior_draw,
rainbow,50000,5.002752461355134,5.614547546475349,10,10,54,0,0.13985285472674852,synthetic,prior_draw,11.0
rainbow,50001,4.659577719157844,5.381123106046809,10,9,54,0,0.24915627195507864,synthetic,prior_draw,11.0
rainbow,50002,4.37802546592033,5.0390844731622115,10,9,54,0,0.20578424415676894,synthetic,prior_draw,11.0
rainbow,50003,4.876389421959176,5.494052512479029,10,10,54,0,0.17346342258850786,synthetic,prior_draw,11.0
rainbow,50004,4.090875520635812,4.845550317701304,9,9,55,0,0.18826360859651134,synthetic,prior_draw,11.0
rainbow,50005,4.754957940442682,5.492558215723358,10,10,54,0,0.14174084332871265,synthetic,prior_draw,11.0
rainbow,50006,4.378662394488292,5.0408714325358766,9,9,55,0,0.14886944244238526,synthetic,prior_draw,11.0
rainbow,50007,4.744152879497799,5.5433820468724235,9,9,55,0,0.24963103673077694,synthetic,prior_draw,11.0
rainbow,50008,4.198860003971397,4.829903863822023,10,8,54,0,0.1293124480298335,synthetic,prior_draw,11.0
rainbow,50009,4.467303180386664,5.129205259714117,10,9,54,0,0.07205281609166568,synthetic,prior_draw,11.0
rainbow,50010,4.521565398382396,5.255864976274735,10,10,54,0,0.16618638693926377,synthetic,prior_draw,11.0
rainbow,50011,4.639092339846006,5.268614038006453,10,10,54,0,0.19702178377153914,synthetic,prior_draw,11.0
rainbow,50012,4.654387374320216,5.23946902172247,10,10,54,0,0.1419960851537662,synthetic,prior_draw,11.0
rainbow,50013,4.987650199985226,5.622713380376779,10,10,54,0,0.13483377088400855,synthetic,prior_draw,11.0
rainbow,50014,4.391831817290925,5.1347258582623425,9,9,55,0,0.20300397951588067,synthetic,prior_draw,11.0
rainbow,50015,4.466792807492921,5.181539609404518,10,9,54,0,0.25421048889862485,synthetic,prior_draw,11.0
rainbow,50016,4.623619600261116,5.3345566865838245,10,8,54,0,0.11741400800696135,synthetic,prior_draw,11.0
rainbow,50017,4.462392674800169,5.213215133419837,10,9,54,0,0.18695022714793103,synthetic,prior_draw,11.0
rainbow,50018,4.403762391790454,5.138184269207195,10,9,54,0,0.11301730711800805,synthetic,prior_draw,11.0
rainbow,50019,4.576674804464964,5.159999584929275,10,10,54,0,0.20212642608484496,synthetic,prior_draw,11.0
rainbow,50020,4.474882276554374,5.055395889454815,10,9,54,0,0.19205198177155497,synthetic,prior_draw,11.0
rainbow,50021,4.556405611422171,5.184485971862166,10,10,54,0,0.15965890945767422,synthetic,prior_draw,11.0
rainbow,50022,4.631432889694015,5.3399774373358415,9,9,55,0,0.15576196871710876,synthetic,prior_draw,11.0
rainbow,50023,4.55712292911033,5.197461869235011,10,9,54,0,0.12412578426853528,synthetic,prior_draw,11.0
rainbow,50024,4.592909966247416,5.266267216502195,10,9,54,0,0.22135902369901228,synthetic,prior_draw,11.0
rainbow,50025,4.401928428076889,5.068190967510557,10,9,54,0,0.14216588223526874,synthetic,prior_draw,11.0
rainbow,50026,4.917837037435616,5.555562879803558,10,10,54,0,0.2108279608768236,synthetic,prior_draw,11.0
rainbow,50027,4.694172384082909,5.4280193829252745,10,9,54,0,0.18077749106492882,synthetic,prior_draw,11.0
rainbow,50028,4.953655126655207,5.594159986178941,10,10,54,0,0.22457959939137756,synthetic,prior_draw,11.0
rainbow,50029,4.814143473637909,5.427344089724871,10,10,54,0,0.22314101290405894,synthetic,prior_draw,11.0
rainbow,50030,4.136209913314519,4.840406570675659,10,8,54,0,0.11331892627546343,synthetic,prior_draw,11.0
rainbow,50031,4.84704577718688,5.600975588608505,10,10,54,0,0.11385634836889645,synthetic,prior_draw,11.0
rainbow,50032,4.5493604970428985,5.335951755388088,9,9,55,0,0.12211202189243,synthetic,prior_draw,11.0
rainbow,50033,4.393805112047394,5.136361651043941,10,9,54,0,0.1998622646247853,synthetic,prior_draw,11.0
rainbow,50034,4.953136140138812,5.589106367909987,10,10,54,0,0.17230394930006787,synthetic,prior_draw,11.0
rainbow,50035,4.704690617565387,5.371241179059145,10,9,54,0,0.13737580336649127,synthetic,prior_draw,11.0
rainbow,50036,4.3471981569912455,5.0670926432129635,10,9,54,0,0.16768913156750673,synthetic,prior_draw,11.0
rainbow,50037,4.762668921257616,5.40655907140084,10,10,54,0,0.1472550618161421,synthetic,prior_draw,11.0
rainbow,50038,4.7194277756303515,5.428259870313418,10,9,54,0,0.16598447916955852,synthetic,prior_draw,11.0
rainbow,50039,4.3854818448157875,5.10469687411773,9,9,55,0,0.16423554986394426,synthetic,prior_draw,11.0
rainbow,50040,4.362245948874215,5.03486618270374,10,9,54,0,0.22629732223631457,synthetic,prior_draw,11.0
rainbow,50041,4.690119509689496,5.432341093286111,10,10,54,0,0.20681574537354566,synthetic,prior_draw,11.0
rainbow,50042,4.75027090696949,5.468295973410694,10,10,54,0,0.13265861448672236,synthetic,prior_draw,11.0
rainbow,50043,4.746649682280143,5.471272156189642,10,10,54,0,0.13934718763505144,synthetic,prior_draw,11.0
rainbow,50044,4.840875063941755,5.452492179731942,10,10,54,0,0.1453932863479898,synthetic,prior_draw,11.0
rainbow,50045,4.433220882723131,5.086181755329868,10,8,54,0,0.1611876007114035,synthetic,prior_draw,11.0
rainbow,50046,4.795085173769287,5.564682848160406,10,10,54,0,0.16179838935170857,synthetic,prior_draw,11.0
rainbow,50047,4.565782040309607,5.2850793510305625,10,10,54,0,0.134474163376758,synthetic,prior_draw,11.0
rainbow,50048,4.2788497929135625,4.93798501186096,9,9,55,0,0.15387953562955597,synthetic,prior_draw,11.0
rainbow,50049,5.0933859846538345,5.7229951372174535,10,10,54,0,0.08223681633381728,synthetic,prior_draw,11.0
rainbow,50050,4.7923608192778175,5.512457282603594,10,10,54,0,0.1579150904263166,synthetic,prior_draw,11.0
rainbow,50051,4.866225249327627,5.540601089917812,10,10,54,0,0.1951383367494062,synthetic,prior_draw,11.0
rainbow,50052,4.846124733284791,5.455788680235327,10,10,54,0,0.14825463875706885,synthetic,prior_draw,11.0
rainbow,50053,4.4317552445835755,5.130130709710303,10,9,54,0,0.19537590087171117,synthetic,prior_draw,11.0
rainbow,50054,4.329251555828974,4.972494878853394,9,9,55,0,0.15666586639906802,synthetic,prior_draw,11.0
rainbow,50055,4.964638828451368,5.713975826324746,10,9,54,0,0.16389598820340906,synthetic,prior_draw,11.0
rainbow,50056,4.319591344555187,5.032740443785219,10,9,54,0,0.14980096742447738,synthetic,prior_draw,11.0
rainbow,50057,4.750667273925444,5.436757937341637,10,9,54,0,0.13526232128893215,synthetic,prior_draw,11.0
rainbow,50058,4.714042281035007,5.368779271753634,10,8,54,0,0.10397401487460349,synthetic,prior_draw,11.0
rainbow,50059,4.636760602109648,5.404527888370558,10,10,54,0,0.11764020144145515,synthetic,prior_draw,11.0
rainbow,50060,4.613781001609773,5.3187184585173375,10,10,54,0,0.13995264234264107,synthetic,prior_draw,11.0
rainbow,50061,4.403955179674078,5.045790121090803,10,8,54,0,0.1623294867386058,synthetic,prior_draw,11.0
rainbow,50062,4.330325125696635,5.044066209045194,10,9,54,0,0.27997604315188646,synthetic,prior_draw,11.0
rainbow,50063,4.7885286898776895,5.385914552599846,10,10,54,0,0.14028017206634114,synthetic,prior_draw,11.0
rainbow,50064,4.530983828274002,5.3212585081664345,10,9,54,0,0.12492811665574122,synthetic,prior_draw,11.0
rainbow,50065,4.484209377132266,5.074740664133097,10,9,54,0,0.25404781416718963,synthetic,prior_draw,11.0
rainbow,50066,4.759671372110491,5.547009618135982,10,10,54,0,0.13254136999301738,synthetic,prior_draw,11.0
rainbow,50067,4.77436846041173,5.414996083127429,10,10,54,0,0.17087806212245618,synthetic,prior_draw,11.0
rainbow,50068,4.600048139821698,5.21692865105266,10,9,54,0,0.20093273967975617,synthetic,prior_draw,11.0
rainbow,50069,4.791202473606015,5.418968314099491,10,10,54,0,0.27323973659390105,synthetic,prior_draw,11.0
rainbow,50070,4.789530470757331,5.4794694547444,10,9,54,0,0.255490558483643,synthetic,prior_draw,11.0
rainbow,50071,4.559550674986222,5.327001082510172,10,10,54,0,0.1580199588027488,synthetic,prior_draw,11.0
rainbow,50072,4.799720090287601,5.4886625912392235,10,9,54,0,0.20931057064146572,synthetic,prior_draw,11.0
rainbow,50073,5.012682624254669,5.679243952310289,10,10,54,0,0.1266269465934561,synthetic,prior_draw,11.0
rainbow,50074,4.873043595437057,5.489187280818968,10,8,54,0,0.21173418107067665,synthetic,prior_draw,11.0
rainbow,50075,4.630789765785255,5.331078502919678,10,9,54,0,0.13459394153436408,synthetic,prior_draw,11.0
rainbow,50076,4.762255000983799,5.454250116000491,10,10,54,0,0.14393535979599723,synthetic,prior_draw,11.0
rainbow,50077,4.742169163862884,5.353471741520254,10,8,54,0,0.11809760025871308,synthetic,prior_draw,11.0
rainbow,50078,4.2909164506632225,5.045845654044729,10,10,54,0,0.09993572219503173,synthetic,prior_draw,11.0
rainbow,50079,4.607710866297899,5.323560790019179,10,9,54,0,0.12612460063371506,synthetic,prior_draw,11.0
rainbow,50080,4.3462860475007385,5.083757960593589,9,9,55,0,0.14725659331501756,synthetic,prior_draw,11.0
rainbow,50081,4.8944687489565,5.668492680585526,10,9,54,0,0.15969485401811315,synthetic,prior_draw,11.0
rainbow,50082,5.018720815964963,5.6545373366222655,10,10,54,0,0.12189617159887521,synthetic,prior_draw,11.0
rainbow,50083,4.553332834679967,5.156382207220055,10,10,54,0,0.129556472852121,synthetic,prior_draw,11.0
rainbow,50084,4.489132481752357,5.267347282160417,10,10,54,0,0.150383186386714,synthetic,prior_draw,11.0
rainbow,50085,4.756726092777564,5.376720898782702,10,10,54,0,0.1303942232562765,synthetic,prior_draw,11.0
rainbow,50086,4.434436734790061,5.179725275171304,9,9,55,0,0.14350909495733882,synthetic,prior_draw,11.0
rainbow,50087,4.778084069911143,5.382476527284165,10,10,54,0,0.13359311673876983,synthetic,prior_draw,11.0
rainbow,50088,4.681760923087813,5.322061646990814,10,9,54,0,0.2107534868612347,synthetic,prior_draw,11.0
rainbow,50089,4.952448221841532,5.583372406705522,10,9,54,0,0.1798027212072875,synthetic,prior_draw,11.0
rainbow,50090,4.489856592635374,5.209926144227731,10,10,54,0,0.14850429472383808,synthetic,prior_draw,11.0
rainbow,50091,4.52609312618758,5.196885480221444,10,8,54,0,0.1720602513393834,synthetic,prior_draw,11.0
rainbow,50092,4.641596001860864,5.3391237992173,10,10,54,0,0.13462761414108465,synthetic,prior_draw,11.0
rainbow,50093,4.740132612938776,5.457241748805211,10,9,54,0,0.16711032635152526,synthetic,prior_draw,11.0
rainbow,50094,4.459391808280069,5.1000236787660995,10,8,54,0,0.1500037288524027,synthetic,prior_draw,11.0
rainbow,50095,4.4695604831175135,5.215173966067927,10,9,54,0,0.16734993091521555,synthetic,prior_draw,11.0
rainbow,50096,4.606460349531499,5.320654675694385,10,10,54,0,0.14068129971008456,synthetic,prior_draw,11.0
rainbow,50097,4.825412852996799,5.484167384485183,10,9,54,0,0.13921909718110545,synthetic,prior_draw,11.0
rainbow,50098,3.8129462251155033,4.591637699664757,8,8,56,0,0.12737087658598176,synthetic,prior_draw,11.0
rainbow,50099,4.6635583722764355,5.376995524231679,10,9,54,0,0.11006203814239182,synthetic,prior_draw,11.0
rainbow,50100,4.579541535282687,5.259364702721987,10,10,54,0,0.15239985094582703,synthetic,prior_draw,11.0
rainbow,50101,4.764805366020114,5.355032444007928,10,8,54,0,0.13834403735103185,synthetic,prior_draw,11.0
rainbow,50102,4.449053412917627,5.056808977452365,10,8,54,0,0.18658062028434824,synthetic,prior_draw,11.0
rainbow,50103,4.52406184457417,5.299371001510377,10,9,54,0,0.17027704599391238,synthetic,prior_draw,11.0
rainbow,50104,4.057578805088824,4.764128133436595,9,9,55,0,0.1401394094215483,synthetic,prior_draw,11.0
rainbow,50105,4.711298443068214,5.33530697843747,10,10,54,0,0.10480567909199943,synthetic,prior_draw,11.0
rainbow,50106,4.690857593304712,5.363866503968075,10,10,54,0,0.0880663531844685,synthetic,prior_draw,11.0
rainbow,50107,4.769632048255457,5.464590513380053,10,10,54,0,0.1166541796347714,synthetic,prior_draw,11.0
rainbow,50108,4.352146121713197,4.973781994680695,10,9,54,0,0.1365714788394016,synthetic,prior_draw,11.0
rainbow,50109,4.459415857300821,5.180806057720711,10,10,54,0,0.1651257496745878,synthetic,prior_draw,11.0
rainbow,50110,4.372655579753107,5.114698127060588,9,9,55,0,0.23556405620384563,synthetic,prior_draw,11.0
rainbow,50111,4.609839148815016,5.390766043240455,10,10,54,0,0.12685493005248782,synthetic,prior_draw,11.0
rainbow,50112,5.007483690444241,5.646040569906955,10,10,54,0,0.28851060282547386,synthetic,prior_draw,11.0
rainbow,50113,4.52679178141587,5.275690130697968,10,8,54,0,0.18061690602687464,synthetic,prior_draw,11.0
rainbow,50114,4.685513552875255,5.3400980016431525,10,9,54,0,0.15126943081998526,synthetic,prior_draw,11.0
rainbow,50115,4.699400775498059,5.291762885761805,10,8,54,0,0.1657642167827849,synthetic,prior_draw,11.0
rainbow,50116,4.098736398747595,4.888007246000586,9,9,55,0,0.11708423108654366,synthetic,prior_draw,11.0
rainbow,50117,5.094743466289976,5.71785182528886,10,9,54,0,0.15459887234588984,synthetic,prior_draw,11.0
rainbow,50118,4.622694288732874,5.340145330965385,9,9,55,0,0.1435603444580234,synthetic,prior_draw,11.0
rainbow,50119,4.705685871551668,5.354262949237986,10,8,54,0,0.16604053400583363,synthetic,prior_draw,11.0
rainbow,50120,5.065911837204446,5.6967320813245355,10,10,54,0,0.22427452241170615,synthetic,prior_draw,11.0
rainbow,50121,4.555046814736667,5.26314873635464,10,9,54,0,0.12106755591174424,synthetic,prior_draw,11.0
rainbow,50122,4.625339218954933,5.337246039243328,10,9,54,0,0.1451878061057996,synthetic,prior_draw,11.0
rainbow,50123,4.5908576951393405,5.280574558988688,10,10,54,0,0.1804518772527783,synthetic,prior_draw,11.0
rainbow,50124,4.664526870436582,5.269680033149004,10,9,54,0,0.0996584151876001,synthetic,prior_draw,11.0
rainbow,50125,4.5886307222114,5.189220991372131,10,10,54,0,0.19138957828765452,synthetic,prior_draw,11.0
rainbow,50126,5.0839930990217725,5.729994210901731,10,10,54,0,0.11094904955496297,synthetic,prior_draw,11.0
rainbow,50127,4.7415197461388265,5.340034047107348,10,10,54,0,0.13706067283142173,synthetic,prior_draw,11.0
rainbow,50128,4.680434570613129,5.341981870741301,10,10,54,0,0.15140238976348844,synthetic,prior_draw,11.0
rainbow,50129,4.714478519474322,5.4008650906239,10,9,54,0,0.1410787918575586,synthetic,prior_draw,11.0
rainbow,50130,4.711830053567864,5.344658688345206,10,10,54,0,0.13452852662353443,synthetic,prior_draw,11.0
rainbow,50131,4.643774344211711,5.27152861807078,10,9,54,0,0.11621162258895262,synthetic,prior_draw,11.0
rainbow,50132,4.522741635118537,5.163735845945628,10,10,54,0,0.17038370096270575,synthetic,prior_draw,11.0
rainbow,50133,4.542366306226811,5.2595330357651555,10,9,54,0,0.18815113045920415,synthetic,prior_draw,11.0
rainbow,50134,4.774016600056544,5.503124329944685,10,10,54,0,0.12243173438419394,synthetic,prior_draw,11.0
rainbow,50135,4.765196545620112,5.389699416989511,10,10,54,0,0.10268839579288666,synthetic,prior_draw,11.0
rainbow,50136,4.344816063218905,5.116004471825162,10,9,54,0,0.23748396187090853,synthetic,prior_draw,11.0
rainbow,50137,4.281776499963989,4.985678287383161,9,9,55,0,0.14395791740261038,synthetic,prior_draw,11.0
rainbow,50138,4.898202981400076,5.649311458028171,10,10,54,0,0.11668885510262693,synthetic,prior_draw,11.0
rainbow,50139,4.909822983952295,5.554636590685694,10,9,54,0,0.28331088804103827,synthetic,prior_draw,11.0
rainbow,50140,4.510194923854531,5.231061247828119,10,10,54,0,0.1551480877194657,synthetic,prior_draw,11.0
rainbow,50141,4.299061836357368,4.929927400082555,10,8,54,0,0.18998658472231295,synthetic,prior_draw,11.0
rainbow,50142,4.705261792307131,5.441838313764545,10,10,54,0,0.2337583462071652,synthetic,prior_draw,11.0
rainbow,50143,5.044232073357552,5.6931918059382465,10,10,54,0,0.17994568070245942,synthetic,prior_draw,11.0
rainbow,50144,4.4749684481103955,5.235878117602119,10,9,54,0,0.11250513591227815,synthetic,prior_draw,11.0
rainbow,50145,4.53248091430758,5.275162869964552,10,10,54,0,0.116383403596324,synthetic,prior_draw,11.0
rainbow,50146,4.5201673968473495,5.289261582287472,9,9,55,0,0.17020810716282447,synthetic,prior_draw,11.0
rainbow,50147,4.910255630825409,5.701580930855859,10,10,54,0,0.13126333023291517,synthetic,prior_draw,11.0
rainbow,50148,4.788619879359183,5.455957888353414,10,9,54,0,0.2737571773198756,synthetic,prior_draw,11.0
rainbow,50149,4.902128985179013,5.51649779082047,10,10,54,0,0.07644273463580295,synthetic,prior_draw,11.0
rainbow,50150,4.7779131738936265,5.383938539238235,10,10,54,0,0.16870351310888815,synthetic,prior_draw,11.0
rainbow,50151,4.798320880194277,5.550717548082556,10,10,54,0,0.11711883956517943,synthetic,prior_draw,11.0
rainbow,50152,4.954794447488014,5.578147609995369,10,10,54,0,0.17942301932952917,synthetic,prior_draw,11.0
rainbow,50153,4.885354171329212,5.550907707924262,10,10,54,0,0.11689257891036925,synthetic,prior_draw,11.0
rainbow,50154,4.4630252261098455,5.1565614196696234,10,9,54,0,0.12387496855573833,synthetic,prior_draw,11.0
rainbow,50155,4.3917023339769905,5.124820723889515,10,9,54,0,0.14575627322369117,synthetic,prior_draw,11.0
rainbow,50156,5.0050287051697175,5.649344869750384,10,10,54,0,0.11895354386795441,synthetic,prior_draw,11.0
rainbow,50157,4.767113108565307,5.532699235479996,10,10,54,0,0.22240934150738703,synthetic,prior_draw,11.0
rainbow,50158,4.652081669842598,5.279705307036418,10,9,54,0,0.11032108537648463,synthetic,prior_draw,11.0
rainbow,50159,4.8397309681991585,5.5699403835753,10,10,54,0,0.13498840590293318,synthetic,prior_draw,11.0
rainbow,50160,4.953988945527996,5.697497788859573,10,10,54,0,0.13470261167130512,synthetic,prior_draw,11.0
rainbow,50161,4.757583010352695,5.430042699502266,10,8,54,0,0.15454307813293516,synthetic,prior_draw,11.0
rainbow,50162,4.257368773384341,4.9778801954656435,9,9,55,0,0.21340099938523696,synthetic,prior_draw,11.0
rainbow,50163,4.748182542721393,5.481332277124161,9,9,55,0,0.12052703398752977,synthetic,prior_draw,11.0
rainbow,50164,4.405953595388141,5.159675828594613,10,9,54,0,0.2458168070957283,synthetic,prior_draw,11.0
rainbow,50165,5.012946010775196,5.646205590913802,10,10,54,0,0.12980884304707088,synthetic,prior_draw,11.0
rainbow,50166,4.552612505863099,5.231086916962262,10,10,54,0,0.2513127853332407,synthetic,prior_draw,11.0
rainbow,50167,4.049267310108493,4.786249550166824,8,8,56,0,0.16231348175987478,synthetic,prior_draw,11.0
rainbow,50168,5.070067971484794,5.722886976037521,10,10,54,0,0.2336183053840402,synthetic,prior_draw,11.0
rainbow,50169,4.832271162945569,5.553999304462071,10,10,54,0,0.08075052670267098,synthetic,prior_draw,11.0
rainbow,50170,4.831831482019138,5.474070516269282,10,10,54,0,0.19749381950820272,synthetic,prior_draw,11.0
rainbow,50171,4.801133867883224,5.564859066054064,10,10,54,0,0.1806718793517702,synthetic,prior_draw,11.0
rainbow,50172,4.464841774825858,5.179171178615299,10,10,54,0,0.14714680754357712,synthetic,prior_draw,11.0
rainbow,50173,4.630315897145234,5.299207565635352,10,9,54,0,0.10585374265179,synthetic,prior_draw,11.0
rainbow,50174,5.049361277938524,5.784120809860715,10,9,54,0,0.16984582184423977,synthetic,prior_draw,11.0
rainbow,50175,4.495027314152454,5.1217460370499595,10,8,54,0,0.18439325824899927,synthetic,prior_draw,11.0
rainbow,50176,5.0235130003542965,5.646957795164156,10,9,54,0,0.14394893299288739,synthetic,prior_draw,11.0
rainbow,50177,4.772165196160056,5.401012012209582,10,10,54,0,0.15755380747411413,synthetic,prior_draw,11.0
rainbow,50178,4.579492317461819,5.304991515173304,10,10,54,0,0.15359411296538614,synthetic,prior_draw,11.0
rainbow,50179,4.355955402807355,5.078989103846898,10,9,54,0,0.2164316508315633,synthetic,prior_draw,11.0
rainbow,50180,5.05209070457446,5.712590162880695,10,10,54,0,0.12844582887260447,synthetic,prior_draw,11.0
rainbow,50181,4.848257634821452,5.488691082496716,10,10,54,0,0.1731521613529389,synthetic,prior_draw,11.0
rainbow,50182,4.66402600434182,5.3607450414001905,10,10,54,0,0.1826727896983552,synthetic,prior_draw,11.0
rainbow,50183,4.873333724917376,5.607007721199839,10,10,54,0,0.23407783290076287,synthetic,prior_draw,11.0
rainbow,50184,4.983954063578363,5.617957927337946,10,10,54,0,0.1481073343326775,synthetic,prior_draw,11.0
rainbow,50185,4.782531713236486,5.5039414627293715,10,9,54,0,0.15771207041910398,synthetic,prior_draw,11.0
rainbow,50186,4.808526550785752,5.579504457376395,10,9,54,0,0.20006733103586805,synthetic,prior_draw,11.0
rainbow,50187,4.36047092548438,5.039683599548635,10,10,54,0,0.1792660793189745,synthetic,prior_draw,11.0
rainbow,50188,4.948602784314661,5.603675219996868,10,10,54,0,0.11368053120130671,synthetic,prior_draw,11.0
rainbow,50189,3.6847823383451193,4.305899736410924,10,8,54,0,0.11300497081877041,synthetic,prior_draw,11.0
rainbow,50190,4.589429528935138,5.270541253742719,10,8,54,0,0.2439508583576434,synthetic,prior_draw,11.0
rainbow,50191,4.546385538595449,5.164568295692044,10,8,54,0,0.17924122192805347,synthetic,prior_draw,11.0
rainbow,50192,4.3718380545090145,5.124099878204481,10,10,54,0,0.15474727035693567,synthetic,prior_draw,11.0
rainbow,50193,4.453329662971457,5.215678766793647,10,9,54,0,0.16647248368740786,synthetic,prior_draw,11.0
rainbow,50194,4.751726134334117,5.486163797446858,10,10,54,0,0.19181252784446107,synthetic,prior_draw,11.0
rainbow,50195,4.879872590510824,5.54581744709667,10,10,54,0,0.15981102672730077,synthetic,prior_draw,11.0
rainbow,50196,4.652443390606606,5.314426405900263,10,9,54,0,0.12965338165036375,synthetic,prior_draw,11.0
rainbow,50197,3.7541396689283086,4.438481159966987,10,8,54,0,0.15452876697505719,synthetic,prior_draw,11.0
rainbow,50198,4.576414382961261,5.295642099169022,10,9,54,0,0.18681496910932444,synthetic,prior_draw,11.0
rainbow,50199,4.751001581307009,5.381817038376651,10,8,54,0,0.19486102336671673,synthetic,prior_draw,11.0
rainbow,50200,5.106561946390219,5.767180874535636,10,10,54,0,0.20837503568199073,synthetic,prior_draw,11.0
rainbow,50201,4.4362805937161855,5.118244667620047,9,9,55,0,0.1162105685323796,synthetic,prior_draw,11.0
rainbow,50202,4.916662881190444,5.670677281917496,10,9,54,0,0.25973714550348215,synthetic,prior_draw,11.0
rainbow,50203,4.533000481966068,5.271881880171555,10,10,54,0,0.1380432130421584,synthetic,prior_draw,11.0
rainbow,50204,5.011501992041009,5.646948494015335,10,10,54,0,0.1298730661718082,synthetic,prior_draw,11.0
rainbow,50205,4.81847604397327,5.47994446302846,10,10,54,0,0.12730976989747794,synthetic,prior_draw,11.0
rainbow,50206,4.686310193549693,5.377104558325907,10,10,54,0,0.10094162343447831,synthetic,prior_draw,11.0
rainbow,50207,5.096001241525362,5.716276354194406,10,10,54,0,0.1613245098310282,synthetic,prior_draw,11.0
rainbow,50208,4.363063429619935,5.095124997201474,9,9,55,0,0.13026950809765367,synthetic,prior_draw,11.0
rainbow,50209,4.813694658358544,5.423004992402025,10,9,54,0,0.16018430171925924,synthetic,prior_draw,11.0
rainbow,50210,4.712383324858915,5.404012754086974,10,10,54,0,0.26623196624157064,synthetic,prior_draw,11.0
rainbow,50211,4.412562506925735,5.150599044778471,10,9,54,0,0.25526094868352045,synthetic,prior_draw,11.0
rainbow,50212,4.169442330257944,4.829752985646443,10,9,54,0,0.15439068997272798,synthetic,prior_draw,11.0
rainbow,50213,4.583427059843132,5.1740425222644,10,9,54,0,0.17163263649627472,synthetic,prior_draw,11.0
rainbow,50214,4.955987357408391,5.558862008368116,10,9,54,0,0.07582039316266373,synthetic,prior_draw,11.0
rainbow,50215,4.33348286216599,5.077290564653442,9,9,55,0,0.1406700922764748,synthetic,prior_draw,11.0
rainbow,50216,5.180695332806476,5.847128063082204,10,10,54,0,0.10934455070041782,synthetic,prior_draw,11.0
rainbow,50217,4.388544683204836,5.005646473921478,10,9,54,0,0.14258779986023848,synthetic,prior_draw,11.0
rainbow,50218,4.7610977876944,5.390384597311966,10,10,54,0,0.07579479939084469,synthetic,prior_draw,11.0
rainbow,50219,4.68796502595616,5.314514401052106,10,10,54,0,0.19989043313416485,synthetic,prior_draw,11.0
rainbow,50220,4.562232624989978,5.3457965726691485,9,9,55,0,0.18095452712588173,synthetic,prior_draw,11.0
rainbow,50221,4.566532151307031,5.293409884205665,10,10,54,0,0.19262104141582567,synthetic,prior_draw,11.0
rainbow,50222,4.955044874560137,5.588223441029506,10,10,54,0,0.1732061730118439,synthetic,prior_draw,11.0
rainbow,50223,4.86743488231663,5.481363425403279,10,10,54,0,0.25746753075651885,synthetic,prior_draw,11.0
rainbow,50224,4.796091391767913,5.449332867850543,10,9,54,0,0.16218837798605507,synthetic,prior_draw,11.0
rainbow,50225,4.593702469533762,5.271048414056368,10,9,54,0,0.20566066996459703,synthetic,prior_draw,11.0
rainbow,50226,4.2392272569559895,5.00638579412549,10,10,54,0,0.20580739550074287,synthetic,prior_draw,11.0
rainbow,50227,4.914826705090879,5.640528848447448,10,10,54,0,0.10534636311253966,synthetic,prior_draw,11.0
rainbow,50228,4.57635099870317,5.2866412689979505,10,8,54,0,0.22685928635864955,synthetic,prior_draw,11.0
rainbow,50229,4.667605492151266,5.399159542186517,9,9,55,0,0.13027017741192143,synthetic,prior_draw,11.0
rainbow,50230,4.785637540731343,5.392831358945474,10,10,54,0,0.11941398318789669,synthetic,prior_draw,11.0
rainbow,50231,4.252355878026804,4.89910776168568,10,9,54,0,0.13266942884416905,synthetic,prior_draw,11.0
rainbow,50232,4.779095658069567,5.412866100134976,10,10,54,0,0.12934140639976555,synthetic,prior_draw,11.0
rainbow,50233,4.354580865206966,5.055103403136766,10,9,54,0,0.17801056655288458,synthetic,prior_draw,11.0
rainbow,50234,4.6624519714117945,5.360060899999371,10,10,54,0,0.15783157832122305,synthetic,prior_draw,11.0
rainbow,50235,4.465442396302517,5.136468965139888,10,9,54,0,0.1480634116257694,synthetic,prior_draw,11.0
rainbow,50236,4.693585427757182,5.460492450011751,10,9,54,0,0.17893532822161032,synthetic,prior_draw,11.0
rainbow,50237,4.457271637397268,5.187685621119979,10,10,54,0,0.10647175607140158,synthetic,prior_draw,11.0
rainbow,50238,4.385984952536699,5.137050611292819,10,9,54,0,0.12464371986822852,synthetic,prior_draw,11.0
rainbow,50239,4.6744583711345955,5.363492986526861,10,10,54,0,0.283881328003647,synthetic,prior_draw,11.0
rainbow,50240,4.442713350087155,5.188277242454451,10,9,54,0,0.12934391431159806,synthetic,prior_draw,11.0
rainbow,50241,5.058805183070523,5.79057834474133,10,10,54,0,0.17282964564324904,synthetic,prior_draw,11.0
rainbow,50242,4.778565607714357,5.410049804200159,10,10,54,0,0.20675462774591313,synthetic,prior_draw,11.0
rainbow,50243,4.850327665732213,5.470222617295061,10,9,54,0,0.22246629963192885,synthetic,prior_draw,11.0
rainbow,50244,4.457036557706505,5.150573393980992,10,10,54,0,0.19383474104696052,synthetic,prior_draw,11.0
rainbow,50245,4.653463687146433,5.259307687532772,10,8,54,0,0.28646220462055677,synthetic,prior_draw,11.0
rainbow,50246,4.591438308762035,5.308804582103219,10,10,54,0,0.23665623304434769,synthetic,prior_draw,11.0
rainbow,50247,4.567786615471512,5.3504203800934755,9,9,55,0,0.1303619997717721,synthetic,prior_draw,11.0
rainbow,50248,4.60665543469606,5.30776273773929,10,8,54,0,0.2217560466200227,synthetic,prior_draw,11.0
rainbow,50249,4.917599360049294,5.571813234374409,10,10,54,0,0.13232463272422812,synthetic,prior_draw,11.0
rainbow,50250,4.322863099480359,5.015371921715295,9,9,55,0,0.12851094091258422,synthetic,prior_draw,11.0
rainbow,50251,4.970547282492878,5.615438462057588,10,10,54,0,0.14768891196874365,synthetic,prior_draw,11.0
rainbow,50252,4.597666722484864,5.212301685852218,10,8,54,0,0.29979423373115155,synthetic,prior_draw,11.0
rainbow,50253,4.568458332406572,5.333301147491502,9,9,55,0,0.13945383872843362,synthetic,prior_draw,11.0
rainbow,50254,4.279341623077823,4.97173067370216,10,9,54,0,0.13437475428211668,synthetic,prior_draw,11.0
rainbow,50255,4.754380930855002,5.4523742181984405,10,9,54,0,0.16341927602029466,synthetic,prior_draw,11.0
rainbow,50256,4.787183136565141,5.505367605832959,10,9,54,0,0.17825952019508773,synthetic,prior_draw,11.0
rainbow,50257,4.501195304529787,5.238139298311462,9,9,55,0,0.1077329992687132,synthetic,prior_draw,11.0
rainbow,50258,4.72555967822764,5.331160105825795,10,10,54,0,0.09780700103821788,synthetic,prior_draw,11.0
rainbow,50259,4.918584024423109,5.5537019210334,10,10,54,0,0.16154394326572188,synthetic,prior_draw,11.0
rainbow,50260,4.631948461459827,5.2601305318201526,10,8,54,0,0.19481266415743184,synthetic,prior_draw,11.0
rainbow,50261,4.787396208499886,5.54402921674271,10,10,54,0,0.1899559296761985,synthetic,prior_draw,11.0
rainbow,50262,4.661046672882447,5.299838929949935,10,10,54,0,0.16501378137318823,synthetic,prior_draw,11.0
rainbow,50263,4.846720877743688,5.456771890656328,10,10,54,0,0.2043274839334796,synthetic,prior_draw,11.0
rainbow,50264,4.604520446807831,5.247979584352882,10,10,54,0,0.20475415217478657,synthetic,prior_draw,11.0
rainbow,50265,4.392100479594754,5.113990616140537,10,10,54,0,0.20463882089771854,synthetic,prior_draw,11.0
rainbow,50266,4.346208977129528,5.039901081787849,10,9,54,0,0.193593257835313,synthetic,prior_draw,11.0
rainbow,50267,4.746757773223102,5.377094025607269,10,10,54,0,0.23897041234012065,synthetic,prior_draw,11.0
rainbow,50268,4.636170700574497,5.257612335146069,10,10,54,0,0.12865014370031239,synthetic,prior_draw,11.0
rainbow,50269,4.7927073747112,5.462874731390847,10,8,54,0,0.21973656651948736,synthetic,prior_draw,11.0
rainbow,50270,4.641007638133741,5.354076041355016,10,10,54,0,0.17701952182458702,synthetic,prior_draw,11.0
rainbow,50271,4.625840698863835,5.305836985093166,10,9,54,0,0.15769379703272138,synthetic,prior_draw,11.0
rainbow,50272,4.142378076931772,4.858067471335577,9,9,55,0,0.2725963029552869,synthetic,prior_draw,11.0
rainbow,50273,4.819929770607102,5.436409041179894,10,10,54,0,0.09257351049815922,synthetic,prior_draw,11.0
rainbow,50274,4.377428456916269,5.099743197552782,10,9,54,0,0.17470144788075537,synthetic,prior_draw,11.0
rainbow,50275,4.401296835729448,5.131545559692312,10,10,54,0,0.14541146973863764,synthetic,prior_draw,11.0
rainbow,50276,4.762856737000476,5.558728495526516,9,9,55,0,0.21764545499536908,synthetic,prior_draw,11.0
rainbow,50277,4.906318961273789,5.516809720947633,10,10,54,0,0.1852961536961284,synthetic,prior_draw,11.0
rainbow,50278,4.417921043837062,5.127533300919604,10,10,54,0,0.11704619196363363,synthetic,prior_draw,11.0
rainbow,50279,4.715461634145786,5.409304587977892,10,9,54,0,0.2105042600830601,synthetic,prior_draw,11.0
rainbow,50280,4.561407001617042,5.302438087776221,10,9,54,0,0.21208994360435657,synthetic,prior_draw,11.0
rainbow,50281,4.6358388694273485,5.336200163645987,10,9,54,0,0.1324913426151403,synthetic,prior_draw,11.0
rainbow,50282,4.411245210476276,5.1025836117797905,10,9,54,0,0.15104855143241736,synthetic,prior_draw,11.0
rainbow,50283,4.554220268676285,5.242127486024923,10,9,54,0,0.15336969227315783,synthetic,prior_draw,11.0
rainbow,50284,4.963476892855409,5.707824817360752,10,10,54,0,0.11836252280030052,synthetic,prior_draw,11.0
rainbow,50285,4.64995957843214,5.265290650917789,10,10,54,0,0.16800821127756607,synthetic,prior_draw,11.0
rainbow,50286,5.151229004091578,5.781780900322593,10,9,54,0,0.17357960920008392,synthetic,prior_draw,11.0
rainbow,50287,4.511677109587161,5.260813563402455,9,9,55,0,0.17217573696358424,synthetic,prior_draw,11.0
rainbow,50288,4.529220580142744,5.285391632358615,9,9,55,0,0.16184674356548545,synthetic,prior_draw,11.0
rainbow,50289,4.4426905454747265,5.060417880003724,10,10,54,0,0.06399183252919495,synthetic,prior_draw,11.0
rainbow,50290,4.573704979067072,5.272386761633444,10,9,54,0,0.15387346720966574,synthetic,prior_draw,11.0
rainbow,50291,4.331870803530321,5.041153830266152,9,9,55,0,0.1378547507148457,synthetic,prior_draw,11.0
rainbow,50292,4.934961455138084,5.5836121758068815,10,10,54,0,0.10646990029288751,synthetic,prior_draw,11.0
rainbow,50293,4.861802147221105,5.48492268086799,10,10,54,0,0.14149719822561344,synthetic,prior_draw,11.0
rainbow,50294,4.57704435617809,5.286886306491472,10,10,54,0,0.18849084437313535,synthetic,prior_draw,11.0
rainbow,50295,4.558799750359984,5.248369660006067,10,8,54,0,0.14151279019424665,synthetic,prior_draw,11.0
rainbow,50296,4.276351390341423,4.891433665979916,10,9,54,0,0.1559560162494553,synthetic,prior_draw,11.0
rainbow,50297,4.8302432393247825,5.5618202643444405,10,9,54,0,0.13714618467104445,synthetic,prior_draw,11.0
rainbow,50298,4.3591740213301815,5.072351424393979,10,9,54,0,0.21931580909443005,synthetic,prior_draw,11.0
rainbow,50299,4.662922477146144,5.4128887588124766,10,9,54,0,0.22058152465022465,synthetic,prior_draw,11.0
rainbow,50300,4.864150731853807,5.636119286993982,10,9,54,0,0.14721795947146948,synthetic,prior_draw,11.0
rainbow,50301,4.782625507499455,5.457538522116203,10,10,54,0,0.0961988342389881,synthetic,prior_draw,11.0
rainbow,50302,4.363001621261592,5.081393216359053,10,9,54,0,0.1467793288130699,synthetic,prior_draw,11.0
rainbow,50303,5.139500770406764,5.778776380355553,10,10,54,0,0.15682627797571014,synthetic,prior_draw,11.0
rainbow,50304,4.225807517137061,4.836873551280777,10,8,54,0,0.16261892838482142,synthetic,prior_draw,11.0
rainbow,50305,4.939212529627935,5.622367096237451,10,10,54,0,0.12355082928457346,synthetic,prior_draw,11.0
rainbow,50306,4.587695444138856,5.275726736058287,10,10,54,0,0.18464943585784516,synthetic,prior_draw,11.0
rainbow,50307,4.915591799200613,5.53788982109009,10,10,54,0,0.15954089177298378,synthetic,prior_draw,11.0
rainbow,50308,4.654630329293128,5.235835145119285,10,10,54,0,0.18309720686288722,synthetic,prior_draw,11.0
rainbow,50309,4.52366387309161,5.212824785318065,10,9,54,0,0.2163084890698883,synthetic,prior_draw,11.0
rainbow,50310,4.412227955848672,5.14756127511417,10,9,54,0,0.17303727666465074,synthetic,prior_draw,11.0
rainbow,50311,4.603893208491389,5.3121800374013635,10,9,54,0,0.10175584007323693,synthetic,prior_draw,11.0
rainbow,50312,4.440389294985056,5.0944477632971354,10,8,54,0,0.18550367813926325,synthetic,prior_draw,11.0
rainbow,50313,4.577481903545379,5.2314708706085735,10,9,54,0,0.18292667239288413,synthetic,prior_draw,11.0
rainbow,50314,4.455072030432661,5.175336447982795,10,9,54,0,0.14179826079832808,synthetic,prior_draw,11.0
rainbow,50315,4.8035681808236514,5.407383207237893,10,10,54,0,0.11030520951345295,synthetic,prior_draw,11.0
rainbow,50316,4.644777108787225,5.357989726237191,10,10,54,0,0.2289674485785112,synthetic,prior_draw,11.0
rainbow,50317,4.37500980637936,5.081178856545658,10,9,54,0,0.2845831207479807,synthetic,prior_draw,11.0
rainbow,50318,4.747982057877407,5.365396031229077,10,9,54,0,0.11226025862969312,synthetic,prior_draw,11.0
rainbow,50319,4.649542079093102,5.412565365517353,10,10,54,0,0.16981042966759952,synthetic,prior_draw,11.0
rainbow,50320,5.069974955445903,5.717822407270611,10,10,54,0,0.14206463298384958,synthetic,prior_draw,11.0
rainbow,50321,4.375986923237121,5.044860196960763,9,9,55,0,0.06664917012104239,synthetic,prior_draw,11.0
rainbow,50322,4.77622764979777,5.377475455414615,10,9,54,0,0.18353179315301887,synthetic,prior_draw,11.0
rainbow,50323,4.598959063250792,5.276000947673231,10,10,54,0,0.3455208012177875,synthetic,prior_draw,11.0
rainbow,50324,4.319139993628015,5.024582302504131,10,9,54,0,0.1728581283830105,synthetic,prior_draw,11.0
rainbow,50325,4.774552553403443,5.420438922099534,10,8,54,0,0.13963091820869059,synthetic,prior_draw,11.0
rainbow,50326,4.882055398545093,5.534263070186859,10,10,54,0,0.2065130871444116,synthetic,prior_draw,11.0
rainbow,50327,4.448366714170746,5.180231583204279,10,9,54,0,0.13332856256016515,synthetic,prior_draw,11.0
rainbow,50328,4.854481491518544,5.586125069987077,10,9,54,0,0.14893971197303713,synthetic,prior_draw,11.0
rainbow,50329,4.617541142529644,5.337830401515822,9,9,55,0,0.21938133114420147,synthetic,prior_draw,11.0
rainbow,50330,4.278422236840787,5.024180858739638,10,9,54,0,0.21635300688425568,synthetic,prior_draw,11.0
rainbow,50331,4.3614690161082,5.090946346985119,10,9,54,0,0.10851090045528652,synthetic,prior_draw,11.0
rainbow,50332,4.777558714615719,5.38932817864846,10,8,54,0,0.09665040850149367,synthetic,prior_draw,11.0
rainbow,50333,4.984360182805846,5.631474454764,10,10,54,0,0.15695042682396743,synthetic,prior_draw,11.0
rainbow,50334,5.067646032587021,5.823258064822366,10,10,54,0,0.14883983329893832,synthetic,prior_draw,11.0
rainbow,50335,4.852076927992358,5.4959241189509855,10,10,54,0,0.14029824565605092,synthetic,prior_draw,11.0
rainbow,50336,4.4173433152551285,5.1037660882163465,10,9,54,0,0.09140911570708192,synthetic,prior_draw,11.0
rainbow,50337,4.987831489597341,5.69557949018799,10,10,54,0,0.1812264362612331,synthetic,prior_draw,11.0
rainbow,50338,4.7334830157259935,5.488506677998588,10,9,54,0,0.26689841177788803,synthetic,prior_draw,11.0
rainbow,50339,4.6841113846094835,5.387888916539764,10,10,54,0,0.15590137099558624,synthetic,prior_draw,11.0
rainbow,50340,4.7401944282931945,5.461152116965169,10,10,54,0,0.1271416109042895,synthetic,prior_draw,11.0
rainbow,50341,4.668214618432016,5.269854667262786,10,8,54,0,0.0923372715885455,synthetic,prior_draw,11.0
rainbow,50342,4.690034660002903,5.402754173388603,10,10,54,0,0.14997962404049964,synthetic,prior_draw,11.0
rainbow,50343,4.774569387315615,5.414488060144707,10,10,54,0,0.0986917259631441,synthetic,prior_draw,11.0
rainbow,50344,4.745996327275312,5.482135794222092,10,9,54,0,0.15780679546067033,synthetic,prior_draw,11.0
rainbow,50345,4.606449590716877,5.32895440425478,10,9,54,0,0.22752249402101352,synthetic,prior_draw,11.0
rainbow,50346,4.310563284550648,5.000024049491145,10,9,54,0,0.10200058272849478,synthetic,prior_draw,11.0
rainbow,50347,4.565189660966147,5.250555008972975,10,9,54,0,0.15424789132753797,synthetic,prior_draw,11.0
rainbow,50348,4.405498049404992,5.1303168354511,10,9,54,0,0.16060695012705276,synthetic,prior_draw,11.0
rainbow,50349,4.570551675215589,5.294075476490934,10,10,54,0,0.15504176732572583,synthetic,prior_draw,11.0
rainbow,50350,4.978089160348073,5.606960103567731,10,10,54,0,0.15026086146614648,synthetic,prior_draw,11.0
rainbow,50351,4.463339143967147,5.150391612668418,10,8,54,0,0.11348149887127122,synthetic,prior_draw,11.0
rainbow,50352,4.322308193539147,5.043438589069336,10,9,54,0,0.1226414951024898,synthetic,prior_draw,11.0
rainbow,50353,4.42173893038414,5.110841458684573,10,9,54,0,0.2143997113631591,synthetic,prior_draw,11.0
rainbow,50354,4.813895000448418,5.549119292836847,10,10,54,0,0.20962936825110318,synthetic,prior_draw,11.0
rainbow,50355,4.799817673483084,5.539492779283178,10,10,54,0,0.21214984471624165,synthetic,prior_draw,11.0
rainbow,50356,4.677244135342905,5.4036388817441825,10,10,54,0,0.174589417783398,synthetic,prior_draw,11.0
rainbow,50357,4.678045637395881,5.423365003900883,10,10,54,0,0.13433108745034833,synthetic,prior_draw,11.0
rainbow,50358,4.390748831048891,5.131576767512529,10,9,54,0,0.11193345694780402,synthetic,prior_draw,11.0
rainbow,50359,4.905717882793644,5.507577685785345,10,10,54,0,0.14247545738701375,synthetic,prior_draw,11.0
rainbow,50360,4.594090885602117,5.279599414308253,10,9,54,0,0.183276418702998,synthetic,prior_draw,11.0
rainbow,50361,5.1314851531791605,5.791027058997957,10,10,54,0,0.16687632575967323,synthetic,prior_draw,11.0
rainbow,50362,4.285728467482682,4.995025353662442,9,9,55,0,0.1366636697639301,synthetic,prior_draw,11.0
rainbow,50363,4.292244648172601,5.022853623636451,10,10,54,0,0.14444111769335927,synthetic,prior_draw,11.0
rainbow,50364,4.602514500591435,5.193847466405128,10,8,54,0,0.2139025112928904,synthetic,prior_draw,11.0
rainbow,50365,4.49696169802278,5.167477013121738,10,9,54,0,0.19126773588374,synthetic,prior_draw,11.0
rainbow,50366,4.733143569101195,5.493295133084794,10,10,54,0,0.1148492417520879,synthetic,prior_draw,11.0
rainbow,50367,4.790713119618491,5.516450000110139,10,10,54,0,0.14632133651851492,synthetic,prior_draw,11.0
rainbow,50368,4.476311184766774,5.187665780501762,9,9,55,0,0.17781820848224383,synthetic,prior_draw,11.0
rainbow,50369,4.594824348418244,5.333130435974216,9,9,55,0,0.228648841907018,synthetic,prior_draw,11.0
rainbow,50370,5.039344514827299,5.662778353589633,10,10,54,0,0.13518647602237688,synthetic,prior_draw,11.0
rainbow,50371,4.749667493406686,5.501228586166507,10,9,54,0,0.21384863863330672,synthetic,prior_draw,11.0
rainbow,50372,4.510586183222485,5.228569483724272,9,9,55,0,0.19751152281011328,synthetic,prior_draw,11.0
rainbow,50373,4.883612242153176,5.493909698977346,10,10,54,0,0.11720698638907635,synthetic,prior_draw,11.0
rainbow,50374,4.777248029018714,5.454967657267683,10,9,54,0,0.13073127015548944,synthetic,prior_draw,11.0
rainbow,50375,4.5174386051073965,5.262084477325708,9,9,55,0,0.15593425184439128,synthetic,prior_draw,11.0
rainbow,50376,4.4910575902643535,5.23572995543985,9,9,55,0,0.18742159838899167,synthetic,prior_draw,11.0
rainbow,50377,5.1385183055904,5.763795834782163,10,9,54,0,0.1650921506901247,synthetic,prior_draw,11.0
rainbow,50378,5.1142588943401455,5.784515462939702,10,10,54,0,0.17341526962771886,synthetic,prior_draw,11.0
rainbow,50379,4.9153602719114735,5.531109850084426,10,9,54,0,0.1681359526347289,synthetic,prior_draw,11.0
rainbow,50380,4.774233687972018,5.3891372797090344,10,10,54,0,0.16063101573716423,synthetic,prior_draw,11.0
rainbow,50381,4.523042208530842,5.179243470601036,10,9,54,0,0.2311498178818882,synthetic,prior_draw,11.0
rainbow,50382,4.672636395295721,5.340590793146731,10,9,54,0,0.22948323057542402,synthetic,prior_draw,11.0
rainbow,50383,4.750770080686494,5.445542801093036,10,10,54,0,0.19630372156474465,synthetic,prior_draw,11.0
rainbow,50384,4.8051496153332565,5.416034028954931,10,8,54,0,0.1911819091005567,synthetic,prior_draw,11.0
rainbow,50385,4.594467425139813,5.263104391985142,10,9,54,0,0.14494984729770163,synthetic,prior_draw,11.0
rainbow,50386,4.776441879292706,5.38744807274831,10,8,54,0,0.11800851783572848,synthetic,prior_draw,11.0
rainbow,50387,4.5553841790318685,5.218011011354883,10,10,54,0,0.09009562747776571,synthetic,prior_draw,11.0
rainbow,50388,4.77856879741391,5.408802069300729,10,10,54,0,0.10670447209510948,synthetic,prior_draw,11.0
rainbow,50389,4.573921466604767,5.290059460985826,10,9,54,0,0.2763293383041195,synthetic,prior_draw,11.0
rainbow,50390,5.220132549229769,5.8994526780607925,10,10,54,0,0.258421204373378,synthetic,prior_draw,11.0
rainbow,50391,4.761562372847827,5.522499062525905,10,10,54,0,0.30437132053432125,synthetic,prior_draw,11.0
rainbow,50392,4.666136388880158,5.34811251610851,10,9,54,0,0.14020268208989217,synthetic,prior_draw,11.0
rainbow,50393,4.29592676866502,5.04050492863028,10,10,54,0,0.14863435860006685,synthetic,prior_draw,11.0
rainbow,50394,4.9963027900320975,5.629754220668403,10,9,54,0,0.13834840120305547,synthetic,prior_draw,11.0
rainbow,50395,4.81639839770823,5.549024985905753,10,9,54,0,0.12707216514173938,synthetic,prior_draw,11.0
rainbow,50396,4.621793977698635,5.3785901777937974,9,9,55,0,0.14169804656677662,synthetic,prior_draw,11.0
rainbow,50397,4.4760744136577975,5.183899082082056,10,10,54,0,0.14482995988404906,synthetic,prior_draw,11.0
rainbow,50398,5.0251309589560496,5.662410042304615,10,10,54,0,0.1790163043892107,synthetic,prior_draw,11.0
rainbow,50399,4.651235860948114,5.393004064843975,10,10,54,0,0.20602509801162047,synthetic,prior_draw,11.0
rainbow,50400,4.690558779050107,5.3283754115522255,10,9,54,0,0.14927111746196384,synthetic,prior_draw,11.0
rainbow,50401,4.395451418715104,5.0819602904803345,9,9,55,0,0.11286742984750874,synthetic,prior_draw,11.0
rainbow,50402,4.74095379417933,5.437600064031862,10,10,54,0,0.15245156781593994,synthetic,prior_draw,11.0
rainbow,50403,4.726758423702152,5.4036266453512996,10,10,54,0,0.10266514454604395,synthetic,prior_draw,11.0
rainbow,50404,4.580866134320389,5.290760101661585,10,8,54,0,0.12698654873181112,synthetic,prior_draw,11.0
rainbow,50405,4.911778487271487,5.563530041070531,10,10,54,0,0.15827681358766355,synthetic,prior_draw,11.0
rainbow,50406,4.718314161972574,5.421166551215445,10,10,54,0,0.13869173011675295,synthetic,prior_draw,11.0
rainbow,50407,4.679317786640253,5.3071651061757485,10,10,54,0,0.12630530732198153,synthetic,prior_draw,11.0
rainbow,50408,4.652497511131789,5.4472129811956265,9,9,55,0,0.13323619242559404,synthetic,prior_draw,11.0
rainbow,50409,4.779778716728009,5.384295236641963,10,10,54,0,0.2688755122623903,synthetic,prior_draw,11.0
rainbow,50410,4.548239993242888,5.130338614626211,10,8,54,0,0.2119926391561832,synthetic,prior_draw,11.0
rainbow,50411,4.32832460539947,5.057806525727095,10,9,54,0,0.19496249984607808,synthetic,prior_draw,11.0
rainbow,50412,4.6747314679339365,5.35377874536077,10,10,54,0,0.1317677207659981,synthetic,prior_draw,11.0
rainbow,50413,4.50607739708908,5.193507186057424,10,9,54,0,0.18872558323420272,synthetic,prior_draw,11.0
rainbow,50414,4.4933298980009395,5.260303720044382,10,9,54,0,0.13949970206320933,synthetic,prior_draw,11.0
rainbow,50415,4.5352544534701416,5.2634810155486145,10,9,54,0,0.13481791669607204,synthetic,prior_draw,11.0
rainbow,50416,4.967652828707204,5.7103037666600995,10,10,54,0,0.16367970662005302,synthetic,prior_draw,11.0
rainbow,50417,4.746136724578895,5.478219554171005,10,10,54,0,0.11554845946309156,synthetic,prior_draw,11.0
rainbow,50418,4.4985237185662665,5.0792685754006754,10,8,54,0,0.16476121746303946,synthetic,prior_draw,11.0
rainbow,50419,4.756227010186251,5.448011904686764,10,9,54,0,0.1019176969576599,synthetic,prior_draw,11.0
rainbow,50420,4.8404270748026015,5.451950266828636,10,10,54,0,0.18649985590774382,synthetic,prior_draw,11.0
rainbow,50421,4.396489384382066,5.132326074525376,9,9,55,0,0.2686722169562344,synthetic,prior_draw,11.0
rainbow,50422,4.909203459666134,5.548777461197687,10,10,54,0,0.13027873380371144,synthetic,prior_draw,11.0
rainbow,50423,4.784271467763407,5.466042511620661,10,9,54,0,0.1614911066188777,synthetic,prior_draw,11.0
rainbow,50424,4.423585888399977,5.129880621740889,9,9,55,0,0.13214111030618986,synthetic,prior_draw,11.0
rainbow,50425,5.081693357034627,5.853110463434387,10,10,54,0,0.13773757856329158,synthetic,prior_draw,11.0
rainbow,50426,4.732997302847687,5.464988667543233,10,10,54,0,0.13991638376205812,synthetic,prior_draw,11.0
rainbow,50427,4.359570853593052,5.104329384538143,9,9,55,0,0.10328337000822939,synthetic,prior_draw,11.0
rainbow,50428,4.786605986206763,5.483611177666792,10,9,54,0,0.19248267693138638,synthetic,prior_draw,11.0
rainbow,50429,4.566159615845346,5.301676339222477,10,10,54,0,0.17033913053526725,synthetic,prior_draw,11.0
rainbow,50430,4.467138250988215,5.103208775392197,10,9,54,0,0.14975683716131247,synthetic,prior_draw,11.0
rainbow,50431,4.552352848162315,5.209179647657373,10,10,54,0,0.15608255112065744,synthetic,prior_draw,11.0
rainbow,50432,4.651860842153821,5.316887484359843,10,8,54,0,0.14522556962264482,synthetic,prior_draw,11.0
rainbow,50433,4.975580373866312,5.7214929989231855,10,10,54,0,0.17243939505107883,synthetic,prior_draw,11.0
rainbow,50434,4.569266426294453,5.359165568092258,9,9,55,0,0.16029966571232918,synthetic,prior_draw,11.0
rainbow,50435,4.569688360059251,5.253618408610768,10,9,54,0,0.12153010292054717,synthetic,prior_draw,11.0
rainbow,50436,4.207548433524637,4.978445847966886,9,9,55,0,0.1062101029192216,synthetic,prior_draw,11.0
rainbow,50437,4.765702545648975,5.357043247215506,10,10,54,0,0.1845591033871056,synthetic,prior_draw,11.0
rainbow,50438,4.575421965628921,5.274389582767349,10,10,54,0,0.21249638342657926,synthetic,prior_draw,11.0
rainbow,50439,4.643477797090631,5.319156237875233,10,10,54,0,0.1673963955485761,synthetic,prior_draw,11.0
rainbow,50440,4.652873215687381,5.420148396010831,10,10,54,0,0.12568374275480154,synthetic,prior_draw,11.0
rainbow,50441,4.757828048472917,5.5252185699027825,9,9,55,0,0.13947659927254066,synthetic,prior_draw,11.0
rainbow,50442,4.888824943593216,5.610661829563921,10,10,54,0,0.12361447989895168,synthetic,prior_draw,11.0
rainbow,50443,4.9532412019120144,5.614410797330891,10,10,54,0,0.1385781265942288,synthetic,prior_draw,11.0
rainbow,50444,4.705887270456235,5.4320360894870765,10,9,54,0,0.18799570248470704,synthetic,prior_draw,11.0
rainbow,50445,4.478896331005814,5.1737291975780195,9,9,55,0,0.1997451736122206,synthetic,prior_draw,11.0
rainbow,50446,4.428735728500856,5.173967049225809,10,9,54,0,0.22493667276936347,synthetic,prior_draw,11.0
rainbow,50447,4.36044536893631,5.0931396697133655,9,9,55,0,0.1733074939595928,synthetic,prior_draw,11.0
rainbow,50448,4.5712539083681385,5.20267249569588,10,9,54,0,0.1085232755986655,synthetic,prior_draw,11.0
rainbow,50449,4.919286509003168,5.529236151889603,10,10,54,0,0.18759407891510957,synthetic,prior_draw,11.0
rainbow,50450,4.635726215846662,5.278749251457932,10,9,54,0,0.20366339875938072,synthetic,prior_draw,11.0
rainbow,50451,4.720344685539751,5.421593196610678,10,10,54,0,0.22858601519695615,synthetic,prior_draw,11.0
rainbow,50452,4.783989187157809,5.422661068151883,10,10,54,0,0.24571971486390257,synthetic,prior_draw,11.0
rainbow,50453,4.321007379771501,5.007563381717372,10,9,54,0,0.10609567989997686,synthetic,prior_draw,11.0
rainbow,50454,4.493197884353917,5.120330684408177,10,9,54,0,0.2047655900896303,synthetic,prior_draw,11.0
rainbow,50455,4.690699402754894,5.301715793985319,10,8,54,0,0.16474910001505813,synthetic,prior_draw,11.0
rainbow,50456,4.7804768405412705,5.437153535644223,10,10,54,0,0.1707778485323575,synthetic,prior_draw,11.0
rainbow,50457,4.816709885106811,5.508250672541747,10,10,54,0,0.1553238042930864,synthetic,prior_draw,11.0
rainbow,50458,4.582002306469514,5.334068618726141,10,10,54,0,0.1135083647143742,synthetic,prior_draw,11.0
rainbow,50459,4.836206797690604,5.4456571502707405,10,10,54,0,0.18082194019620296,synthetic,prior_draw,11.0
rainbow,50460,4.919513471345853,5.548105498332655,10,10,54,0,0.1900597061571233,synthetic,prior_draw,11.0
rainbow,50461,4.385491790008981,5.081872389083758,10,9,54,0,0.1141778424501465,synthetic,prior_draw,11.0
rainbow,50462,4.861945687993995,5.557352653858354,10,10,54,0,0.17254926026343143,synthetic,prior_draw,11.0
rainbow,50463,4.971137140682868,5.624699075160026,10,10,54,0,0.18828868655706116,synthetic,prior_draw,11.0
rainbow,50464,4.524358247039461,5.157599554931641,10,9,54,0,0.244459957123067,synthetic,prior_draw,11.0
rainbow,50465,4.790849611806429,5.449316872324748,10,8,54,0,0.2052867261030264,synthetic,prior_draw,11.0
rainbow,50466,5.0253222688829435,5.6942901925158935,10,10,54,0,0.17789700537688494,synthetic,prior_draw,11.0
rainbow,50467,4.491081192344402,5.171392612808536,10,8,54,0,0.16749926850386798,synthetic,prior_draw,11.0
rainbow,50468,4.664597265489436,5.386828732010953,10,10,54,0,0.10624222226034573,synthetic,prior_draw,11.0
rainbow,50469,4.488102432737273,5.201252088550673,10,9,54,0,0.1713553550781877,synthetic,prior_draw,11.0
rainbow,50470,4.706093863750922,5.440317598020448,10,10,54,0,0.2580295071356884,synthetic,prior_draw,11.0
rainbow,50471,4.728833674673802,5.486146926755884,10,10,54,0,0.1433602489184928,synthetic,prior_draw,11.0
rainbow,50472,4.404128280628497,4.9876274271281025,10,9,54,0,0.12107271771124678,synthetic,prior_draw,11.0
rainbow,50473,4.736437423142083,5.378086699131279,10,10,54,0,0.1558832319374447,synthetic,prior_draw,11.0
rainbow,50474,4.835785511732648,5.43352731383409,10,10,54,0,0.19103057850877714,synthetic,prior_draw,11.0
rainbow,50475,4.552719923536502,5.198700965404924,10,8,54,0,0.1955789315957006,synthetic,prior_draw,11.0
rainbow,50476,4.468868973065863,5.22475716956225,10,9,54,0,0.20195902024285048,synthetic,prior_draw,11.0
rainbow,50477,4.801148860801024,5.430742445781623,10,10,54,0,0.13248591463533968,synthetic,prior_draw,11.0
rainbow,50478,4.564448263481901,5.296306433727843,9,9,55,0,0.19529103122244737,synthetic,prior_draw,11.0
rainbow,50479,4.9182766260264925,5.640659733816385,10,10,54,0,0.12445541205630396,synthetic,prior_draw,11.0
rainbow,50480,5.153705665793242,5.827636403337187,10,10,54,0,0.1747680694917503,synthetic,prior_draw,11.0
rainbow,50481,4.728890208925587,5.409241632151948,10,10,54,0,0.18671094375722902,synthetic,prior_draw,11.0
rainbow,50482,4.684987227578096,5.3800297560404875,10,10,54,0,0.22932205297642827,synthetic,prior_draw,11.0
rainbow,50483,4.333993485228493,5.019978064709928,9,9,55,0,0.2028681826396102,synthetic,prior_draw,11.0
rainbow,50484,4.301031934999758,4.916855240630857,10,10,54,0,0.251904473351563,synthetic,prior_draw,11.0
rainbow,50485,4.990198600680134,5.623828596241104,10,10,54,0,0.15653735924952727,synthetic,prior_draw,11.0
rainbow,50486,4.855571289453465,5.618562495906542,10,10,54,0,0.1303572713307108,synthetic,prior_draw,11.0
rainbow,50487,4.877254247936904,5.47552497924145,10,10,54,0,0.20901260254899753,synthetic,prior_draw,11.0
rainbow,50488,4.642886746677486,5.400119252386399,10,9,54,0,0.1585064209785415,synthetic,prior_draw,11.0
rainbow,50489,4.643044823468224,5.3657668956360665,10,9,54,0,0.12538741124924443,synthetic,prior_draw,11.0
rainbow,50490,4.757630098063729,5.45364052565514,10,9,54,0,0.11374285437644326,synthetic,prior_draw,11.0
rainbow,50491,4.788736368222401,5.414605192499001,10,10,54,0,0.2229287454823262,synthetic,prior_draw,11.0
rainbow,50492,4.543853785360723,5.234926031798326,10,8,54,0,0.1603022408555821,synthetic,prior_draw,11.0
rainbow,50493,4.956564329253164,5.65361452289276,10,10,54,0,0.14729747490671935,synthetic,prior_draw,11.0
rainbow,50494,4.489234101995888,5.179281569384958,10,9,54,0,0.13716003260883272,synthetic,prior_draw,11.0
rainbow,50495,5.232302565721338,5.880490981285694,10,10,54,0,0.2294110714235707,synthetic,prior_draw,11.0
rainbow,50496,4.76900536279964,5.4980781389983635,10,10,54,0,0.2500155919728346,synthetic,prior_draw,11.0
rainbow,50497,4.920452302575964,5.625475748890863,10,10,54,0,0.20727555434421824,synthetic,prior_draw,11.0
rainbow,50498,4.628826285935077,5.356080291313055,10,8,54,0,0.12289847696793224,synthetic,prior_draw,11.0
rainbow,50499,4.812323083167412,5.597221291123548,10,10,54,0,0.21119368347758957,synthetic,prior_draw,11.0
rainbow,50500,5.283783829943183,5.97346796733013,10,10,54,0,0.14033767183141715,synthetic,prior_draw,11.0
rainbow,50501,4.776947674189341,5.401393710654107,10,10,54,0,0.08674663986150687,synthetic,prior_draw,11.0
rainbow,50502,4.611729615809814,5.292115915011195,10,8,54,0,0.1501323793331885,synthetic,prior_draw,11.0
rainbow,50503,4.236000919405705,4.961895625143834,10,8,54,0,0.13186809237335415,synthetic,prior_draw,11.0
rainbow,50504,4.700266644163799,5.398091191407069,10,10,54,0,0.13176244164407375,synthetic,prior_draw,11.0
rainbow,50505,4.406337823576986,5.1464388266196615,9,9,55,0,0.12014987134947451,synthetic,prior_draw,11.0
rainbow,50506,4.837114186362621,5.497892225041707,10,9,54,0,0.21711404674773604,synthetic,prior_draw,11.0
rainbow,50507,4.99183933571478,5.659232532324155,10,10,54,0,0.10080795621817143,synthetic,prior_draw,11.0
rainbow,50508,4.3504368620049725,4.998019534780308,9,9,55,0,0.1820981126799469,synthetic,prior_draw,11.0
rainbow,50509,4.371354412325246,5.051445235431753,10,9,54,0,0.23851923041664386,synthetic,prior_draw,11.0
rainbow,50510,4.679675960502687,5.3651700805409845,10,10,54,0,0.1589728229716337,synthetic,prior_draw,11.0
rainbow,50511,4.62068886692933,5.371503940875916,9,9,55,0,0.2098021860315502,synthetic,prior_draw,11.0
rainbow,50512,4.96662346639701,5.591637857606074,10,10,54,0,0.14071172649292862,synthetic,prior_draw,11.0
rainbow,50513,4.46790711283303,5.24762892546782,9,9,55,0,0.22755842087367223,synthetic,prior_draw,11.0
rainbow,50514,4.911771785772392,5.5351567183722015,10,10,54,0,0.14370662548085547,synthetic,prior_draw,11.0
rainbow,50515,4.437048488649527,5.0897594334224285,10,8,54,0,0.13086636584756683,synthetic,prior_draw,11.0
rainbow,50516,4.891863879654726,5.533548059519655,10,10,54,0,0.12954476570876952,synthetic,prior_draw,11.0
rainbow,50517,5.033275181460587,5.688744700621332,10,10,54,0,0.14622689078061293,synthetic,prior_draw,11.0
rainbow,50518,4.651502495317133,5.353586881413831,10,10,54,0,0.19985175480670742,synthetic,prior_draw,11.0
rainbow,50519,4.809963600332172,5.448629484533272,10,8,54,0,0.17656200814879688,synthetic,prior_draw,11.0
rainbow,50520,4.700175362381737,5.2950915293231775,10,10,54,0,0.1336396912851405,synthetic,prior_draw,11.0
rainbow,50521,4.346252269473474,5.076161443634954,9,9,55,0,0.15218938246263702,synthetic,prior_draw,11.0
rainbow,50522,4.761720429220314,5.514496178657616,10,10,54,0,0.1433741820908453,synthetic,prior_draw,11.0
rainbow,50523,4.244897058407246,4.910347177832847,10,8,54,0,0.07986651888105384,synthetic,prior_draw,11.0
rainbow,50524,4.857420984127769,5.512379106975605,10,10,54,0,0.18573318721071333,synthetic,prior_draw,11.0
rainbow,50525,4.5533014369081695,5.186402751955628,10,8,54,0,0.15697425983210814,synthetic,prior_draw,11.0
rainbow,50526,4.246859500581805,4.882849571395647,10,10,54,0,0.22200873308866362,synthetic,prior_draw,11.0
rainbow,50527,4.6215210204440895,5.303957608238949,9,9,55,0,0.11204255817190334,synthetic,prior_draw,11.0
rainbow,50528,4.808058150797948,5.520723849393461,10,10,54,0,0.09360919415286761,synthetic,prior_draw,11.0
rainbow,50529,4.905389972754232,5.61823611034608,10,10,54,0,0.1304292870903555,synthetic,prior_draw,11.0
rainbow,50530,4.4355175173088845,5.201304844908534,10,9,54,0,0.15009974139069585,synthetic,prior_draw,11.0
rainbow,50531,4.40503209070865,5.060870516997968,10,8,54,0,0.1700155969177288,synthetic,prior_draw,11.0
rainbow,50532,4.870777992052384,5.501600946992774,10,10,54,0,0.16357115557679827,synthetic,prior_draw,11.0
rainbow,50533,4.763961286669801,5.396331224598156,10,9,54,0,0.11917320251575966,synthetic,prior_draw,11.0
rainbow,50534,4.616067511679038,5.344468437264542,10,10,54,0,0.15279983389030183,synthetic,prior_draw,11.0
rainbow,50535,4.761861034234529,5.474394325685675,10,9,54,0,0.18146297995002633,synthetic,prior_draw,11.0
rainbow,50536,3.461834080860112,4.099895472707927,10,7,54,0,0.16560834694749044,synthetic,prior_draw,11.0
rainbow,50537,4.139415559851641,4.851391819040913,9,8,55,0,0.1551668256585377,synthetic,prior_draw,11.0
rainbow,50538,4.588884958464843,5.317946678129409,10,10,54,0,0.22732757165303813,synthetic,prior_draw,11.0
rainbow,50539,4.97211829286313,5.607968968039332,10,8,54,0,0.15981015100510731,synthetic,prior_draw,11.0
rainbow,50540,5.086403571548674,5.715097269477025,10,9,54,0,0.24380792682573924,synthetic,prior_draw,11.0
rainbow,50541,4.386395193419556,5.012852393658286,10,8,54,0,0.13672538965625583,synthetic,prior_draw,11.0
rainbow,50542,4.751511690809328,5.514370242557868,10,9,54,0,0.19517231438539295,synthetic,prior_draw,11.0
rainbow,50543,5.052672441999733,5.735596684038111,10,10,54,0,0.2576412279417502,synthetic,prior_draw,11.0
rainbow,50544,4.443899267787759,5.129146120485129,10,9,54,0,0.14883328571968746,synthetic,prior_draw,11.0
rainbow,50545,4.741820000433856,5.338709049334812,10,8,54,0,0.15953495362132813,synthetic,prior_draw,11.0
rainbow,50546,4.354771808978518,5.09133930935006,10,9,54,0,0.21470020601014567,synthetic,prior_draw,11.0
rainbow,50547,4.98319275970725,5.618066627414132,10,10,54,0,0.08811573309952123,synthetic,prior_draw,11.0
rainbow,50548,4.68639963601929,5.331453244855598,10,10,54,0,0.18507157849181288,synthetic,prior_draw,11.0
rainbow,50549,4.5518608237984415,5.184290605395008,10,8,54,0,0.19172465805079755,synthetic,prior_draw,11.0
rainbow,50550,4.880309490244902,5.515857919131377,10,8,54,0,0.12320226404914886,synthetic,prior_draw,11.0
rainbow,50551,3.0871985496904335,3.8578068924554265,7,6,57,0,0.13181193100076832,synthetic,prior_draw,11.0
rainbow,50552,4.703795558288921,5.3801134734653004,10,9,54,0,0.1615008420743337,synthetic,prior_draw,11.0
rainbow,50553,4.913061893448534,5.673186304167868,10,10,54,0,0.21380241050222387,synthetic,prior_draw,11.0
rainbow,50554,5.168795353999799,5.82833356052938,10,10,54,0,0.08824429413224376,synthetic,prior_draw,11.0
rainbow,50555,4.559946040804315,5.319292733002307,10,10,54,0,0.1876413827218077,synthetic,prior_draw,11.0
rainbow,50556,4.327854577012216,4.974334266131969,10,9,54,0,0.15978886352233368,synthetic,prior_draw,11.0
rainbow,50557,4.4943547501155,5.190801394223343,10,9,54,0,0.10033391893235963,synthetic,prior_draw,11.0
rainbow,50558,4.905705979628949,5.557214037360666,10,10,54,0,0.15339709451594538,synthetic,prior_draw,11.0
rainbow,50559,4.676743654802377,5.2866379379851685,10,8,54,0,0.1671615218215305,synthetic,prior_draw,11.0
rainbow,50560,4.67420902676868,5.38642562138557,10,10,54,0,0.1593782778137655,synthetic,prior_draw,11.0
rainbow,50561,4.50513354439787,5.1002912422135775,10,9,54,0,0.18921135932849087,synthetic,prior_draw,11.0
rainbow,50562,4.740573786184051,5.338825743830273,10,8,54,0,0.21694221981232337,synthetic,prior_draw,11.0
rainbow,50563,5.016616214865598,5.654482060445612,10,10,54,0,0.13492567688754675,synthetic,prior_draw,11.0
rainbow,50564,4.991595157911291,5.754009014576487,10,10,54,0,0.2124047324308126,synthetic,prior_draw,11.0
rainbow,50565,4.708231349077654,5.413990330856283,10,9,54,0,0.13257350578733698,synthetic,prior_draw,11.0
rainbow,50566,4.442299529818998,5.142245632987502,10,10,54,0,0.1790138133858681,synthetic,prior_draw,11.0
rainbow,50567,4.888470872320331,5.6275185671113555,10,9,54,0,0.14593476239086028,synthetic,prior_draw,11.0
rainbow,50568,4.317118060676988,5.003799421078292,9,9,55,0,0.25910519770688795,synthetic,prior_draw,11.0
rainbow,50569,4.813182429737588,5.432680450291665,10,9,54,0,0.15550411554401655,synthetic,prior_draw,11.0
rainbow,50570,4.774941287778439,5.485678864153171,10,10,54,0,0.15011697086440684,synthetic,prior_draw,11.0
rainbow,50571,4.679238312663245,5.295306393868016,10,8,54,0,0.21730464440931863,synthetic,prior_draw,11.0
rainbow,50572,4.635957349276213,5.257822776218855,10,8,54,0,0.12476637503505225,synthetic,prior_draw,11.0
rainbow,50573,4.897247593599051,5.635656344283074,10,10,54,0,0.1968728526926416,synthetic,prior_draw,11.0
rainbow,50574,4.4648891231198915,5.184929123081199,10,10,54,0,0.17821340709249084,synthetic,prior_draw,11.0
rainbow,50575,5.057642322186093,5.708820257028987,10,10,54,0,0.11612736521211767,synthetic,prior_draw,11.0
rainbow,50576,4.855791688531002,5.507870752896599,10,10,54,0,0.17384308078148186,synthetic,prior_draw,11.0
rainbow,50577,4.705625793831811,5.368746990458026,10,9,54,0,0.21713839662379764,synthetic,prior_draw,11.0
rainbow,50578,4.6164454817128435,5.2146905159453,10,9,54,0,0.2117391610278859,synthetic,prior_draw,11.0
rainbow,50579,4.655440483635685,5.253205317620609,10,10,54,0,0.22071335275328346,synthetic,prior_draw,11.0
rainbow,50580,4.602409340517508,5.304993167867983,10,10,54,0,0.18132892768750328,synthetic,prior_draw,11.0
rainbow,50581,4.540280588644433,5.2134745253934325,10,10,54,0,0.2312150520854074,synthetic,prior_draw,11.0
rainbow,50582,4.780447980662034,5.518905556986952,10,9,54,0,0.18400580875528003,synthetic,prior_draw,11.0
rainbow,50583,4.795909828441265,5.445405190895644,10,10,54,0,0.21965086658993568,synthetic,prior_draw,11.0
rainbow,50584,4.6866878379219985,5.410081049090017,10,9,54,0,0.20197263744114025,synthetic,prior_draw,11.0
rainbow,50585,4.934169191619447,5.577881793993344,10,8,54,0,0.13312059786472963,synthetic,prior_draw,11.0
rainbow,50586,4.442760956140844,5.106789462634402,10,8,54,0,0.15841379784551754,synthetic,prior_draw,11.0
rainbow,50587,4.457122908711845,5.2067787256638685,10,9,54,0,0.16315473638147154,synthetic,prior_draw,11.0
rainbow,50588,4.617518148736176,5.314769515123175,10,10,54,0,0.11119186928288888,synthetic,prior_draw,11.0
rainbow,50589,5.1048799716091855,5.7673973366440086,10,10,54,0,0.1524525557553466,synthetic,prior_draw,11.0
rainbow,50590,4.664574501930557,5.263371218428536,10,8,54,0,0.13986948676872385,synthetic,prior_draw,11.0
rainbow,50591,4.508010693366981,5.196194061198751,10,10,54,0,0.09985078429993982,synthetic,prior_draw,11.0
rainbow,50592,4.7951972083404115,5.440464889257772,10,10,54,0,0.1582994406022555,synthetic,prior_draw,11.0
rainbow,50593,4.557936870465973,5.25699806519537,10,10,54,0,0.1547236654107107,synthetic,prior_draw,11.0
rainbow,50594,4.251744500289483,4.951052525365192,10,9,54,0,0.24267374375741074,synthetic,prior_draw,11.0
rainbow,50595,4.81961379237323,5.421332171524501,10,10,54,0,0.12094882238499584,synthetic,prior_draw,11.0
rainbow,50596,4.618569450786827,5.356329112729206,10,10,54,0,0.1492583623521549,synthetic,prior_draw,11.0
rainbow,50597,3.9744453271448985,4.718007578087726,8,8,56,0,0.16158541086912392,synthetic,prior_draw,11.0
rainbow,50598,4.507001215728379,5.206066379165595,10,10,54,0,0.09787960586594353,synthetic,prior_draw,11.0
rainbow,50599,4.6244195335870115,5.327654938576719,10,10,54,0,0.10588139507032833,synthetic,prior_draw,11.0
rainbow,50600,4.796043914221131,5.4466166688519,10,8,54,0,0.1532093508575154,synthetic,prior_draw,11.0
rainbow,50601,4.707251498272588,5.433024084301767,10,10,54,0,0.1560932118286067,synthetic,prior_draw,11.0
rainbow,50602,4.632763201513914,5.3290360903898195,10,10,54,0,0.19124160357028677,synthetic,prior_draw,11.0
rainbow,50603,4.491703058221781,5.213738727037568,10,9,54,0,0.19923543413876377,synthetic,prior_draw,11.0
rainbow,50604,4.894675645466406,5.603203614013656,10,10,54,0,0.14435944347609383,synthetic,prior_draw,11.0
rainbow,50605,4.761698664129375,5.477906764859467,10,10,54,0,0.17485111221849156,synthetic,prior_draw,11.0
rainbow,50606,4.693705370135055,5.378383491539594,10,9,54,0,0.18590820634128014,synthetic,prior_draw,11.0
rainbow,50607,4.39388361705301,4.999315957766558,10,9,54,0,0.23068880573641648,synthetic,prior_draw,11.0
rainbow,50608,4.628961663937862,5.339513268017517,10,9,54,0,0.1887668397502883,synthetic,prior_draw,11.0
rainbow,50609,4.4855525699648595,5.1366217110451755,10,10,54,0,0.12450318020245053,synthetic,prior_draw,11.0
rainbow,50610,4.615540665809638,5.3877364873341245,9,9,55,0,0.144880581388643,synthetic,prior_draw,11.0
rainbow,50611,4.523119528780349,5.236664501189502,10,9,54,0,0.31333369322869165,synthetic,prior_draw,11.0
rainbow,50612,5.0656248290936015,5.726860185593459,10,10,54,0,0.11353669678590451,synthetic,prior_draw,11.0
rainbow,50613,4.46599919023308,5.169488775593295,10,10,54,0,0.18510895407970418,synthetic,prior_draw,11.0
rainbow,50614,4.62524138187868,5.2584232275331555,10,9,54,0,0.1160168070469892,synthetic,prior_draw,11.0
rainbow,50615,4.502683064599161,5.176821270290339,10,9,54,0,0.191199986100512,synthetic,prior_draw,11.0
rainbow,50616,4.683459750609448,5.432548112642056,10,10,54,0,0.14507196910118889,synthetic,prior_draw,11.0
rainbow,50617,4.6542481848306645,5.398235533863404,10,10,54,0,0.18560635955713342,synthetic,prior_draw,11.0
rainbow,50618,4.457080052524895,5.084065511264427,10,8,54,0,0.12596084614225864,synthetic,prior_draw,11.0
rainbow,50619,4.378727261529347,5.093699436305964,10,9,54,0,0.24895178860810335,synthetic,prior_draw,11.0
rainbow,50620,4.841953254193028,5.550919310884204,10,9,54,0,0.11851577364269031,synthetic,prior_draw,11.0
rainbow,50621,4.607226291221608,5.357110643474924,10,10,54,0,0.1643951603402146,synthetic,prior_draw,11.0
rainbow,50622,4.870328964402456,5.537165807094006,10,10,54,0,0.17790943109444327,synthetic,prior_draw,11.0
rainbow,50623,4.701148503990992,5.449437097782357,10,10,54,0,0.1434203298564153,synthetic,prior_draw,11.0
rainbow,50624,4.380320473966201,5.130056701627182,9,9,55,0,0.15408650760636608,synthetic,prior_draw,11.0
rainbow,50625,4.913620083265588,5.533256985564573,10,8,54,0,0.13630496771755055,synthetic,prior_draw,11.0
rainbow,50626,4.962209131800317,5.703864576095618,10,10,54,0,0.259843944634521,synthetic,prior_draw,11.0
rainbow,50627,5.295512440293933,5.927492412754438,10,9,54,0,0.15844935036064195,synthetic,prior_draw,11.0
rainbow,50628,4.902676459760279,5.663408939895792,10,10,54,0,0.17627872082424148,synthetic,prior_draw,11.0
rainbow,50629,4.737781421286193,5.39419496701304,10,10,54,0,0.1542945856682652,synthetic,prior_draw,11.0
rainbow,50630,4.370638032344412,5.049246780050339,10,9,54,0,0.17478198143757157,synthetic,prior_draw,11.0
rainbow,50631,4.550658146091705,5.207667416639402,10,10,54,0,0.11826550099225086,synthetic,prior_draw,11.0
rainbow,50632,4.714374332637636,5.391415542882781,10,9,54,0,0.12882833363122015,synthetic,prior_draw,11.0
rainbow,50633,4.78619466681028,5.386932985299476,10,10,54,0,0.13397156731247767,synthetic,prior_draw,11.0
rainbow,50634,4.558710314542839,5.293027963801739,9,9,55,0,0.11048069334336273,synthetic,prior_draw,11.0
rainbow,50635,4.655732455631002,5.430077764969275,10,10,54,0,0.1661084732382094,synthetic,prior_draw,11.0
rainbow,50636,4.400883155655044,5.053670844998205,10,10,54,0,0.29518035252049757,synthetic,prior_draw,11.0
rainbow,50637,4.444643992068082,5.184075789177342,10,9,54,0,0.1960532405868829,synthetic,prior_draw,11.0
rainbow,50638,4.927034741429811,5.598153291419161,10,10,54,0,0.19223473670467753,synthetic,prior_draw,11.0
rainbow,50639,4.586079701550583,5.300929056619654,10,10,54,0,0.19502488848231136,synthetic,prior_draw,11.0
rainbow,50640,4.574059865524783,5.258116940010211,10,9,54,0,0.1972674658241599,synthetic,prior_draw,11.0
rainbow,50641,4.881441929534523,5.52039404643682,10,9,54,0,0.12346437255423054,synthetic,prior_draw,11.0
rainbow,50642,4.774995765156866,5.543503187350515,10,10,54,0,0.10576939987605731,synthetic,prior_draw,11.0
rainbow,50643,4.6546894022496685,5.247260540365567,10,8,54,0,0.20813828313606855,synthetic,prior_draw,11.0
rainbow,50644,4.479229193722121,5.2291133615906045,10,9,54,0,0.07838004504178084,synthetic,prior_draw,11.0
rainbow,50645,4.469142450612369,5.208971250163316,10,9,54,0,0.15833110925716704,synthetic,prior_draw,11.0
rainbow,50646,5.036508485410171,5.661195430691662,10,9,54,0,0.11306122262669044,synthetic,prior_draw,11.0
rainbow,50647,4.239400899808597,4.88842652820415,10,10,54,0,0.0978903455375197,synthetic,prior_draw,11.0
rainbow,50648,4.774277431665048,5.509648284839601,10,10,54,0,0.25448533848050037,synthetic,prior_draw,11.0
rainbow,50649,4.561181094498908,5.277584248948434,10,9,54,0,0.126829728848966,synthetic,prior_draw,11.0
rainbow,50650,4.358766230361218,5.031598753744672,10,9,54,0,0.16468453196924052,synthetic,prior_draw,11.0
rainbow,50651,4.84578036661551,5.484324676005882,10,8,54,0,0.14079836434841417,synthetic,prior_draw,11.0
rainbow,50652,4.72507678309027,5.326525574060958,10,10,54,0,0.20428050118524377,synthetic,prior_draw,11.0
rainbow,50653,4.819852187216393,5.499111774610637,10,9,54,0,0.16942041345889605,synthetic,prior_draw,11.0
rainbow,50654,4.698438543805817,5.402970490571618,10,9,54,0,0.1567097987689095,synthetic,prior_draw,11.0
rainbow,50655,4.411696377274434,5.035842414391267,10,9,54,0,0.1918104107071059,synthetic,prior_draw,11.0
rainbow,50656,4.520411512208999,5.318554499285784,9,9,55,0,0.19426435309282977,synthetic,prior_draw,11.0
rainbow,50657,4.5310549431568035,5.177197430154753,10,10,54,0,0.11628276655377165,synthetic,prior_draw,11.0
rainbow,50658,4.686591927368293,5.279312030503906,10,10,54,0,0.16758894501899302,synthetic,prior_draw,11.0
rainbow,50659,4.622509020874535,5.303578917233595,10,10,54,0,0.1288022753075664,synthetic,prior_draw,11.0
rainbow,50660,4.91311879557255,5.527547282777444,10,10,54,0,0.128127338990833,synthetic,prior_draw,11.0
rainbow,50661,4.604599913224073,5.328248699953225,10,9,54,0,0.17392586769610135,synthetic,prior_draw,11.0
rainbow,50662,4.908279443387742,5.5649885701156885,10,10,54,0,0.1263738905411605,synthetic,prior_draw,11.0
rainbow,50663,4.642360647481032,5.412675025766124,10,10,54,0,0.1386953839338225,synthetic,prior_draw,11.0
rainbow,50664,4.570835094968962,5.199961919829086,10,10,54,0,0.16686495562991996,synthetic,prior_draw,11.0
rainbow,50665,4.6906627336889,5.289435439484847,10,8,54,0,0.20284161320899713,synthetic,prior_draw,11.0
rainbow,50666,4.478089193427663,5.1509135739001595,10,9,54,0,0.24509364488242266,synthetic,prior_draw,11.0
rainbow,50667,4.444296101045896,5.198398222136542,9,9,55,0,0.1174481361813058,synthetic,prior_draw,11.0
rainbow,50668,4.5724150852872745,5.287920423207385,10,10,54,0,0.1261469397218108,synthetic,prior_draw,11.0
rainbow,50669,4.1767156572072235,4.7919546745864325,10,8,54,0,0.25544602564795243,synthetic,prior_draw,11.0
rainbow,50670,4.944573052566845,5.634392874964666,10,10,54,0,0.18557962622771956,synthetic,prior_draw,11.0
rainbow,50671,4.891883734012127,5.532131268452852,10,10,54,0,0.12060227710151221,synthetic,prior_draw,11.0
rainbow,50672,4.630065822603828,5.319010707509652,10,10,54,0,0.23632143878931414,synthetic,prior_draw,11.0
rainbow,50673,4.3810345332913245,5.098850357543021,10,10,54,0,0.18515643134838342,synthetic,prior_draw,11.0
rainbow,50674,5.010661709178861,5.766062982312495,10,10,54,0,0.1850577312184755,synthetic,prior_draw,11.0
rainbow,50675,4.614195572440112,5.287755576423505,9,9,55,0,0.11503654406760722,synthetic,prior_draw,11.0
rainbow,50676,4.606515337522572,5.391010430885366,10,10,54,0,0.17866020625651416,synthetic,prior_draw,11.0
rainbow,50677,4.199622694741046,4.85843497807133,10,9,54,0,0.1451442274270159,synthetic,prior_draw,11.0
rainbow,50678,4.71469330643702,5.3609913035743055,10,10,54,0,0.13357832843117104,synthetic,prior_draw,11.0
rainbow,50679,4.636733568369724,5.321653569086443,9,9,55,0,0.2636218097449529,synthetic,prior_draw,11.0
rainbow,50680,4.672113976961691,5.367441053963118,10,9,54,0,0.09146291756674167,synthetic,prior_draw,11.0
rainbow,50681,4.686992073663332,5.309113517248394,10,9,54,0,0.24411944158044885,synthetic,prior_draw,11.0
rainbow,50682,4.336038081692913,5.073777131518672,10,9,54,0,0.22863498773939958,synthetic,prior_draw,11.0
rainbow,50683,4.809391121833554,5.552888918024655,10,10,54,0,0.17529174962870075,synthetic,prior_draw,11.0
rainbow,50684,5.256880512686337,5.926645883554057,10,10,54,0,0.13630024462667975,synthetic,prior_draw,11.0
rainbow,50685,3.916472963909519,4.556135680838847,10,9,54,0,0.2430593717229015,synthetic,prior_draw,11.0
rainbow,50686,4.353051285653657,5.10438993998172,10,9,54,0,0.12439351110933278,synthetic,prior_draw,11.0
rainbow,50687,4.798834226377212,5.461320108804083,10,10,54,0,0.15571099276331887,synthetic,prior_draw,11.0
rainbow,50688,4.365757998898017,5.036266327094477,10,10,54,0,0.22043071897725877,synthetic,prior_draw,11.0
rainbow,50689,5.086669366585416,5.788185320351365,10,10,54,0,0.1456371401490966,synthetic,prior_draw,11.0
rainbow,50690,4.37956409937627,5.045101993953482,10,10,54,0,0.14251934164001792,synthetic,prior_draw,11.0
rainbow,50691,4.694636800499393,5.385070757566322,10,9,54,0,0.1744696506081234,synthetic,prior_draw,11.0
rainbow,50692,4.3427080325364145,5.047428724080171,9,9,55,0,0.13772301044681465,synthetic,prior_draw,11.0
rainbow,50693,4.660901748271021,5.304738394796878,10,10,54,0,0.13626312364493995,synthetic,prior_draw,11.0
rainbow,50694,4.897146035622781,5.617494955884981,10,10,54,0,0.12013537759191975,synthetic,prior_draw,11.0
rainbow,50695,4.690329322216292,5.342191559181478,10,9,54,0,0.07399021464818882,synthetic,prior_draw,11.0
rainbow,50696,4.484730753766074,5.187280368481452,9,9,55,0,0.16239720885462763,synthetic,prior_draw,11.0
rainbow,50697,4.6018589138986155,5.319437145270272,10,9,54,0,0.17106703534386775,synthetic,prior_draw,11.0
rainbow,50698,4.952403334303037,5.727489458802819,10,9,54,0,0.22401255049660496,synthetic,prior_draw,11.0
rainbow,50699,4.642306556082325,5.303304633996179,10,10,54,0,0.260637189905711,synthetic,prior_draw,11.0
rainbow,50700,4.516691485190449,5.164392978225706,10,9,54,0,0.14620581468382393,synthetic,prior_draw,11.0
rainbow,50701,4.541445254216752,5.1850378931343775,10,9,54,0,0.20558711571929544,synthetic,prior_draw,11.0
rainbow,50702,4.831980079846057,5.493957584641219,10,9,54,0,0.14669688013199753,synthetic,prior_draw,11.0
rainbow,50703,4.371073224895005,5.08789352039997,9,9,55,0,0.1791811941437051,synthetic,prior_draw,11.0
rainbow,50704,4.737885550499076,5.384485841804167,10,8,54,0,0.14840717912831233,synthetic,prior_draw,11.0
rainbow,50705,4.526093736664841,5.176357636201629,10,9,54,0,0.13553316408152322,synthetic,prior_draw,11.0
rainbow,50706,4.887174566753204,5.488307738097341,10,10,54,0,0.13490650169958612,synthetic,prior_draw,11.0
rainbow,50707,4.54652806000739,5.312822501511488,9,9,55,0,0.15781928452715657,synthetic,prior_draw,11.0
rainbow,50708,4.989550064408197,5.665826858789419,10,10,54,0,0.17611166194589906,synthetic,prior_draw,11.0
rainbow,50709,4.453339334937931,5.177863291675093,10,10,54,0,0.2972480858994262,synthetic,prior_draw,11.0
rainbow,50710,4.5013386951808565,5.296595341365439,10,10,54,0,0.10631590399094629,synthetic,prior_draw,11.0
rainbow,50711,4.652388593636827,5.372961167484759,10,9,54,0,0.19603343805212958,synthetic,prior_draw,11.0
rainbow,50712,4.44470537378471,5.084046651819978,9,9,55,0,0.0911353805293464,synthetic,prior_draw,11.0
rainbow,50713,4.381773390393565,5.131946128537753,9,9,55,0,0.25728273369636906,synthetic,prior_draw,11.0
rainbow,50714,4.4243009671839735,5.146688946287593,10,10,54,0,0.08278840467031742,synthetic,prior_draw,11.0
rainbow,50715,4.269451836323299,4.950359822426786,10,7,54,0,0.19072425313240654,synthetic,prior_draw,11.0
rainbow,50716,4.955807967717424,5.600867254136183,10,10,54,0,0.10310194301120891,synthetic,prior_draw,11.0
rainbow,50717,5.298702236392536,5.946857666201757,10,9,54,0,0.13137355860405073,synthetic,prior_draw,11.0
rainbow,50718,4.575570599941472,5.26697622718549,10,10,54,0,0.10833683322783749,synthetic,prior_draw,11.0
rainbow,50719,4.716775835092674,5.466900301486433,10,8,54,0,0.16988938462315128,synthetic,prior_draw,11.0
rainbow,50720,3.9614380535699274,4.695219111979834,10,8,54,0,0.18033937750740203,synthetic,prior_draw,11.0
rainbow,50721,4.8574560614408675,5.4607193270342,10,10,54,0,0.15641824001964302,synthetic,prior_draw,11.0
rainbow,50722,4.509395755885923,5.1477486788185995,10,9,54,0,0.14266473150174902,synthetic,prior_draw,11.0
rainbow,50723,5.0185005203499,5.641537568212369,10,9,54,0,0.20269529429218258,synthetic,prior_draw,11.0
rainbow,50724,4.510296654430377,5.2990516172843085,10,9,54,0,0.14425917522947126,synthetic,prior_draw,11.0
rainbow,50725,4.741432313397575,5.326472624840133,10,10,54,0,0.19614808074441598,synthetic,prior_draw,11.0
rainbow,50726,4.396559001513883,5.137945039059898,10,9,54,0,0.13655182995256832,synthetic,prior_draw,11.0
rainbow,50727,4.582405347082976,5.27358697395229,10,10,54,0,0.1614809387015334,synthetic,prior_draw,11.0
rainbow,50728,4.859996740498669,5.585714935880628,10,10,54,0,0.125677568396145,synthetic,prior_draw,11.0
rainbow,50729,5.02800525906417,5.68123677037711,10,10,54,0,0.13164588574226996,synthetic,prior_draw,11.0
rainbow,50730,4.970038523436472,5.705379339255107,10,9,54,0,0.108936860531078,synthetic,prior_draw,11.0
rainbow,50731,3.848330317604644,4.5967121535769015,8,7,56,0,0.07939444831964466,synthetic,prior_draw,11.0
rainbow,50732,4.796945102299607,5.411493939131213,10,8,54,0,0.07517098391532741,synthetic,prior_draw,11.0
rainbow,50733,4.380234075029844,5.109939780493666,10,9,54,0,0.1559219298444092,synthetic,prior_draw,11.0
rainbow,50734,4.513979731570235,5.180974297840141,10,9,54,0,0.08695350172186829,synthetic,prior_draw,11.0
rainbow,50735,4.405200317673307,5.142727609649641,10,9,54,0,0.14909516513697846,synthetic,prior_draw,11.0
rainbow,50736,4.8914405025988,5.595256719084902,10,10,54,0,0.16906915388762717,synthetic,prior_draw,11.0
rainbow,50737,4.840414407735515,5.5105134040912045,10,8,54,0,0.17039378512736625,synthetic,prior_draw,11.0
rainbow,50738,4.827285004453672,5.486943803219265,10,10,54,0,0.23244155121987123,synthetic,prior_draw,11.0
rainbow,50739,4.505333325904331,5.143207282126638,10,8,54,0,0.16431680163211193,synthetic,prior_draw,11.0
rainbow,50740,4.497630553448923,5.168632479464023,10,10,54,0,0.1800532708168228,synthetic,prior_draw,11.0
rainbow,50741,5.183597474733056,5.8542335435995305,10,10,54,0,0.15122504293444916,synthetic,prior_draw,11.0
rainbow,50742,4.906417340793199,5.53741524988047,10,10,54,0,0.11629784410360235,synthetic,prior_draw,11.0
rainbow,50743,4.690665951425985,5.3008444074403585,10,10,54,0,0.16963650588512075,synthetic,prior_draw,11.0
rainbow,50744,5.00938714899646,5.618123509666532,10,9,54,0,0.15862288340388953,synthetic,prior_draw,11.0
rainbow,50745,4.666085548723323,5.3537239770316125,10,9,54,0,0.0896758766806448,synthetic,prior_draw,11.0
rainbow,50746,4.9890587038713345,5.635879073848891,10,10,54,0,0.10998393411832699,synthetic,prior_draw,11.0
rainbow,50747,4.493212189709705,5.183682212154093,10,9,54,0,0.21145518262836738,synthetic,prior_draw,11.0
rainbow,50748,4.475281464560703,5.231899855641102,10,9,54,0,0.09558507817035596,synthetic,prior_draw,11.0
rainbow,50749,4.660270674363276,5.339735420485928,10,10,54,0,0.13366978501983026,synthetic,prior_draw,11.0
rainbow,50750,4.663667498527739,5.274804284580738,10,9,54,0,0.15398385993290653,synthetic,prior_draw,11.0
rainbow,50751,4.911106484866941,5.600783411835647,10,10,54,0,0.15366823102988347,synthetic,prior_draw,11.0
rainbow,50752,4.629999204483794,5.31954496631514,10,9,54,0,0.17158352512499622,synthetic,prior_draw,11.0
rainbow,50753,5.051986269863759,5.815479608043187,10,10,54,0,0.187249028886438,synthetic,prior_draw,11.0
rainbow,50754,4.749753042659116,5.429783655155703,10,10,54,0,0.2001915647648509,synthetic,prior_draw,11.0
rainbow,50755,4.394154938877874,4.998161586376994,10,10,54,0,0.1719143297356456,synthetic,prior_draw,11.0
rainbow,50756,4.850661861373913,5.551945077283604,10,9,54,0,0.14056849196472843,synthetic,prior_draw,11.0
rainbow,50757,4.577618463252706,5.312686393818,10,9,54,0,0.16107494103236658,synthetic,prior_draw,11.0
rainbow,50758,4.916524269458045,5.513355837119497,10,10,54,0,0.087768375256275,synthetic,prior_draw,11.0
rainbow,50759,4.760058139142684,5.486264424463917,10,10,54,0,0.17913452062817387,synthetic,prior_draw,11.0
rainbow,50760,4.611109058906954,5.24020581722163,10,9,54,0,0.16316865422839014,synthetic,prior_draw,11.0
rainbow,50761,4.651174745282265,5.31915709696883,10,10,54,0,0.14843542473475294,synthetic,prior_draw,11.0
rainbow,50762,4.979539600054983,5.594981994820626,10,10,54,0,0.16251480236248456,synthetic,prior_draw,11.0
rainbow,50763,4.187703530938347,4.845872819078165,10,7,54,0,0.13832744477401557,synthetic,prior_draw,11.0
rainbow,50764,4.756725927177552,5.363748885255656,10,10,54,0,0.14611080949129104,synthetic,prior_draw,11.0
rainbow,50765,4.5349756204801475,5.210506232245791,10,8,54,0,0.1728958792177297,synthetic,prior_draw,11.0
rainbow,50766,4.312135762771151,5.0619175628087385,10,9,54,0,0.15082188379770103,synthetic,prior_draw,11.0
rainbow,50767,4.755991650938076,5.4296588369100345,10,8,54,0,0.19852519020633777,synthetic,prior_draw,11.0
rainbow,50768,4.8059537709125095,5.433181505639843,10,10,54,0,0.20378456280525034,synthetic,prior_draw,11.0
rainbow,50769,4.523162573673066,5.279302635838223,9,9,55,0,0.1642837023697909,synthetic,prior_draw,11.0
rainbow,50770,4.699237157914221,5.385539504137072,10,9,54,0,0.14718934194502464,synthetic,prior_draw,11.0
rainbow,50771,4.994928870500896,5.753248942739834,10,10,54,0,0.2017516548837475,synthetic,prior_draw,11.0
rainbow,50772,4.830456872335848,5.538400296289026,10,9,54,0,0.19171519832375578,synthetic,prior_draw,11.0
rainbow,50773,5.024812329210316,5.689833773549263,10,8,54,0,0.13226052670231273,synthetic,prior_draw,11.0
rainbow,50774,4.761989669228946,5.490062389306645,10,10,54,0,0.18518858105516595,synthetic,prior_draw,11.0
rainbow,50775,4.479151641960368,5.1413022242618,10,9,54,0,0.15974333998516002,synthetic,prior_draw,11.0
rainbow,50776,4.2269691593338035,4.942617137223924,10,8,54,0,0.16010010399386057,synthetic,prior_draw,11.0
rainbow,50777,4.635485056180702,5.282656685422305,10,8,54,0,0.18143920427550325,synthetic,prior_draw,11.0
rainbow,50778,4.582618832489375,5.36052520729741,9,9,55,0,0.14456850517288666,synthetic,prior_draw,11.0
rainbow,50779,4.825924606487933,5.517982427020173,10,9,54,0,0.17812946900314017,synthetic,prior_draw,11.0
rainbow,50780,4.951559328978953,5.621427411846251,10,10,54,0,0.23290824945027372,synthetic,prior_draw,11.0
rainbow,50781,4.5563640423200775,5.216254477306014,10,9,54,0,0.1176722880525244,synthetic,prior_draw,11.0
rainbow,50782,5.023419415280253,5.673461149258159,10,10,54,0,0.20221955479413836,synthetic,prior_draw,11.0
rainbow,50783,4.789965060479567,5.4088576320421815,10,10,54,0,0.17800727916240958,synthetic,prior_draw,11.0
rainbow,50784,4.321922076473126,5.042758004432967,10,8,54,0,0.22597264329100084,synthetic,prior_draw,11.0
rainbow,50785,4.576628736748128,5.184942808475631,10,8,54,0,0.1818802170177734,synthetic,prior_draw,11.0
rainbow,50786,4.96879049773926,5.584908072199828,10,10,54,0,0.17626163574881457,synthetic,prior_draw,11.0
rainbow,50787,4.620188803302731,5.350453329338951,10,10,54,0,0.12266074411504495,synthetic,prior_draw,11.0
rainbow,50788,4.669459957510736,5.3035785053724105,10,9,54,0,0.16946561180116135,synthetic,prior_draw,11.0
rainbow,50789,4.8955404550726715,5.507563920700058,10,10,54,0,0.09951438748240653,synthetic,prior_draw,11.0
rainbow,50790,4.741311365780894,5.343040073599114,10,8,54,0,0.16530181695509846,synthetic,prior_draw,11.0
rainbow,50791,4.7742466114573245,5.374267196952964,10,10,54,0,0.26917839757036277,synthetic,prior_draw,11.0
rainbow,50792,4.900167653988343,5.535819850741044,10,10,54,0,0.1705617299612016,synthetic,prior_draw,11.0
rainbow,50793,4.670269040882997,5.353086637088027,10,10,54,0,0.16607869384989463,synthetic,prior_draw,11.0
rainbow,50794,4.5883650066572335,5.173438609750978,10,8,54,0,0.13807501838043718,synthetic,prior_draw,11.0
rainbow,50795,4.723491293112284,5.468913822808946,10,9,54,0,0.14045763187878818,synthetic,prior_draw,11.0
rainbow,50796,4.4891300913220755,5.1172429220942615,10,8,54,0,0.1787259612750574,synthetic,prior_draw,11.0
rainbow,50797,4.756348962893209,5.3679119912580395,10,8,54,0,0.24373255544680858,synthetic,prior_draw,11.0
rainbow,50798,4.346640827545738,5.0344773319473,9,9,55,0,0.15380434281092084,synthetic,prior_draw,11.0
rainbow,50799,4.649506530269323,5.360270422490641,10,9,54,0,0.12950962976749703,synthetic,prior_draw,11.0
rainbow,50800,5.030796139651767,5.677846696117531,10,10,54,0,0.07777090493681059,synthetic,prior_draw,11.0
rainbow,50801,4.636028402807198,5.416157514673799,10,10,54,0,0.1627335629736228,synthetic,prior_draw,11.0
rainbow,50802,4.672922001628194,5.4207457974706665,10,8,54,0,0.1404815116423607,synthetic,prior_draw,11.0
rainbow,50803,4.818550960896435,5.494272976935983,10,10,54,0,0.2304739826964077,synthetic,prior_draw,11.0
rainbow,50804,4.5038821360291115,5.18114340558939,10,9,54,0,0.17471318813391645,synthetic,prior_draw,11.0
rainbow,50805,4.925976114378115,5.5939434592842785,10,10,54,0,0.1601366790687762,synthetic,prior_draw,11.0
rainbow,50806,4.567317422713994,5.271405002511018,10,9,54,0,0.19646827301014802,synthetic,prior_draw,11.0
rainbow,50807,4.503637172273288,5.167140479499284,10,10,54,0,0.20211420904756547,synthetic,prior_draw,11.0
rainbow,50808,4.294060799855135,4.929830957974016,10,8,54,0,0.17056134699492756,synthetic,prior_draw,11.0
rainbow,50809,4.450912496053207,5.109681185053743,10,9,54,0,0.16724115937758285,synthetic,prior_draw,11.0
rainbow,50810,5.020361413705105,5.665660817389611,10,10,54,0,0.19077516311403475,synthetic,prior_draw,11.0
rainbow,50811,4.485141489194419,5.2379720568157815,10,9,54,0,0.12881906527604275,synthetic,prior_draw,11.0
rainbow,50812,5.067301557813518,5.744977237916154,10,10,54,0,0.1533066083593983,synthetic,prior_draw,11.0
rainbow,50813,4.590164233848342,5.2872394095038535,10,9,54,0,0.2063860668147385,synthetic,prior_draw,11.0
rainbow,50814,4.941004776651041,5.655550630067411,10,9,54,0,0.1413707239689763,synthetic,prior_draw,11.0
rainbow,50815,4.678454626822507,5.321823315759257,10,10,54,0,0.13532527650530943,synthetic,prior_draw,11.0
rainbow,50816,4.471718410365617,5.143771936053264,10,10,54,0,0.08518909641959845,synthetic,prior_draw,11.0
rainbow,50817,4.593654919076795,5.352877896553933,10,9,54,0,0.19442577770099936,synthetic,prior_draw,11.0
rainbow,50818,4.89446526105172,5.525309650632994,10,10,54,0,0.215258791286378,synthetic,prior_draw,11.0
rainbow,50819,4.449194858777914,5.15111613972667,9,9,55,0,0.1257774146938182,synthetic,prior_draw,11.0
rainbow,50820,4.688479533154632,5.325442780062231,10,9,54,0,0.13541234186063703,synthetic,prior_draw,11.0
rainbow,50821,4.96938690326066,5.5984767587046225,10,10,54,0,0.16157211461691576,synthetic,prior_draw,11.0
rainbow,50822,5.054373523382521,5.699821404457458,10,8,54,0,0.13193810680782828,synthetic,prior_draw,11.0
rainbow,50823,4.498857448455758,5.204521832134133,10,9,54,0,0.13972970741864577,synthetic,prior_draw,11.0
rainbow,50824,4.536534685031471,5.274472751620461,10,10,54,0,0.18854944700775256,synthetic,prior_draw,11.0
rainbow,50825,4.64446555353878,5.371600992598973,10,10,54,0,0.1538267256517329,synthetic,prior_draw,11.0
rainbow,50826,4.610899132335432,5.332386586502455,10,10,54,0,0.21872146804126225,synthetic,prior_draw,11.0
rainbow,50827,4.7903459141737805,5.528410098186405,10,10,54,0,0.19264114359377207,synthetic,prior_draw,11.0
rainbow,50828,4.838028224193027,5.5659204436141225,10,10,54,0,0.2178634898280825,synthetic,prior_draw,11.0
rainbow,50829,4.804780927706696,5.549888621276385,10,10,54,0,0.1758208280127543,synthetic,prior_draw,11.0
rainbow,50830,4.476207193101435,5.219416894829245,9,9,55,0,0.12955691055294197,synthetic,prior_draw,11.0
rainbow,50831,4.9769882971771535,5.603957019721433,10,8,54,0,0.15701646732176996,synthetic,prior_draw,11.0
rainbow,50832,4.845329858606406,5.507665118436517,10,8,54,0,0.20466914603841185,synthetic,prior_draw,11.0
rainbow,50833,4.848669906948276,5.496126579651195,10,9,54,0,0.11887820146120218,synthetic,prior_draw,11.0
rainbow,50834,4.844900095605691,5.501203597030829,10,10,54,0,0.11345029922023843,synthetic,prior_draw,11.0
rainbow,50835,4.446971922812789,5.101300218207294,10,9,54,0,0.1464169329188109,synthetic,prior_draw,11.0
rainbow,50836,4.610347509477299,5.2926600898333,10,10,54,0,0.11988448641539794,synthetic,prior_draw,11.0
rainbow,50837,4.844677575224535,5.504276425326179,10,10,54,0,0.15383058178352224,synthetic,prior_draw,11.0
rainbow,50838,4.84597217992668,5.555950911227933,10,9,54,0,0.07769599028417316,synthetic,prior_draw,11.0
rainbow,50839,4.530171931508661,5.180122252937564,10,9,54,0,0.13917303535919456,synthetic,prior_draw,11.0
rainbow,50840,4.862487525403304,5.561430271082177,10,10,54,0,0.12492726195316309,synthetic,prior_draw,11.0
rainbow,50841,4.65168311619494,5.333163298441565,10,9,54,0,0.12339419457343938,synthetic,prior_draw,11.0
rainbow,50842,4.914374055713167,5.535386451745427,10,10,54,0,0.14017372850780213,synthetic,prior_draw,11.0
rainbow,50843,4.463793943270327,5.227119330818946,10,10,54,0,0.14269112470440876,synthetic,prior_draw,11.0
rainbow,50844,4.333475973896812,4.9823584628865625,10,9,54,0,0.2132078697927958,synthetic,prior_draw,11.0
rainbow,50845,4.364225663865157,5.084661474578562,9,9,55,0,0.13619401967787054,synthetic,prior_draw,11.0
rainbow,50846,4.819678151713923,5.555847800523441,10,10,54,0,0.15052206147660335,synthetic,prior_draw,11.0
rainbow,50847,4.38637158038904,5.137377268261935,10,9,54,0,0.18164163586967735,synthetic,prior_draw,11.0
rainbow,50848,4.57087349049133,5.162294048437216,10,8,54,0,0.17653266208398247,synthetic,prior_draw,11.0
rainbow,50849,4.716887731258712,5.379935300056809,10,9,54,0,0.1647987564805053,synthetic,prior_draw,11.0
rainbow,50850,4.503388776887487,5.234760586807357,10,9,54,0,0.13808591118879895,synthetic,prior_draw,11.0
rainbow,50851,4.7684287194353105,5.459788114257673,10,10,54,0,0.18216093981994647,synthetic,prior_draw,11.0
rainbow,50852,4.6242658883023156,5.353006630001438,10,9,54,0,0.1550718202159443,synthetic,prior_draw,11.0
rainbow,50853,4.7826705739404645,5.390929025756649,10,10,54,0,0.14391206469754086,synthetic,prior_draw,11.0
rainbow,50854,4.801516468405509,5.4496398788004985,10,9,54,0,0.14403651991629632,synthetic,prior_draw,11.0
rainbow,50855,4.758279149281005,5.3657811069601244,10,10,54,0,0.17874833357427308,synthetic,prior_draw,11.0
rainbow,50856,4.366127398884587,5.059447132098674,10,8,54,0,0.21624153614731337,synthetic,prior_draw,11.0
rainbow,50857,4.710129375980229,5.433589252687338,10,10,54,0,0.15928703269598934,synthetic,prior_draw,11.0
rainbow,50858,4.831612438483058,5.474492886978567,10,10,54,0,0.2181288514645456,synthetic,prior_draw,11.0
rainbow,50859,4.718339555816562,5.48596814243521,10,10,54,0,0.2030875050489575,synthetic,prior_draw,11.0
rainbow,50860,4.953588861211311,5.564991199148507,10,10,54,0,0.2038418056311594,synthetic,prior_draw,11.0
rainbow,50861,4.984163309618194,5.611795475305417,10,9,54,0,0.1555502483414061,synthetic,prior_draw,11.0
rainbow,50862,4.865469499095733,5.605783615878178,10,9,54,0,0.17944154592161318,synthetic,prior_draw,11.0
rainbow,50863,5.105661398134266,5.779752664293151,10,10,54,0,0.0908671781832216,synthetic,prior_draw,11.0
rainbow,50864,4.3379917494555205,5.076611932575006,9,9,55,0,0.15999640286737096,synthetic,prior_draw,11.0
rainbow,50865,4.539560801281761,5.1762383091787365,10,9,54,0,0.19425816900447704,synthetic,prior_draw,11.0
rainbow,50866,4.64325389004902,5.341573667146782,10,10,54,0,0.17021547647855556,synthetic,prior_draw,11.0
rainbow,50867,4.3980008805564355,4.981195753221533,10,8,54,0,0.18714694771517973,synthetic,prior_draw,11.0
rainbow,50868,4.355552885443209,5.065026420254764,10,9,54,0,0.14684256688114974,synthetic,prior_draw,11.0
rainbow,50869,5.136395816039794,5.796941820127154,10,10,54,0,0.18614673232860837,synthetic,prior_draw,11.0
rainbow,50870,4.596315249952767,5.267717753555475,10,9,54,0,0.21060942746274985,synthetic,prior_draw,11.0
rainbow,50871,4.67319459451895,5.371328101076109,10,8,54,0,0.20119529080871923,synthetic,prior_draw,11.0
rainbow,50872,5.022415295581252,5.6328900224773,10,10,54,0,0.09129825236996734,synthetic,prior_draw,11.0
rainbow,50873,4.366308331614532,5.1068349973104485,10,10,54,0,0.19843753897588495,synthetic,prior_draw,11.0
rainbow,50874,4.48917253457645,5.144260881390401,10,9,54,0,0.269581754328404,synthetic,prior_draw,11.0
rainbow,50875,4.811861385955963,5.486829738257821,10,9,54,0,0.18663308638603537,synthetic,prior_draw,11.0
rainbow,50876,4.408826651983624,5.014009423362932,10,8,54,0,0.1838131770828238,synthetic,prior_draw,11.0
rainbow,50877,4.37396280585356,5.132619262246743,10,9,54,0,0.08956407066195801,synthetic,prior_draw,11.0
rainbow,50878,5.016673031653161,5.660220932655973,10,10,54,0,0.21142861555500453,synthetic,prior_draw,11.0
rainbow,50879,4.924871808337404,5.5640496948245355,10,10,54,0,0.12126653931283271,synthetic,prior_draw,11.0
rainbow,50880,4.639165878728759,5.233480016907567,10,8,54,0,0.22980895776057483,synthetic,prior_draw,11.0
rainbow,50881,4.576549640826004,5.302897603168627,10,10,54,0,0.16444954386697994,synthetic,prior_draw,11.0
rainbow,50882,4.858881527583347,5.557277698048827,10,9,54,0,0.17076343574908356,synthetic,prior_draw,11.0
rainbow,50883,4.5771006567979935,5.308452820656493,10,10,54,0,0.3256830782713246,synthetic,prior_draw,11.0
rainbow,50884,5.130997331236996,5.781848376153213,10,10,54,0,0.15091445538464845,synthetic,prior_draw,11.0
rainbow,50885,4.743633989503635,5.439253313615106,10,10,54,0,0.08986856952042654,synthetic,prior_draw,11.0
rainbow,50886,4.6799162916730594,5.358037055405746,10,10,54,0,0.1865051601669039,synthetic,prior_draw,11.0
rainbow,50887,4.853176533997518,5.473567468824963,10,10,54,0,0.11012322282627461,synthetic,prior_draw,11.0
rainbow,50888,4.307661259627153,4.9656690435600375,10,8,54,0,0.2470480629903025,synthetic,prior_draw,11.0
rainbow,50889,4.010243050530667,4.653712504242369,10,9,54,0,0.1720384409426789,synthetic,prior_draw,11.0
rainbow,50890,4.539362702956501,5.311849068300724,9,9,55,0,0.18423350492326648,synthetic,prior_draw,11.0
rainbow,50891,4.809129079492221,5.405929182976355,10,10,54,0,0.11629077746866699,synthetic,prior_draw,11.0
rainbow,50892,4.96244711773602,5.6621582320796255,10,10,54,0,0.19129820170897813,synthetic,prior_draw,11.0
rainbow,50893,4.871471490273437,5.497013319583068,10,10,54,0,0.25464759272440896,synthetic,prior_draw,11.0
rainbow,50894,4.634253631787058,5.374405220831619,10,9,54,0,0.11359375026903173,synthetic,prior_draw,11.0
rainbow,50895,4.827793661081415,5.593100194516267,10,9,54,0,0.20131999821140165,synthetic,prior_draw,11.0
rainbow,50896,4.413969028062307,5.102845392608015,10,9,54,0,0.17202666087614002,synthetic,prior_draw,11.0
rainbow,50897,4.735430830705071,5.40566177883385,10,9,54,0,0.16479070866242296,synthetic,prior_draw,11.0
rainbow,50898,4.634017043121073,5.262999121560116,10,8,54,0,0.160552189496067,synthetic,prior_draw,11.0
rainbow,50899,4.816076241321879,5.5673453489685585,10,10,54,0,0.2723165231293272,synthetic,prior_draw,11.0
rainbow,50900,4.50631155748555,5.287595891339267,9,9,55,0,0.165085155115432,synthetic,prior_draw,11.0
rainbow,50901,4.727549656466395,5.500531413875538,10,9,54,0,0.24339629334949436,synthetic,prior_draw,11.0
rainbow,50902,4.922824232429559,5.548537144704819,10,8,54,0,0.20118419490868933,synthetic,prior_draw,11.0
rainbow,50903,4.503179072052575,5.1572707199589765,9,9,55,0,0.19430540111198616,synthetic,prior_draw,11.0
rainbow,50904,4.772473912626923,5.3814997653253585,10,10,54,0,0.17677885262967125,synthetic,prior_draw,11.0
rainbow,50905,4.718530350178075,5.454766314334028,10,10,54,0,0.16807603737053375,synthetic,prior_draw,11.0
rainbow,50906,4.951070763319759,5.702356211198492,10,10,54,0,0.1614231762385951,synthetic,prior_draw,11.0
rainbow,50907,5.075455414029074,5.735562430145383,10,10,54,0,0.08959117270844953,synthetic,prior_draw,11.0
rainbow,50908,4.556088467592987,5.2418859720181565,10,10,54,0,0.15446241421837348,synthetic,prior_draw,11.0
rainbow,50909,5.0494422927204905,5.678740069482787,10,10,54,0,0.16280661747914718,synthetic,prior_draw,11.0
rainbow,50910,4.8230545496054456,5.535421407908992,10,10,54,0,0.19362445710842133,synthetic,prior_draw,11.0
rainbow,50911,4.673667884837798,5.452177800025116,10,10,54,0,0.12481132236165653,synthetic,prior_draw,11.0
rainbow,50912,4.367436373773821,5.0746528279017955,10,10,54,0,0.11388962556580118,synthetic,prior_draw,11.0
rainbow,50913,4.495462536920266,5.184408464656549,10,10,54,0,0.22218709899837785,synthetic,prior_draw,11.0
rainbow,50914,4.789729269180343,5.40862344215694,10,10,54,0,0.09406785358133463,synthetic,prior_draw,11.0
rainbow,50915,4.94237110196274,5.567000154040908,10,10,54,0,0.1170448099312928,synthetic,prior_draw,11.0
rainbow,50916,3.9877088884091543,4.603371899150988,10,8,54,0,0.18235419425140798,synthetic,prior_draw,11.0
rainbow,50917,4.529265808985628,5.161156640645117,10,8,54,0,0.17817138232554516,synthetic,prior_draw,11.0
rainbow,50918,4.70330159506346,5.301061062951217,10,10,54,0,0.15635365776676297,synthetic,prior_draw,11.0
rainbow,50919,4.291837899223329,4.93966516906318,10,9,54,0,0.2848085507688813,synthetic,prior_draw,11.0
rainbow,50920,4.599913208925557,5.289115759630291,10,9,54,0,0.11845624830079082,synthetic,prior_draw,11.0
rainbow,50921,5.050602464014344,5.688292542680056,10,10,54,0,0.13911511025859438,synthetic,prior_draw,11.0
rainbow,50922,4.603955938728504,5.392592373951324,9,9,55,0,0.1785461865898975,synthetic,prior_draw,11.0
rainbow,50923,4.58091249000759,5.188747226886665,10,9,54,0,0.16136507833347757,synthetic,prior_draw,11.0
rainbow,50924,4.7660920667602715,5.465617723613242,10,10,54,0,0.1491820460167604,synthetic,prior_draw,11.0
rainbow,50925,4.866003530794048,5.4828785599256005,10,10,54,0,0.09756385016045972,synthetic,prior_draw,11.0
rainbow,50926,4.946150305734609,5.680458990677317,10,10,54,0,0.1597608838481776,synthetic,prior_draw,11.0
rainbow,50927,5.039587128086685,5.6701857524632375,10,10,54,0,0.10510182252559445,synthetic,prior_draw,11.0
rainbow,50928,5.02573035535837,5.672688018046995,10,10,54,0,0.15356414392826306,synthetic,prior_draw,11.0
rainbow,50929,4.761056114522225,5.535828192821204,10,10,54,0,0.09447642445865287,synthetic,prior_draw,11.0
rainbow,50930,4.419022711553198,5.163242170569285,9,9,55,0,0.21756323042748812,synthetic,prior_draw,11.0
rainbow,50931,4.522589041502439,5.229594176059688,10,9,54,0,0.140134116680394,synthetic,prior_draw,11.0
rainbow,50932,4.83052920427987,5.4488375144582015,10,9,54,0,0.11359987069432291,synthetic,prior_draw,11.0
rainbow,50933,4.575991822292255,5.278392694995122,10,10,54,0,0.1248381458698241,synthetic,prior_draw,11.0
rainbow,50934,4.5036844042495146,5.15379197118262,10,10,54,0,0.17977141608179045,synthetic,prior_draw,11.0
rainbow,50935,4.8560176955392595,5.607380588016245,10,10,54,0,0.094472690946991,synthetic,prior_draw,11.0
rainbow,50936,4.3804413732861125,5.035267214563777,10,9,54,0,0.16243884626234278,synthetic,prior_draw,11.0
rainbow,50937,4.538108569015946,5.229205052351289,9,9,55,0,0.20018405370246586,synthetic,prior_draw,11.0
rainbow,50938,4.541491202034761,5.260618935649658,10,9,54,0,0.19705437139400622,synthetic,prior_draw,11.0
rainbow,50939,4.9422370850200155,5.570054277857765,10,8,54,0,0.18135677675062356,synthetic,prior_draw,11.0
rainbow,50940,4.819812279351478,5.516825404525386,10,9,54,0,0.16050943377897167,synthetic,prior_draw,11.0
rainbow,50941,4.629017868658828,5.310239939514871,10,10,54,0,0.23533838694533865,synthetic,prior_draw,11.0
rainbow,50942,4.628234339069821,5.336291290532441,10,10,54,0,0.09355177185215213,synthetic,prior_draw,11.0
rainbow,50943,4.645292357219068,5.347475199470884,10,9,54,0,0.12564043471903016,synthetic,prior_draw,11.0
rainbow,50944,5.135204811664582,5.812808854916865,10,10,54,0,0.21269529121145078,synthetic,prior_draw,11.0
rainbow,50945,4.55405003198871,5.326131787318627,9,9,55,0,0.14708567404239192,synthetic,prior_draw,11.0
rainbow,50946,4.322801031333242,5.065958462619401,10,10,54,0,0.22078393680291641,synthetic,prior_draw,11.0
rainbow,50947,4.7225355385041246,5.462183346105362,10,9,54,0,0.11074879729934345,synthetic,prior_draw,11.0
rainbow,50948,4.175355016020491,4.847960150048485,10,9,54,0,0.20782094152227387,synthetic,prior_draw,11.0
rainbow,50949,4.557463780942229,5.215301369445267,10,10,54,0,0.16288692883568467,synthetic,prior_draw,11.0
rainbow,50950,4.899555962178873,5.52753747574664,10,10,54,0,0.08321281588480955,synthetic,prior_draw,11.0
rainbow,50951,4.731296654550451,5.353216732734851,10,8,54,0,0.16836495950003624,synthetic,prior_draw,11.0
rainbow,50952,4.566372031299395,5.287490617203839,9,9,55,0,0.1842489884449283,synthetic,prior_draw,11.0
rainbow,50953,4.818712163656512,5.460743231836752,10,10,54,0,0.15158859964316962,synthetic,prior_draw,11.0
rainbow,50954,4.391853326938605,5.1208214415720335,10,9,54,0,0.1425778232806889,synthetic,prior_draw,11.0
rainbow,50955,5.121606333385011,5.752754567204937,10,9,54,0,0.11819166088613008,synthetic,prior_draw,11.0
rainbow,50956,4.748495686190598,5.491777897006302,9,9,55,0,0.1260901301514464,synthetic,prior_draw,11.0
rainbow,50957,4.494657368447369,5.2519557287596506,10,10,54,0,0.24171288130531587,synthetic,prior_draw,11.0
rainbow,50958,4.887864217965204,5.495824323677915,10,10,54,0,0.13106020312637698,synthetic,prior_draw,11.0
rainbow,50959,4.644485462570426,5.354400254178739,10,10,54,0,0.1254646881521908,synthetic,prior_draw,11.0
rainbow,50960,4.791518322109359,5.446248400857302,10,10,54,0,0.20770313594507864,synthetic,prior_draw,11.0
rainbow,50961,4.939347102053364,5.5527180478950875,10,10,54,0,0.3119446252982784,synthetic,prior_draw,11.0
rainbow,50962,4.891967647567557,5.540346340707497,10,8,54,0,0.12007416163390856,synthetic,prior_draw,11.0
rainbow,50963,4.685048047050948,5.455214146903104,10,10,54,0,0.18470896445837123,synthetic,prior_draw,11.0
rainbow,50964,4.817148857318303,5.494671179842257,10,9,54,0,0.10369372754901295,synthetic,prior_draw,11.0
rainbow,50965,4.737341963713824,5.379230225430463,10,10,54,0,0.13295630351998547,synthetic,prior_draw,11.0
rainbow,50966,4.777498674254271,5.558899374071334,10,10,54,0,0.1999449822806191,synthetic,prior_draw,11.0
rainbow,50967,4.641799409581904,5.398029321578291,10,10,54,0,0.11650300690815316,synthetic,prior_draw,11.0
rainbow,50968,4.7122133900908425,5.322402684768696,10,10,54,0,0.1865365037660505,synthetic,prior_draw,11.0
rainbow,50969,4.375434644628169,5.10115117862438,10,9,54,0,0.20765765596722172,synthetic,prior_draw,11.0
rainbow,50970,4.9517953967069115,5.57172266832751,10,9,54,0,0.1823501802747202,synthetic,prior_draw,11.0
rainbow,50971,4.701333122021522,5.453810635704789,10,9,54,0,0.17077403220150578,synthetic,prior_draw,11.0
rainbow,50972,4.686322985389372,5.393611115593599,10,9,54,0,0.13108770909770612,synthetic,prior_draw,11.0
rainbow,50973,4.4209671274440945,5.061359303565314,9,9,55,0,0.1270864163952096,synthetic,prior_draw,11.0
rainbow,50974,5.079640431525467,5.746333069814848,10,10,54,0,0.16316662735186713,synthetic,prior_draw,11.0
rainbow,50975,4.5548662637701645,5.271343553559902,10,9,54,0,0.19917879880995296,synthetic,prior_draw,11.0
rainbow,50976,4.625543709058594,5.350115741572446,10,10,54,0,0.09808493618503314,synthetic,prior_draw,11.0
rainbow,50977,4.921035375128309,5.606273272149948,10,10,54,0,0.20143345118700304,synthetic,prior_draw,11.0
rainbow,50978,4.7801697339382345,5.440231693087801,10,10,54,0,0.16582063189767823,synthetic,prior_draw,11.0
rainbow,50979,4.556016152023861,5.319362885817234,10,10,54,0,0.2253347194674978,synthetic,prior_draw,11.0
rainbow,50980,4.340070568688443,5.008400327675329,9,9,55,0,0.1430882374981593,synthetic,prior_draw,11.0
rainbow,50981,4.803693739852561,5.549259799224913,10,10,54,0,0.07153319435129453,synthetic,prior_draw,11.0
rainbow,50982,4.779115610902531,5.468664645662797,10,9,54,0,0.212978295739431,synthetic,prior_draw,11.0
rainbow,50983,4.923037654375216,5.695785598600105,10,10,54,0,0.14799565777554044,synthetic,prior_draw,11.0
rainbow,50984,4.838363287605308,5.47892808119078,10,10,54,0,0.12984005097247073,synthetic,prior_draw,11.0
rainbow,50985,4.71731690978103,5.390616498846434,10,9,54,0,0.13577658319555597,synthetic,prior_draw,11.0
rainbow,50986,4.855002081868363,5.575921886953902,10,10,54,0,0.15141097956735494,synthetic,prior_draw,11.0
rainbow,50987,4.8711975812540205,5.60849477483759,10,10,54,0,0.13402317617114096,synthetic,prior_draw,11.0
rainbow,50988,5.0159975156098495,5.663832448290867,10,10,54,0,0.09724393554469857,synthetic,prior_draw,11.0
rainbow,50989,4.783833061789682,5.481170986195307,10,9,54,0,0.16635113666669438,synthetic,prior_draw,11.0
rainbow,50990,4.5656652895695276,5.25479420152881,10,8,54,0,0.1035324381723772,synthetic,prior_draw,11.0
rainbow,50991,4.695245790341288,5.29490309768539,10,8,54,0,0.19941344664856445,synthetic,prior_draw,11.0
rainbow,50992,4.710018368506662,5.395013207127209,10,9,54,0,0.20993338580868154,synthetic,prior_draw,11.0
rainbow,50993,4.836608010455891,5.4636689324911005,10,10,54,0,0.16087781113608784,synthetic,prior_draw,11.0
rainbow,50994,4.3356010493099335,5.07167137915881,9,9,55,0,0.191234712150176,synthetic,prior_draw,11.0
rainbow,50995,4.2755116220117495,4.985470143976463,9,9,55,0,0.2112439206711347,synthetic,prior_draw,11.0
rainbow,50996,4.5865210902768325,5.192333057010799,10,8,54,0,0.06884186010089927,synthetic,prior_draw,11.0
rainbow,50997,4.376306029010679,4.957863286602934,10,9,54,0,0.1074890304420636,synthetic,prior_draw,11.0
rainbow,50998,4.7700530157468535,5.422147614057241,10,8,54,0,0.19922764096062456,synthetic,prior_draw,11.0
rainbow,50999,4.93613302033643,5.56357471317547,10,10,54,0,0.12623952763451696,synthetic,prior_draw,11.0
rainbow,51000,4.635743271726927,5.259512317402571,10,10,54,0,0.18518244986154575,synthetic,prior_draw,11.0
rainbow,51001,4.824827882644168,5.427047840541756,10,10,54,0,0.20366689911577632,synthetic,prior_draw,11.0
rainbow,51002,4.791455418719528,5.391941057767124,10,10,54,0,0.10208948140017647,synthetic,prior_draw,11.0
rainbow,51003,4.505173963844906,5.2374718180557185,10,10,54,0,0.16883789442496172,synthetic,prior_draw,11.0
rainbow,51004,4.454586787986885,5.100199804962114,10,10,54,0,0.14909069931384786,synthetic,prior_draw,11.0
rainbow,51005,4.823328915378127,5.437417740891256,10,10,54,0,0.11983371316793007,synthetic,prior_draw,11.0
rainbow,51006,4.647768415132248,5.376796584488281,9,9,55,0,0.144560823056139,synthetic,prior_draw,11.0
rainbow,51007,5.083831562722567,5.758735457562439,10,10,54,0,0.15687973744748443,synthetic,prior_draw,11.0
rainbow,51008,4.479969162327192,5.1112338949818215,10,10,54,0,0.2031766686601149,synthetic,prior_draw,11.0
rainbow,51009,4.489137094745053,5.254649878161461,10,9,54,0,0.1834809150150751,synthetic,prior_draw,11.0
rainbow,51010,4.821505598619607,5.443977114601762,10,8,54,0,0.08268145702208325,synthetic,prior_draw,11.0
rainbow,51011,4.955405352235191,5.59785704876246,10,10,54,0,0.11431529892376253,synthetic,prior_draw,11.0
rainbow,51012,4.357619716589584,5.0423694971131985,10,9,54,0,0.2043972431204961,synthetic,prior_draw,11.0
rainbow,51013,4.74431402285356,5.383169401926632,10,9,54,0,0.18822369246889797,synthetic,prior_draw,11.0
rainbow,51014,4.86003368353933,5.479805426442555,10,10,54,0,0.1495622368546787,synthetic,prior_draw,11.0
rainbow,51015,4.22850045826796,4.822443376738936,10,9,54,0,0.19694241641881574,synthetic,prior_draw,11.0
rainbow,51016,4.864326578409739,5.500266352981739,10,10,54,0,0.09891837338186618,synthetic,prior_draw,11.0
rainbow,51017,4.674386555333835,5.351023194811607,10,8,54,0,0.14777276479611695,synthetic,prior_draw,11.0
rainbow,51018,4.952360071093126,5.5468466709200595,10,10,54,0,0.2091711076000237,synthetic,prior_draw,11.0
rainbow,51019,4.382081286623772,5.121363220950171,10,9,54,0,0.14826499483649117,synthetic,prior_draw,11.0
rainbow,51020,4.604336292639665,5.336087383176834,10,9,54,0,0.15461398844360177,synthetic,prior_draw,11.0
rainbow,51021,4.546880420491692,5.248740827845924,9,9,55,0,0.2569926380448888,synthetic,prior_draw,11.0
rainbow,51022,4.580412611094966,5.296408765114076,10,9,54,0,0.10728272895500983,synthetic,prior_draw,11.0
rainbow,51023,4.81009359340452,5.5503540148112815,10,9,54,0,0.1341627652144067,synthetic,prior_draw,11.0
rainbow,50000,4.919816753665882,5.531261237796221,10,10,54,0,0.15532556385098858,synthetic,prior_draw,29.0
rainbow,50001,4.614215603366422,5.342424888265209,10,10,54,0,0.26131762996095004,synthetic,prior_draw,29.0
rainbow,50002,4.8372664131651,5.503573756739268,10,10,54,0,0.14615896813511403,synthetic,prior_draw,29.0
rainbow,50003,4.911165699958836,5.529439256204893,10,10,54,0,0.17545473029600953,synthetic,prior_draw,29.0
rainbow,50004,4.3681634124068385,5.106574903170565,10,10,54,0,0.16183167604597845,synthetic,prior_draw,29.0
rainbow,50005,4.469924068275591,5.206029509116374,10,10,54,0,0.14763154134642587,synthetic,prior_draw,29.0
rainbow,50006,4.514609140850623,5.16350848548105,10,10,54,0,0.13578783611960069,synthetic,prior_draw,29.0
rainbow,50007,4.70599078079757,5.516190188372027,10,10,54,0,0.23577660244715795,synthetic,prior_draw,29.0
rainbow,50008,4.155569385691982,4.792156281211388,10,10,54,0,0.12706248118769067,synthetic,prior_draw,29.0
rainbow,50009,4.487234299436282,5.144035418201414,10,10,54,0,0.10789287403023894,synthetic,prior_draw,29.0
rainbow,50010,4.642165737217051,5.385864200157706,10,10,54,0,0.1754896393090803,synthetic,prior_draw,29.0
rainbow,50011,4.422250540115333,5.058037447098972,10,10,54,0,0.19518873912236967,synthetic,prior_draw,29.0
rainbow,50012,4.654387374320216,5.23946902172247,10,10,54,0,0.1419960851537662,synthetic,prior_draw,29.0
rainbow,50013,5.004207648474275,5.640217067581074,10,10,54,0,0.1347395112501067,synthetic,prior_draw,29.0
rainbow,50014,4.4648479396878775,5.216705355526165,10,10,54,0,0.19788995380691482,synthetic,prior_draw,29.0
rainbow,50015,4.547303235378822,5.250784216240418,10,10,54,0,0.27776690423380396,synthetic,prior_draw,29.0
rainbow,50016,4.593611393844501,5.305729544432165,10,9,54,0,0.1211348496407913,synthetic,prior_draw,29.0
rainbow,50017,4.54164648021233,5.300496810935326,10,10,54,0,0.1744326180944367,synthetic,prior_draw,29.0
rainbow,50018,4.562736310953163,5.3062292637334725,10,10,54,0,0.1186780596543189,synthetic,prior_draw,29.0
rainbow,50019,4.576674804464964,5.159999584929275,10,10,54,0,0.20212642608484496,synthetic,prior_draw,29.0
rainbow,50020,4.634492830554135,5.21205153230246,10,10,54,0,0.190392717917239,synthetic,prior_draw,29.0
rainbow,50021,4.556405611422171,5.184485971862166,10,10,54,0,0.15965890945767422,synthetic,prior_draw,29.0
rainbow,50022,4.581720110806311,5.291703776329074,10,10,54,0,0.15831026904489984,synthetic,prior_draw,29.0
rainbow,50023,4.491903167560434,5.13196631955871,10,10,54,0,0.1518285960142546,synthetic,prior_draw,29.0
rainbow,50024,4.397095663560055,5.078175097873006,10,10,54,0,0.26371715758824704,synthetic,prior_draw,29.0
rainbow,50025,4.4901411684656045,5.154427685417633,10,10,54,0,0.1900118346475959,synthetic,prior_draw,29.0
rainbow,50026,4.761771163575055,5.4089035778149945,10,10,54,0,0.19777682920260467,synthetic,prior_draw,29.0
rainbow,50027,4.7464446742236435,5.479818410299242,10,10,54,0,0.18856969541086685,synthetic,prior_draw,29.0
rainbow,50028,4.458537438367477,5.09182938250013,10,10,54,0,0.2655378077953849,synthetic,prior_draw,29.0
rainbow,50029,4.665248305989344,5.284834295983245,10,10,54,0,0.21607782953782667,synthetic,prior_draw,29.0
rainbow,50030,4.85294431967035,5.538522150980298,10,10,54,0,0.15048785094974942,synthetic,prior_draw,29.0
rainbow,50031,4.604295092624775,5.358542593809704,10,10,54,0,0.12278307789242326,synthetic,prior_draw,29.0
rainbow,50032,4.629212796128569,5.420298310551918,10,10,54,0,0.11593663443833438,synthetic,prior_draw,29.0
rainbow,50033,4.391857712618364,5.135527805978399,10,10,54,0,0.17449316919557367,synthetic,prior_draw,29.0
rainbow,50034,4.793260488483821,5.433138916694085,10,10,54,0,0.17464955382243333,synthetic,prior_draw,29.0
rainbow,50035,4.70365196248105,5.3693673197956135,10,10,54,0,0.1501012535814834,synthetic,prior_draw,29.0
rainbow,50036,4.48004337510707,5.190612396859216,10,10,54,0,0.1727617327399315,synthetic,prior_draw,29.0
rainbow,50037,4.188975941191451,4.8633022431300565,10,7,54,0,0.2563661716776035,synthetic,prior_draw,29.0
rainbow,50038,4.7825653372079415,5.490761528718969,10,10,54,0,0.17158867691260637,synthetic,prior_draw,29.0
rainbow,50039,4.548270525734187,5.265184669734095,10,10,54,0,0.1626305358662984,synthetic,prior_draw,29.0
rainbow,50040,4.486052865401535,5.165520553697127,10,10,54,0,0.20579419702416618,synthetic,prior_draw,29.0
rainbow,50041,4.690119509689496,5.432341093286111,10,10,54,0,0.20681574537354566,synthetic,prior_draw,29.0
rainbow,50042,4.386959633671885,5.113941047147031,10,10,54,0,0.19714708477915052,synthetic,prior_draw,29.0
rainbow,50043,4.682644473357901,5.416066977541676,10,10,54,0,0.12793431677927403,synthetic,prior_draw,29.0
rainbow,50044,4.700911779020951,5.320721276482134,10,10,54,0,0.15307192609263778,synthetic,prior_draw,29.0
rainbow,50045,4.324155295553948,5.005255063579481,10,10,54,0,0.1688928378652619,synthetic,prior_draw,29.0
rainbow,50046,4.795085173769287,5.564682848160406,10,10,54,0,0.16179838935170857,synthetic,prior_draw,29.0
rainbow,50047,4.7452365669146435,5.460048283238202,10,10,54,0,0.12834195263981465,synthetic,prior_draw,29.0
rainbow,50048,4.64077691347023,5.303915900313984,10,10,54,0,0.16445397481711227,synthetic,prior_draw,29.0
rainbow,50049,4.712936741139478,5.348889394282161,10,10,54,0,0.0896566084877667,synthetic,prior_draw,29.0
rainbow,50050,4.7923608192778175,5.512457282603594,10,10,54,0,0.1579150904263166,synthetic,prior_draw,29.0
rainbow,50051,4.711892917509013,5.389605793498472,10,10,54,0,0.1854705613739511,synthetic,prior_draw,29.0
rainbow,50052,4.721525480394376,5.334905493900978,10,10,54,0,0.1529379509197279,synthetic,prior_draw,29.0
rainbow,50053,4.522048557349727,5.223411175997516,10,10,54,0,0.24076251496604065,synthetic,prior_draw,29.0
rainbow,50054,4.364943665458489,5.000749685166702,10,10,54,0,0.16681359014813596,synthetic,prior_draw,29.0
rainbow,50055,4.922327324677768,5.667876028137483,10,10,54,0,0.17292505696903615,synthetic,prior_draw,29.0
rainbow,50056,4.356627146491598,5.0687312838123075,10,10,54,0,0.15106370581369435,synthetic,prior_draw,29.0
rainbow,50057,4.602560763740648,5.291043099391467,10,9,54,0,0.13610485466346858,synthetic,prior_draw,29.0
rainbow,50058,4.643601956239124,5.293210113879137,10,10,54,0,0.08954660810771439,synthetic,prior_draw,29.0
rainbow,50059,4.4922775288428385,5.266174046477396,10,9,54,0,0.13704426205901643,synthetic,prior_draw,29.0
rainbow,50060,4.613781001609773,5.3187184585173375,10,10,54,0,0.13995264234264107,synthetic,prior_draw,29.0
rainbow,50061,4.623011498544749,5.264282289868801,10,10,54,0,0.16956139759662053,synthetic,prior_draw,29.0
rainbow,50062,4.368519488334296,5.085102754947822,10,10,54,0,0.25506439258323,synthetic,prior_draw,29.0
rainbow,50063,4.6687253341298875,5.2739888391628025,10,10,54,0,0.14246003914310415,synthetic,prior_draw,29.0
rainbow,50064,4.675441038557798,5.479101985768826,10,10,54,0,0.1675742297064454,synthetic,prior_draw,29.0
rainbow,50065,4.438969455719175,5.028265044521058,10,10,54,0,0.24496993399505182,synthetic,prior_draw,29.0
rainbow,50066,4.541914778143447,5.340240346640124,10,10,54,0,0.13571980658498659,synthetic,prior_draw,29.0
rainbow,50067,4.767804553681197,5.411657474533784,10,10,54,0,0.14293568437013673,synthetic,prior_draw,29.0
rainbow,50068,4.59780712316791,5.215751686702648,10,10,54,0,0.20911582754128444,synthetic,prior_draw,29.0
rainbow,50069,4.646791988312368,5.268292318866038,10,10,54,0,0.2774749619229025,synthetic,prior_draw,29.0
rainbow,50070,4.752955267329699,5.442885671361875,10,10,54,0,0.21635111856606123,synthetic,prior_draw,29.0
rainbow,50071,4.615696583615808,5.3921266961791545,10,10,54,0,0.18794951705230936,synthetic,prior_draw,29.0
rainbow,50072,4.984000426076517,5.669451399986973,10,10,54,0,0.2391823736991113,synthetic,prior_draw,29.0
rainbow,50073,5.044623239593838,5.711872868039139,10,10,54,0,0.12525268164040332,synthetic,prior_draw,29.0
rainbow,50074,4.8814789390282645,5.494681540781631,10,10,54,0,0.21055573619661488,synthetic,prior_draw,29.0
rainbow,50075,4.48597296758203,5.195370565039346,10,10,54,0,0.12896920317976576,synthetic,prior_draw,29.0
rainbow,50076,4.762255000983799,5.454250116000491,10,10,54,0,0.14393535979599723,synthetic,prior_draw,29.0
rainbow,50077,4.689901080511236,5.290758434992983,10,10,54,0,0.1064754316322215,synthetic,prior_draw,29.0
rainbow,50078,4.384035699521633,5.150541021778076,10,10,54,0,0.09998767207396486,synthetic,prior_draw,29.0
rainbow,50079,4.609688861448142,5.32461974114056,10,9,54,0,0.10525576103329208,synthetic,prior_draw,29.0
rainbow,50080,4.4042805359229025,5.145200008446426,10,10,54,0,0.1417254609054694,synthetic,prior_draw,29.0
rainbow,50081,4.723687778099874,5.50330921835857,10,10,54,0,0.1577079616142219,synthetic,prior_draw,29.0
rainbow,50082,4.646892751549773,5.292806917298377,10,10,54,0,0.15499076880541857,synthetic,prior_draw,29.0
rainbow,50083,4.15690361265028,4.7702221970059755,10,10,54,0,0.13271107460112835,synthetic,prior_draw,29.0
rainbow,50084,4.4593851995130755,5.248472914026903,10,10,54,0,0.15849200096731852,synthetic,prior_draw,29.0
rainbow,50085,4.710371370133968,5.322572738356707,10,10,54,0,0.13740225271920264,synthetic,prior_draw,29.0
rainbow,50086,4.47301091407051,5.225003490760032,10,10,54,0,0.14923176526318474,synthetic,prior_draw,29.0
rainbow,50087,4.801214430584107,5.406361370136232,10,10,54,0,0.1331358116412136,synthetic,prior_draw,29.0
rainbow,50088,4.750076499919559,5.394473295772986,10,10,54,0,0.20225074639577698,synthetic,prior_draw,29.0
rainbow,50089,5.073733495859292,5.701953813576912,10,10,54,0,0.17295977579920416,synthetic,prior_draw,29.0
rainbow,50090,4.390603253030325,5.112144154284228,10,10,54,0,0.17216877903364716,synthetic,prior_draw,29.0
rainbow,50091,4.685154763280784,5.352450197927531,10,9,54,0,0.13699802064971806,synthetic,prior_draw,29.0
rainbow,50092,4.524111971541182,5.224909081603474,10,10,54,0,0.13545048256408354,synthetic,prior_draw,29.0
rainbow,50093,4.750472737354914,5.46792619013697,10,10,54,0,0.15917793425247265,synthetic,prior_draw,29.0
rainbow,50094,4.522688184770413,5.163011994069305,10,10,54,0,0.17848369081725066,synthetic,prior_draw,29.0
rainbow,50095,4.628556290099576,5.3694408147410435,10,10,54,0,0.19272531430082107,synthetic,prior_draw,29.0
rainbow,50096,4.480454753579532,5.1971013728049344,10,10,54,0,0.1622805373621082,synthetic,prior_draw,29.0
rainbow,50097,4.4477894897978025,5.096800282348296,10,10,54,0,0.12757544224121267,synthetic,prior_draw,29.0
rainbow,50098,4.320619138371803,5.091010066626449,9,9,55,0,0.12742236406626437,synthetic,prior_draw,29.0
rainbow,50099,4.579882186486148,5.301574587797428,10,10,54,0,0.1293309006049919,synthetic,prior_draw,29.0
rainbow,50100,4.579541535282687,5.259364702721987,10,10,54,0,0.15239985094582703,synthetic,prior_draw,29.0
rainbow,50101,4.889593093513264,5.479488581599339,10,10,54,0,0.146260171590263,synthetic,prior_draw,29.0
rainbow,50102,4.410189299051662,5.016876315428583,10,10,54,0,0.21553382861199583,synthetic,prior_draw,29.0
rainbow,50103,4.689807671852933,5.479834961964298,10,10,54,0,0.17584544929073034,synthetic,prior_draw,29.0
rainbow,50104,4.345149437431595,5.034540145903348,10,10,54,0,0.13512996842805342,synthetic,prior_draw,29.0
rainbow,50105,4.515632132637791,5.1464380069391655,10,10,54,0,0.1102752679974149,synthetic,prior_draw,29.0
rainbow,50106,4.690857593304712,5.363866503968075,10,10,54,0,0.0880663531844685,synthetic,prior_draw,29.0
rainbow,50107,4.756703072798448,5.450513748823875,10,10,54,0,0.12768746837509193,synthetic,prior_draw,29.0
rainbow,50108,4.3872886012555785,5.0125596267227035,10,10,54,0,0.18034173313364626,synthetic,prior_draw,29.0
rainbow,50109,4.380409057386743,5.104166480355716,10,10,54,0,0.13300777189417098,synthetic,prior_draw,29.0
rainbow,50110,4.539021395051856,5.276599576730491,10,10,54,0,0.21930236243742063,synthetic,prior_draw,29.0
rainbow,50111,4.694286345425084,5.4857185391964896,10,10,54,0,0.1764179215113803,synthetic,prior_draw,29.0
rainbow,50112,4.606923500815269,5.24841564980184,10,10,54,0,0.2792677316731142,synthetic,prior_draw,29.0
rainbow,50113,4.125564422876554,4.889734403660549,10,10,54,0,0.2647703171196935,synthetic,prior_draw,29.0
rainbow,50114,4.455120410341183,5.110727154842683,10,10,54,0,0.15675595548270913,synthetic,prior_draw,29.0
rainbow,50115,4.742805380628899,5.323428983879059,10,10,54,0,0.1727915619126213,synthetic,prior_draw,29.0
rainbow,50116,4.4267357754007515,5.209609856743812,10,10,54,0,0.0870506250448523,synthetic,prior_draw,29.0
rainbow,50117,5.033495480871244,5.649290201142084,10,10,54,0,0.15684204861730097,synthetic,prior_draw,29.0
rainbow,50118,4.652507723153761,5.379266997017772,10,10,54,0,0.14201115489993854,synthetic,prior_draw,29.0
rainbow,50119,4.426957406820672,5.079694385364636,10,9,54,0,0.17243677154372336,synthetic,prior_draw,29.0
rainbow,50120,4.813088893322542,5.449807664059928,10,10,54,0,0.20547162074242872,synthetic,prior_draw,29.0
rainbow,50121,4.516800329338245,5.226221159806911,10,10,54,0,0.16076374892182468,synthetic,prior_draw,29.0
rainbow,50122,4.6005530286174565,5.315784413365895,10,10,54,0,0.14827795679964112,synthetic,prior_draw,29.0
rainbow,50123,4.3409964872359295,5.040755643921266,10,10,54,0,0.12688448806825672,synthetic,prior_draw,29.0
rainbow,50124,4.891591496073787,5.494833167734267,10,10,54,0,0.10164878463930427,synthetic,prior_draw,29.0
rainbow,50125,4.517216365683614,5.124278810174973,10,9,54,0,0.18585330317191964,synthetic,prior_draw,29.0
rainbow,50126,4.66134604929914,5.312619186456572,10,10,54,0,0.1578201000452711,synthetic,prior_draw,29.0
rainbow,50127,4.596380124045974,5.198584691065953,10,9,54,0,0.13083139436396482,synthetic,prior_draw,29.0
rainbow,50128,4.603205859816897,5.267332309329985,10,10,54,0,0.15040716812833388,synthetic,prior_draw,29.0
rainbow,50129,4.387244381439745,5.077450960715458,9,9,55,0,0.13826482181848282,synthetic,prior_draw,29.0
rainbow,50130,4.220133446892483,4.874263336920463,10,10,54,0,0.12847789714074562,synthetic,prior_draw,29.0
rainbow,50131,4.578625663896295,5.20713598591613,10,10,54,0,0.1240705052168084,synthetic,prior_draw,29.0
rainbow,50132,4.346833684731422,4.991131020096623,10,10,54,0,0.17767113874410476,synthetic,prior_draw,29.0
rainbow,50133,4.604962353555588,5.3319537142266435,10,10,54,0,0.15918823081528435,synthetic,prior_draw,29.0
rainbow,50134,4.645283136137982,5.377526639802017,10,10,54,0,0.12300067639321868,synthetic,prior_draw,29.0
rainbow,50135,4.618981850525151,5.247228381871159,10,10,54,0,0.09510777998005523,synthetic,prior_draw,29.0
rainbow,50136,4.637562865270059,5.417041685261449,10,10,54,0,0.25179889451307025,synthetic,prior_draw,29.0
rainbow,50137,4.526315813208977,5.225694398025436,10,10,54,0,0.1289135870511583,synthetic,prior_draw,29.0
rainbow,50138,4.533670695678381,5.301862503557131,10,10,54,0,0.10793386192663774,synthetic,prior_draw,29.0
rainbow,50139,4.345871426961491,4.995136706535871,10,10,54,0,0.33397332500654847,synthetic,prior_draw,29.0
rainbow,50140,4.304720646141701,5.03317365120056,10,10,54,0,0.1344596156126833,synthetic,prior_draw,29.0
rainbow,50141,4.194744553965637,4.830116182310168,10,10,54,0,0.1669901912417095,synthetic,prior_draw,29.0
rainbow,50142,4.425375785300638,5.17232048021775,10,10,54,0,0.25067486853187343,synthetic,prior_draw,29.0
rainbow,50143,4.864323179730778,5.517803457580151,10,10,54,0,0.1830547496805355,synthetic,prior_draw,29.0
rainbow,50144,4.54235526048417,5.311227611817786,10,10,54,0,0.11307361466073963,synthetic,prior_draw,29.0
rainbow,50145,4.5842376917546215,5.3354178708521385,10,10,54,0,0.1326395033494732,synthetic,prior_draw,29.0
rainbow,50146,4.742520207810947,5.5051969344136635,10,10,54,0,0.18290699816549427,synthetic,prior_draw,29.0
rainbow,50147,4.581876122352737,5.3827762289998935,10,10,54,0,0.12859363931905968,synthetic,prior_draw,29.0
rainbow,50148,4.50049113651228,5.176212990354958,10,10,54,0,0.30897453298427824,synthetic,prior_draw,29.0
rainbow,50149,4.7381095694400885,5.356333693739046,10,10,54,0,0.07986420119483455,synthetic,prior_draw,29.0
rainbow,50150,4.631413757279354,5.243242165654247,10,10,54,0,0.16711392554473972,synthetic,prior_draw,29.0
rainbow,50151,4.590514941540527,5.353085404378419,10,10,54,0,0.11172822991766078,synthetic,prior_draw,29.0
rainbow,50152,4.78592870651605,5.412247845425962,10,10,54,0,0.16964111175765426,synthetic,prior_draw,29.0
rainbow,50153,4.7847755836495365,5.457333690392737,10,10,54,0,0.1323728034594786,synthetic,prior_draw,29.0
rainbow,50154,4.436163031770263,5.1305381237929275,10,10,54,0,0.13472443838612266,synthetic,prior_draw,29.0
rainbow,50155,4.453696442176431,5.1758490855399675,10,10,54,0,0.15726388005495567,synthetic,prior_draw,29.0
rainbow,50156,4.867436702117687,5.525457179055745,10,10,54,0,0.10810888076812222,synthetic,prior_draw,29.0
rainbow,50157,4.767113108565307,5.532699235479996,10,10,54,0,0.22240934150738703,synthetic,prior_draw,29.0
rainbow,50158,4.883294553140756,5.5082789903027285,10,10,54,0,0.10602636455071958,synthetic,prior_draw,29.0
rainbow,50159,4.485274388216019,5.213790680765603,10,10,54,0,0.2187664930678783,synthetic,prior_draw,29.0
rainbow,50160,4.614886317646918,5.367713517019285,10,10,54,0,0.14069573738012164,synthetic,prior_draw,29.0
rainbow,50161,4.752235327707866,5.425241968845899,10,10,54,0,0.1728854424280828,synthetic,prior_draw,29.0
rainbow,50162,4.458762976021341,5.1749695204307,10,10,54,0,0.21167129422148645,synthetic,prior_draw,29.0
rainbow,50163,4.818211374880495,5.548138463821435,10,10,54,0,0.12730660811884206,synthetic,prior_draw,29.0
rainbow,50164,4.469340727608473,5.231087610256512,10,10,54,0,0.20637312596907348,synthetic,prior_draw,29.0
rainbow,50165,4.80171534922322,5.438892518206492,10,10,54,0,0.144202403315884,synthetic,prior_draw,29.0
rainbow,50166,4.353227296868592,5.036376112691304,10,10,54,0,0.24701097414800008,synthetic,prior_draw,29.0
rainbow,50167,4.639172307735367,5.369583763104056,10,10,54,0,0.11759729992612027,synthetic,prior_draw,29.0
rainbow,50168,4.80764586463898,5.4657397281913225,10,10,54,0,0.24143207085184187,synthetic,prior_draw,29.0
rainbow,50169,4.5000875964453915,5.22704879975156,10,10,54,0,0.0940144267414437,synthetic,prior_draw,29.0
rainbow,50170,4.402598650683456,5.049113448106906,10,10,54,0,0.22097762194244838,synthetic,prior_draw,29.0
rainbow,50171,4.801133867883224,5.564859066054064,10,10,54,0,0.1806718793517702,synthetic,prior_draw,29.0
rainbow,50172,4.5655167978973585,5.290036860961774,10,10,54,0,0.19373779620985598,synthetic,prior_draw,29.0
rainbow,50173,4.789315064155744,5.455669845877043,10,10,54,0,0.10544582056432546,synthetic,prior_draw,29.0
rainbow,50174,4.924727508092771,5.658229836150881,10,9,54,0,0.11601378623540819,synthetic,prior_draw,29.0
rainbow,50175,3.8589084918800447,4.486418775252037,10,10,54,0,0.25970251529947697,synthetic,prior_draw,29.0
rainbow,50176,4.854567249208996,5.464954926107588,10,10,54,0,0.1829148447584939,synthetic,prior_draw,29.0
rainbow,50177,4.51270263741095,5.14885444403564,10,10,54,0,0.15568541196646762,synthetic,prior_draw,29.0
rainbow,50178,4.579492317461819,5.304991515173304,10,10,54,0,0.15359411296538614,synthetic,prior_draw,29.0
rainbow,50179,4.38370494756925,5.108147039435061,10,10,54,0,0.25048563878948404,synthetic,prior_draw,29.0
rainbow,50180,4.891004095581933,5.561280779940571,10,10,54,0,0.110536983112205,synthetic,prior_draw,29.0
rainbow,50181,4.9272447579848375,5.5700246717660535,10,10,54,0,0.14093689692745523,synthetic,prior_draw,29.0
rainbow,50182,4.355971805203244,5.063733861514813,10,10,54,0,0.14819205330812416,synthetic,prior_draw,29.0
rainbow,50183,4.469637549116382,5.2206425578296605,10,10,54,0,0.2207342659031046,synthetic,prior_draw,29.0
rainbow,50184,4.983954063578363,5.617957927337946,10,10,54,0,0.1481073343326775,synthetic,prior_draw,29.0
rainbow,50185,4.723753376804113,5.446965409116881,10,10,54,0,0.15703819507231437,synthetic,prior_draw,29.0
rainbow,50186,4.806340625179379,5.578122985143192,10,10,54,0,0.1986665698857429,synthetic,prior_draw,29.0
rainbow,50187,4.680494462280219,5.353453952075149,10,10,54,0,0.197963597261798,synthetic,prior_draw,29.0
rainbow,50188,4.765515231074066,5.425237912917162,10,10,54,0,0.11833382031899312,synthetic,prior_draw,29.0
rainbow,50189,4.152011892610107,4.7998273888223935,10,10,54,0,0.08823127385843639,synthetic,prior_draw,29.0
rainbow,50190,4.688861168811467,5.373853556174316,10,9,54,0,0.23589012194596462,synthetic,prior_draw,29.0
rainbow,50191,4.704371559173062,5.322017778357421,10,10,54,0,0.1909704246494508,synthetic,prior_draw,29.0
rainbow,50192,4.502868575617668,5.2653783798566725,10,10,54,0,0.16536316398210835,synthetic,prior_draw,29.0
rainbow,50193,4.4647513092978,5.242954549159801,10,10,54,0,0.19273250042338422,synthetic,prior_draw,29.0
rainbow,50194,4.839423220859462,5.578610488594913,10,10,54,0,0.18595387525831839,synthetic,prior_draw,29.0
rainbow,50195,4.933936610659425,5.603614226492628,10,10,54,0,0.16299915713056953,synthetic,prior_draw,29.0
rainbow,50196,4.5626024160548,5.22345388763175,10,10,54,0,0.10915587395763669,synthetic,prior_draw,29.0
rainbow,50197,4.654113467113582,5.331004704727631,10,10,54,0,0.15802873727252276,synthetic,prior_draw,29.0
rainbow,50198,4.414746477827387,5.136770909648377,10,10,54,0,0.19896929415499132,synthetic,prior_draw,29.0
rainbow,50199,4.80720494166896,5.436820122617433,10,9,54,0,0.18118244375835435,synthetic,prior_draw,29.0
rainbow,50200,4.948896814288487,5.622363047183234,10,10,54,0,0.2674612055660241,synthetic,prior_draw,29.0
rainbow,50201,4.894039046793466,5.5628673181986965,10,10,54,0,0.11810202879711611,synthetic,prior_draw,29.0
rainbow,50202,4.983578823288643,5.739155325594842,10,10,54,0,0.22209701461718964,synthetic,prior_draw,29.0
rainbow,50203,4.508337256777655,5.24253292752613,10,10,54,0,0.142982722533025,synthetic,prior_draw,29.0
rainbow,50204,4.829633840361292,5.477328237977273,10,10,54,0,0.14108789981243686,synthetic,prior_draw,29.0
rainbow,50205,4.463029466624831,5.129306164838493,10,10,54,0,0.14329154320710996,synthetic,prior_draw,29.0
rainbow,50206,4.686310193549693,5.377104558325907,10,10,54,0,0.10094162343447831,synthetic,prior_draw,29.0
rainbow,50207,4.84377136773583,5.471838661529552,10,10,54,0,0.1861789541167162,synthetic,prior_draw,29.0
rainbow,50208,4.555788337577021,5.283778233159342,10,10,54,0,0.13878589527622875,synthetic,prior_draw,29.0
rainbow,50209,4.521398107130768,5.117263685921973,10,10,54,0,0.16115254734040269,synthetic,prior_draw,29.0
rainbow,50210,4.712383324858915,5.404012754086974,10,10,54,0,0.26623196624157064,synthetic,prior_draw,29.0
rainbow,50211,4.5068041259787375,5.251205735148904,10,10,54,0,0.28252671057024303,synthetic,prior_draw,29.0
rainbow,50212,4.663237275027572,5.340188142599293,10,10,54,0,0.146858205181125,synthetic,prior_draw,29.0
rainbow,50213,4.727083165592653,5.314150779582451,10,10,54,0,0.16907442765817388,synthetic,prior_draw,29.0
rainbow,50214,4.813893306575712,5.406022154004269,10,10,54,0,0.07533080482462125,synthetic,prior_draw,29.0
rainbow,50215,4.371864011649006,5.119410963921511,10,10,54,0,0.14483613710477153,synthetic,prior_draw,29.0
rainbow,50216,5.180695332806476,5.847128063082204,10,10,54,0,0.10934455070041782,synthetic,prior_draw,29.0
rainbow,50217,4.321148141712194,4.939289484062925,10,10,54,0,0.1423741151127606,synthetic,prior_draw,29.0
rainbow,50218,4.8464201996574205,5.479630532750285,10,10,54,0,0.10281440502027528,synthetic,prior_draw,29.0
rainbow,50219,4.68796502595616,5.314514401052106,10,10,54,0,0.19989043313416485,synthetic,prior_draw,29.0
rainbow,50220,4.598291673513916,5.384738756011026,10,10,54,0,0.1898795731315516,synthetic,prior_draw,29.0
rainbow,50221,4.7590774037981305,5.4810534233250365,10,10,54,0,0.17657437301982923,synthetic,prior_draw,29.0
rainbow,50222,4.824607698106182,5.464031262751426,10,10,54,0,0.18997473224435327,synthetic,prior_draw,29.0
rainbow,50223,4.721599547433075,5.340244685811836,10,10,54,0,0.2577688231752125,synthetic,prior_draw,29.0
rainbow,50224,4.702390027224148,5.3578256389377295,10,10,54,0,0.22060131966477461,synthetic,prior_draw,29.0
rainbow,50225,4.273639786583111,4.954637873755285,9,9,55,0,0.2144507863478318,synthetic,prior_draw,29.0
rainbow,50226,4.367076928223828,5.144366023142387,10,10,54,0,0.17236773422883933,synthetic,prior_draw,29.0
rainbow,50227,4.692582676380155,5.419992620129351,10,10,54,0,0.118243361030816,synthetic,prior_draw,29.0
rainbow,50228,4.611081679129215,5.32168936992941,10,10,54,0,0.24259777203730265,synthetic,prior_draw,29.0
rainbow,50229,4.754290840083476,5.482907348905426,10,10,54,0,0.11308507132570238,synthetic,prior_draw,29.0
rainbow,50230,4.816965727135455,5.42491815537066,10,10,54,0,0.11724338285353417,synthetic,prior_draw,29.0
rainbow,50231,4.398490990158236,5.044381171397541,10,9,54,0,0.09275202258134502,synthetic,prior_draw,29.0
rainbow,50232,4.89844542441578,5.535101794972219,10,10,54,0,0.11755473538237558,synthetic,prior_draw,29.0
rainbow,50233,4.388828187012948,5.08809669984174,10,10,54,0,0.18522479335627254,synthetic,prior_draw,29.0
rainbow,50234,4.047732659484812,4.78668058143299,10,10,54,0,0.27420069723419077,synthetic,prior_draw,29.0
rainbow,50235,4.472294317747369,5.138040743614477,10,10,54,0,0.11947661348234366,synthetic,prior_draw,29.0
rainbow,50236,4.711912858595616,5.479386992697103,10,10,54,0,0.17853812799186403,synthetic,prior_draw,29.0
rainbow,50237,4.440426571463369,5.175494598505399,10,10,54,0,0.11113504042639002,synthetic,prior_draw,29.0
rainbow,50238,4.5901153063587214,5.3545310275226194,10,10,54,0,0.11162008591844709,synthetic,prior_draw,29.0
rainbow,50239,4.760616800312343,5.453881043360145,10,10,54,0,0.2797286731993491,synthetic,prior_draw,29.0
rainbow,50240,4.523136998311164,5.276968104386013,10,10,54,0,0.15426352229555665,synthetic,prior_draw,29.0
rainbow,50241,4.7716233332395435,5.506397307137886,10,10,54,0,0.18958277476503282,synthetic,prior_draw,29.0
rainbow,50242,4.696911223901808,5.319849948554677,10,10,54,0,0.20149615551075634,synthetic,prior_draw,29.0
rainbow,50243,4.647283626384273,5.2587290624675775,10,10,54,0,0.19606850600122758,synthetic,prior_draw,29.0
rainbow,50244,4.506498302290929,5.200244120768715,10,10,54,0,0.1924495352088548,synthetic,prior_draw,29.0
rainbow,50245,4.654045202083507,5.2657436047886526,10,10,54,0,0.30475327041981803,synthetic,prior_draw,29.0
rainbow,50246,4.603874358243734,5.3310709134958785,10,10,54,0,0.19640349733583992,synthetic,prior_draw,29.0
rainbow,50247,4.607520965705233,5.3928577861569975,10,10,54,0,0.16780396435990252,synthetic,prior_draw,29.0
rainbow,50248,4.700774528660164,5.401661355855987,10,9,54,0,0.24389206057726576,synthetic,prior_draw,29.0
rainbow,50249,4.739115864251592,5.40099727460529,10,10,54,0,0.19631034128537495,synthetic,prior_draw,29.0
rainbow,50250,4.287328146295885,4.982018791558588,10,10,54,0,0.12668739987757757,synthetic,prior_draw,29.0
rainbow,50251,4.798416042310836,5.453177391851369,10,10,54,0,0.135495379526745,synthetic,prior_draw,29.0
rainbow,50252,4.387649507179977,5.0061367363976625,10,10,54,0,0.3015474816666045,synthetic,prior_draw,29.0
rainbow,50253,4.6053278544167915,5.378818094890718,10,10,54,0,0.14046456900685905,synthetic,prior_draw,29.0
rainbow,50254,4.341463587188617,5.034244154768529,10,10,54,0,0.18408004413199902,synthetic,prior_draw,29.0
rainbow,50255,4.62622639092682,5.3275564522993815,10,10,54,0,0.14679066965714901,synthetic,prior_draw,29.0
rainbow,50256,4.327773797526034,5.052440055211856,9,9,55,0,0.2015355739927643,synthetic,prior_draw,29.0
rainbow,50257,4.450958702620342,5.191924412638674,10,10,54,0,0.0970626934529952,synthetic,prior_draw,29.0
rainbow,50258,4.509517719895237,5.122992512533895,10,10,54,0,0.10292845213456142,synthetic,prior_draw,29.0
rainbow,50259,4.9476759192872155,5.583403396735885,10,10,54,0,0.1610908596983335,synthetic,prior_draw,29.0
rainbow,50260,4.423935207988388,5.0562754840050275,10,10,54,0,0.21733066880723215,synthetic,prior_draw,29.0
rainbow,50261,4.776736065983428,5.540312608132482,10,10,54,0,0.14737044903704238,synthetic,prior_draw,29.0
rainbow,50262,4.2669375891157095,4.913432139471077,10,9,54,0,0.192687733907086,synthetic,prior_draw,29.0
rainbow,50263,4.724812299382283,5.34432144941511,10,10,54,0,0.195909358154081,synthetic,prior_draw,29.0
rainbow,50264,4.504417042036048,5.154024904244695,10,10,54,0,0.2050743379562258,synthetic,prior_draw,29.0
rainbow,50265,4.436375828612366,5.16329549143232,10,10,54,0,0.12675840716767905,synthetic,prior_draw,29.0
rainbow,50266,4.345407604021808,5.0388238136563075,10,10,54,0,0.18626927384537473,synthetic,prior_draw,29.0
rainbow,50267,4.524435582689392,5.162909838782438,10,10,54,0,0.23728922334836242,synthetic,prior_draw,29.0
rainbow,50268,4.4648538202088925,5.09071951020166,10,10,54,0,0.17246965044827592,synthetic,prior_draw,29.0
rainbow,50269,5.0554664285182,5.724529762532489,10,10,54,0,0.21099315147468864,synthetic,prior_draw,29.0
rainbow,50270,4.423392282898037,5.136244247680726,10,10,54,0,0.1749846192278476,synthetic,prior_draw,29.0
rainbow,50271,4.621043333344098,5.300957299528003,10,10,54,0,0.16902835920163528,synthetic,prior_draw,29.0
rainbow,50272,4.225504958420375,4.9397604191181745,10,10,54,0,0.2639442262268236,synthetic,prior_draw,29.0
rainbow,50273,4.707697037218173,5.333854713156115,10,10,54,0,0.10048917746337378,synthetic,prior_draw,29.0
rainbow,50274,4.495934155228206,5.208609266780208,10,10,54,0,0.12867174096059572,synthetic,prior_draw,29.0
rainbow,50275,4.651126222589849,5.393190023577237,10,10,54,0,0.1459761505022191,synthetic,prior_draw,29.0
rainbow,50276,4.730271100481955,5.534906382588496,10,10,54,0,0.21761354225475385,synthetic,prior_draw,29.0
rainbow,50277,4.632421583992012,5.245983356156302,10,10,54,0,0.17769813149209066,synthetic,prior_draw,29.0
rainbow,50278,4.290303453399445,5.009595768033461,10,10,54,0,0.1572693489866006,synthetic,prior_draw,29.0
rainbow,50279,4.740342058965461,5.434282962146149,10,10,54,0,0.2157426767367013,synthetic,prior_draw,29.0
rainbow,50280,4.580468799941575,5.327316373694116,10,10,54,0,0.21610068841425675,synthetic,prior_draw,29.0
rainbow,50281,4.665397538948814,5.365990944934907,10,10,54,0,0.14555181468211947,synthetic,prior_draw,29.0
rainbow,50282,4.482769765546684,5.174270854961459,10,10,54,0,0.126836855901145,synthetic,prior_draw,29.0
rainbow,50283,4.569735772153274,5.257689598019377,10,10,54,0,0.14985607817940477,synthetic,prior_draw,29.0
rainbow,50284,4.653412829208589,5.401024824645929,10,10,54,0,0.17063917472834542,synthetic,prior_draw,29.0
rainbow,50285,4.671104644679958,5.287044416872865,10,10,54,0,0.16839464431387544,synthetic,prior_draw,29.0
rainbow,50286,5.235671864512729,5.864504890854671,10,10,54,0,0.17491012187185995,synthetic,prior_draw,29.0
rainbow,50287,4.75880120359951,5.502073517890243,10,10,54,0,0.16083945761587673,synthetic,prior_draw,29.0
rainbow,50288,4.556044971019517,5.317502440380534,10,10,54,0,0.16476432526817206,synthetic,prior_draw,29.0
rainbow,50289,4.143266406356233,4.771291623525207,10,10,54,0,0.10820495144493382,synthetic,prior_draw,29.0
rainbow,50290,4.599793075101179,5.298406796435136,10,10,54,0,0.17719534206848134,synthetic,prior_draw,29.0
rainbow,50291,4.285674134094592,4.995092010588423,9,9,55,0,0.13914593718926013,synthetic,prior_draw,29.0
rainbow,50292,4.788573217426483,5.439793785786355,10,10,54,0,0.11381575375108839,synthetic,prior_draw,29.0
rainbow,50293,4.883717017930115,5.507502515685864,10,10,54,0,0.14351109581911958,synthetic,prior_draw,29.0
rainbow,50294,4.57704435617809,5.286886306491472,10,10,54,0,0.18849084437313535,synthetic,prior_draw,29.0
rainbow,50295,4.591733393201285,5.280468873439281,10,10,54,0,0.17022281700425865,synthetic,prior_draw,29.0
rainbow,50296,4.261741876065235,4.876402544616807,10,9,54,0,0.14772185360064846,synthetic,prior_draw,29.0
rainbow,50297,4.406625667055638,5.143546611949822,10,10,54,0,0.1645361611077448,synthetic,prior_draw,29.0
rainbow,50298,4.455914090913327,5.1571897552203785,10,10,54,0,0.16423310973422567,synthetic,prior_draw,29.0
rainbow,50299,4.681040464300672,5.431632932957333,10,10,54,0,0.18723140651566314,synthetic,prior_draw,29.0
rainbow,50300,4.686416182012347,5.463864045092032,10,10,54,0,0.14852509793261628,synthetic,prior_draw,29.0
rainbow,50301,4.782625507499455,5.457538522116203,10,10,54,0,0.0961988342389881,synthetic,prior_draw,29.0
rainbow,50302,4.396832612001663,5.116502174773892,10,10,54,0,0.1466022949752662,synthetic,prior_draw,29.0
rainbow,50303,5.007735061286982,5.649748159912247,10,10,54,0,0.16177029510606425,synthetic,prior_draw,29.0
rainbow,50304,4.587076264843861,5.195521126686681,10,10,54,0,0.1794754673845989,synthetic,prior_draw,29.0
rainbow,50305,4.6324946336784025,5.324884138154719,10,10,54,0,0.12973932862759077,synthetic,prior_draw,29.0
rainbow,50306,4.587695444138856,5.275726736058287,10,10,54,0,0.18464943585784516,synthetic,prior_draw,29.0
rainbow,50307,4.825518472267845,5.439185450472388,10,10,54,0,0.1512432498805567,synthetic,prior_draw,29.0
rainbow,50308,4.520101511200668,5.104121353532567,10,10,54,0,0.1889457778801354,synthetic,prior_draw,29.0
rainbow,50309,4.743059051241582,5.427289010549357,10,10,54,0,0.22279467161637967,synthetic,prior_draw,29.0
rainbow,50310,4.450669738778956,5.19215454487731,10,10,54,0,0.10869794553323986,synthetic,prior_draw,29.0
rainbow,50311,4.604074473525249,5.312547032745056,10,10,54,0,0.12988948374591214,synthetic,prior_draw,29.0
rainbow,50312,4.574050972974469,5.223080939373411,10,10,54,0,0.16345832300074645,synthetic,prior_draw,29.0
rainbow,50313,4.602345093505961,5.255625538953354,10,10,54,0,0.17142900154596813,synthetic,prior_draw,29.0
rainbow,50314,4.4975944823572584,5.227900728681826,10,10,54,0,0.13970200197064803,synthetic,prior_draw,29.0
rainbow,50315,4.713214753559469,5.327317107661595,10,10,54,0,0.14325295317358056,synthetic,prior_draw,29.0
rainbow,50316,4.444396206880143,5.159697021276764,10,10,54,0,0.2413046157901153,synthetic,prior_draw,29.0
rainbow,50317,4.48341796579785,5.180243357512506,10,10,54,0,0.28743625139264223,synthetic,prior_draw,29.0
rainbow,50318,4.886538858911588,5.501623097748734,10,10,54,0,0.12200254309322144,synthetic,prior_draw,29.0
rainbow,50319,4.5444575039536765,5.316990574843843,10,10,54,0,0.14969311830284615,synthetic,prior_draw,29.0
rainbow,50320,4.889454176449998,5.54944817892297,10,10,54,0,0.11371975316640755,synthetic,prior_draw,29.0
rainbow,50321,4.377198502793811,5.032191966814478,10,10,54,0,0.07060155055134168,synthetic,prior_draw,29.0
rainbow,50322,4.859958567255465,5.450104379321854,10,10,54,0,0.16631453701553273,synthetic,prior_draw,29.0
rainbow,50323,4.498962293297978,5.174927004735802,10,10,54,0,0.3414799252582055,synthetic,prior_draw,29.0
rainbow,50324,4.35989418819443,5.064857055071242,10,10,54,0,0.14938765672186652,synthetic,prior_draw,29.0
rainbow,50325,4.048209511559339,4.700126918969934,10,10,54,0,0.15738816859908636,synthetic,prior_draw,29.0
rainbow,50326,4.652936303028577,5.308808743501278,10,10,54,0,0.2375188814481211,synthetic,prior_draw,29.0
rainbow,50327,4.429468476908384,5.166089508776208,10,10,54,0,0.11713046369435251,synthetic,prior_draw,29.0
rainbow,50328,4.6450773961823675,5.379391728623769,10,10,54,0,0.15869453080238166,synthetic,prior_draw,29.0
rainbow,50329,4.6846884405466795,5.405927490120421,10,10,54,0,0.2176562092072559,synthetic,prior_draw,29.0
rainbow,50330,4.427981482157764,5.180023707330544,10,10,54,0,0.18629587218107932,synthetic,prior_draw,29.0
rainbow,50331,4.392303233295386,5.123313584926845,10,10,54,0,0.08930030349065232,synthetic,prior_draw,29.0
rainbow,50332,4.574590042092061,5.189981368817201,10,10,54,0,0.1191000472991203,synthetic,prior_draw,29.0
rainbow,50333,4.684179513269713,5.326712380794975,10,10,54,0,0.1589143016286439,synthetic,prior_draw,29.0
rainbow,50334,4.948535652065847,5.707338670190962,10,10,54,0,0.14671574240249355,synthetic,prior_draw,29.0
rainbow,50335,4.609708962860474,5.260976182103464,10,9,54,0,0.13969001600148515,synthetic,prior_draw,29.0
rainbow,50336,4.38801326566141,5.073581446511321,10,10,54,0,0.10922014244668994,synthetic,prior_draw,29.0
rainbow,50337,4.795222162658914,5.505160271801777,10,9,54,0,0.18941733559485122,synthetic,prior_draw,29.0
rainbow,50338,4.590584083974995,5.3578467556884535,10,10,54,0,0.2974980924770166,synthetic,prior_draw,29.0
rainbow,50339,4.5708502984897095,5.281375669649604,10,10,54,0,0.15799196990763348,synthetic,prior_draw,29.0
rainbow,50340,4.6758977626670974,5.398459302724236,10,10,54,0,0.12655240681128055,synthetic,prior_draw,29.0
rainbow,50341,4.492912717732103,5.0816413437301415,10,10,54,0,0.06976177631847916,synthetic,prior_draw,29.0
rainbow,50342,4.5652302433078,5.28798624974106,10,10,54,0,0.2127228775692881,synthetic,prior_draw,29.0
rainbow,50343,4.774569387315615,5.414488060144707,10,10,54,0,0.0986917259631441,synthetic,prior_draw,29.0
rainbow,50344,4.680066984838388,5.422956163709938,10,10,54,0,0.1708352033216882,synthetic,prior_draw,29.0
rainbow,50345,4.508727069163442,5.239843200250674,10,10,54,0,0.2524903936810699,synthetic,prior_draw,29.0
rainbow,50346,4.3893155661626455,5.082834583402751,10,10,54,0,0.12199732593068807,synthetic,prior_draw,29.0
rainbow,50347,4.596709130132772,5.282212263896024,10,10,54,0,0.15086866725959536,synthetic,prior_draw,29.0
rainbow,50348,4.611389060646489,5.350023616717198,10,10,54,0,0.16423682844241344,synthetic,prior_draw,29.0
rainbow,50349,4.723688897800809,5.443539314409572,10,10,54,0,0.1584294099925028,synthetic,prior_draw,29.0
rainbow,50350,4.805502844672988,5.436066274553417,10,10,54,0,0.1513862793388677,synthetic,prior_draw,29.0
rainbow,50351,4.539876323234115,5.224722607840136,10,10,54,0,0.16305975874297815,synthetic,prior_draw,29.0
rainbow,50352,4.380590519510848,5.106461514954065,10,10,54,0,0.13304498237280418,synthetic,prior_draw,29.0
rainbow,50353,4.523319486454194,5.202545636739392,10,10,54,0,0.13470881190817122,synthetic,prior_draw,29.0
rainbow,50354,4.600174666969231,5.336039777651919,10,10,54,0,0.21024401010044838,synthetic,prior_draw,29.0
rainbow,50355,4.693376263050932,5.4422501957963645,10,10,54,0,0.21766632895544058,synthetic,prior_draw,29.0
rainbow,50356,4.5235327915772015,5.259502327531692,10,10,54,0,0.2083157087983278,synthetic,prior_draw,29.0
rainbow,50357,4.72425014889179,5.469878989806212,10,10,54,0,0.16132208577078902,synthetic,prior_draw,29.0
rainbow,50358,4.469988705205823,5.218467557364595,10,10,54,0,0.1408889844003629,synthetic,prior_draw,29.0
rainbow,50359,4.739664061001376,5.344005670717274,10,10,54,0,0.13914996192604204,synthetic,prior_draw,29.0
rainbow,50360,4.385763555792667,5.078051046053065,10,10,54,0,0.17681786210203326,synthetic,prior_draw,29.0
rainbow,50361,4.910153690827034,5.576139917444511,10,10,54,0,0.17012592287882505,synthetic,prior_draw,29.0
rainbow,50362,4.443298005398258,5.149446975747983,10,10,54,0,0.14444027119088718,synthetic,prior_draw,29.0
rainbow,50363,4.33483447427656,5.072066924018183,10,10,54,0,0.17338626353293773,synthetic,prior_draw,29.0
rainbow,50364,4.548393492912929,5.129116692359248,10,10,54,0,0.2063890798162951,synthetic,prior_draw,29.0
rainbow,50365,4.505826814340784,5.1821097791076,10,10,54,0,0.15695519237090624,synthetic,prior_draw,29.0
rainbow,50366,4.51766113175927,5.290426884482431,10,10,54,0,0.1184796212855128,synthetic,prior_draw,29.0
rainbow,50367,4.790713119618491,5.516450000110139,10,10,54,0,0.14632133651851492,synthetic,prior_draw,29.0
rainbow,50368,4.888057462387346,5.585311421440898,10,10,54,0,0.12775742228601789,synthetic,prior_draw,29.0
rainbow,50369,4.6578985740528545,5.404401042659076,10,10,54,0,0.23557201644954512,synthetic,prior_draw,29.0
rainbow,50370,5.17560423018278,5.793428021858268,10,9,54,0,0.12384516635793084,synthetic,prior_draw,29.0
rainbow,50371,4.627331169323538,5.388033503028412,10,10,54,0,0.21342605908741497,synthetic,prior_draw,29.0
rainbow,50372,4.470800179213887,5.194629504939582,10,10,54,0,0.20081327793473738,synthetic,prior_draw,29.0
rainbow,50373,4.765284776163122,5.377235785328463,10,10,54,0,0.11536406029528024,synthetic,prior_draw,29.0
rainbow,50374,4.619423861938002,5.299320390390988,10,10,54,0,0.1430660931487825,synthetic,prior_draw,29.0
rainbow,50375,4.404221460256945,5.150562189831221,10,9,54,0,0.16544781080704352,synthetic,prior_draw,29.0
rainbow,50376,4.585772659436833,5.33713217431499,10,10,54,0,0.18701370795016087,synthetic,prior_draw,29.0
rainbow,50377,5.121014706484855,5.73930606401615,10,10,54,0,0.2028530597870581,synthetic,prior_draw,29.0
rainbow,50378,4.967648843869866,5.644988827458411,10,10,54,0,0.1658642992706052,synthetic,prior_draw,29.0
rainbow,50379,5.059897573485263,5.669345365575686,10,10,54,0,0.16142908850684481,synthetic,prior_draw,29.0
rainbow,50380,4.774233687972018,5.3891372797090344,10,10,54,0,0.16063101573716423,synthetic,prior_draw,29.0
rainbow,50381,4.593701228756626,5.248343446926261,10,10,54,0,0.20863283789186793,synthetic,prior_draw,29.0
rainbow,50382,4.578862549268357,5.2483046144017855,10,10,54,0,0.23706744404845528,synthetic,prior_draw,29.0
rainbow,50383,4.649027985824436,5.353370900609969,10,10,54,0,0.20008729329944444,synthetic,prior_draw,29.0
rainbow,50384,4.659488125705731,5.2760047344573735,10,10,54,0,0.1632230656745949,synthetic,prior_draw,29.0
rainbow,50385,4.824187065025869,5.493329084510545,10,10,54,0,0.14787514132836313,synthetic,prior_draw,29.0
rainbow,50386,4.612885782999618,5.231198161085328,10,10,54,0,0.07628636555382254,synthetic,prior_draw,29.0
rainbow,50387,4.5553841790318685,5.218011011354883,10,10,54,0,0.09009562747776571,synthetic,prior_draw,29.0
rainbow,50388,4.807591829804292,5.438560506427707,10,10,54,0,0.10769287813682805,synthetic,prior_draw,29.0
rainbow,50389,4.589394408664564,5.305546517563737,10,10,54,0,0.2354108984369044,synthetic,prior_draw,29.0
rainbow,50390,4.981390196102633,5.655957958874398,10,10,54,0,0.2975817044075886,synthetic,prior_draw,29.0
rainbow,50391,4.602406300395181,5.369944964362289,10,10,54,0,0.3131376227068072,synthetic,prior_draw,29.0
rainbow,50392,4.688338942393411,5.3704097617991255,10,10,54,0,0.13831762536004852,synthetic,prior_draw,29.0
rainbow,50393,4.336417827266794,5.089634014102978,10,10,54,0,0.152369534449268,synthetic,prior_draw,29.0
rainbow,50394,4.554782875159282,5.180208604969533,10,10,54,0,0.15843060290988453,synthetic,prior_draw,29.0
rainbow,50395,4.612414428493989,5.350707770279942,10,10,54,0,0.15254942264480342,synthetic,prior_draw,29.0
rainbow,50396,4.684421792701195,5.446556363503846,10,10,54,0,0.14001609784258268,synthetic,prior_draw,29.0
rainbow,50397,4.55223841260285,5.264891934270651,10,10,54,0,0.1339056889707174,synthetic,prior_draw,29.0
rainbow,50398,4.701262480110825,5.344110484683054,10,10,54,0,0.2174053549594394,synthetic,prior_draw,29.0
rainbow,50399,4.492866178646293,5.244890711864547,10,10,54,0,0.23075899979921982,synthetic,prior_draw,29.0
rainbow,50400,4.866296651954472,5.501936370019704,10,10,54,0,0.14795656115140093,synthetic,prior_draw,29.0
rainbow,50401,4.351940595791676,5.042932843368243,10,10,54,0,0.1170122869745615,synthetic,prior_draw,29.0
rainbow,50402,4.74095379417933,5.437600064031862,10,10,54,0,0.15245156781593994,synthetic,prior_draw,29.0
rainbow,50403,4.604290606874034,5.282555968885056,10,10,54,0,0.09817442173840828,synthetic,prior_draw,29.0
rainbow,50404,4.730610601174538,5.437106316644464,10,9,54,0,0.14024320173530558,synthetic,prior_draw,29.0
rainbow,50405,4.702721967119371,5.360901893558308,10,10,54,0,0.17302604233000177,synthetic,prior_draw,29.0
rainbow,50406,4.718314161972574,5.421166551215445,10,10,54,0,0.13869173011675295,synthetic,prior_draw,29.0
rainbow,50407,4.693661608358285,5.322299843651363,10,10,54,0,0.12575436458793426,synthetic,prior_draw,29.0
rainbow,50408,4.634107899856986,5.436333338060789,10,10,54,0,0.14505720290537186,synthetic,prior_draw,29.0
rainbow,50409,4.555033981659291,5.16788889881655,10,10,54,0,0.28811056738736296,synthetic,prior_draw,29.0
rainbow,50410,4.431976680173183,5.017976989660264,10,10,54,0,0.19093373450520282,synthetic,prior_draw,29.0
rainbow,50411,4.381852027445248,5.11626161690886,10,10,54,0,0.17188660777717008,synthetic,prior_draw,29.0
rainbow,50412,4.500100418927555,5.186022944109974,10,10,54,0,0.1476322648470857,synthetic,prior_draw,29.0
rainbow,50413,4.402103759100358,5.0905722488100205,10,10,54,0,0.19314959140090066,synthetic,prior_draw,29.0
rainbow,50414,4.639608685109407,5.414530707890044,10,10,54,0,0.1542442168345435,synthetic,prior_draw,29.0
rainbow,50415,4.450019874628456,5.186830010173597,10,10,54,0,0.14464022417547215,synthetic,prior_draw,29.0
rainbow,50416,4.435711180754534,5.192998604834524,10,10,54,0,0.14602812114011546,synthetic,prior_draw,29.0
rainbow,50417,4.496548929239671,5.229121794948107,10,10,54,0,0.13425385527201225,synthetic,prior_draw,29.0
rainbow,50418,4.518597449862331,5.095378275071235,10,10,54,0,0.17268637102349996,synthetic,prior_draw,29.0
rainbow,50419,4.943562456447149,5.631259586209981,10,10,54,0,0.10534901495066483,synthetic,prior_draw,29.0
rainbow,50420,4.404735851889086,5.029832482929537,10,10,54,0,0.1939545200108115,synthetic,prior_draw,29.0
rainbow,50421,4.421130725012907,5.164122387200274,10,10,54,0,0.2673176607895553,synthetic,prior_draw,29.0
rainbow,50422,4.697422877459351,5.342538081210737,10,10,54,0,0.1278478897317019,synthetic,prior_draw,29.0
rainbow,50423,4.647059240887617,5.331726742605247,10,10,54,0,0.17773864665737782,synthetic,prior_draw,29.0
rainbow,50424,4.541500039403603,5.248676496853737,10,10,54,0,0.11974045002013162,synthetic,prior_draw,29.0
rainbow,50425,4.9226803092824305,5.699211948549195,10,10,54,0,0.18120724943669156,synthetic,prior_draw,29.0
rainbow,50426,4.611262325649919,5.346811202274484,10,10,54,0,0.16703480452742978,synthetic,prior_draw,29.0
rainbow,50427,4.525178015940371,5.265482914491788,10,10,54,0,0.09484701415109038,synthetic,prior_draw,29.0
rainbow,50428,4.692552908726712,5.391966972325659,10,10,54,0,0.13983145061885996,synthetic,prior_draw,29.0
rainbow,50429,4.54615995467322,5.278484456438311,10,10,54,0,0.1707235835830567,synthetic,prior_draw,29.0
rainbow,50430,4.709275488726964,5.372296760491307,10,9,54,0,0.19291221659753147,synthetic,prior_draw,29.0
rainbow,50431,4.382596533807531,5.0390451861978205,10,10,54,0,0.15696320237785685,synthetic,prior_draw,29.0
rainbow,50432,4.42410810182397,5.091180155281928,10,9,54,0,0.1997753563656538,synthetic,prior_draw,29.0
rainbow,50433,4.4766913780552695,5.238326417675425,10,10,54,0,0.15357650192839525,synthetic,prior_draw,29.0
rainbow,50434,4.606377726472955,5.400369653711347,10,10,54,0,0.15799180695243079,synthetic,prior_draw,29.0
rainbow,50435,4.611771320829416,5.295903436257639,10,10,54,0,0.1253804846417673,synthetic,prior_draw,29.0
rainbow,50436,4.503689350698459,5.256999677301971,10,10,54,0,0.10998396308329164,synthetic,prior_draw,29.0
rainbow,50437,4.782999325982182,5.37513804409801,10,10,54,0,0.18166414191178326,synthetic,prior_draw,29.0
rainbow,50438,4.5949748462916205,5.295367098181713,10,10,54,0,0.23245846815717103,synthetic,prior_draw,29.0
rainbow,50439,4.592105198787053,5.276767092510592,10,10,54,0,0.1303894717235841,synthetic,prior_draw,29.0
rainbow,50440,4.586221965182362,5.362469471725662,10,10,54,0,0.1563000407422917,synthetic,prior_draw,29.0
rainbow,50441,4.628210387882833,5.4025472182089835,10,10,54,0,0.1544749236095369,synthetic,prior_draw,29.0
rainbow,50442,4.74949817466602,5.474374160514184,10,10,54,0,0.14263806099861376,synthetic,prior_draw,29.0
rainbow,50443,4.844424896590545,5.500173690314963,10,10,54,0,0.11803596533352342,synthetic,prior_draw,29.0
rainbow,50444,4.575944792849917,5.311530556854355,10,10,54,0,0.1540065665876582,synthetic,prior_draw,29.0
rainbow,50445,4.640749760240563,5.326207004748317,10,9,54,0,0.15508383331745879,synthetic,prior_draw,29.0
rainbow,50446,4.504858861569313,5.25334616748118,10,10,54,0,0.23070864723883847,synthetic,prior_draw,29.0
rainbow,50447,4.414513239385877,5.154773757826585,10,10,54,0,0.1650576954199117,synthetic,prior_draw,29.0
rainbow,50448,4.548544053622754,5.179216616537418,10,10,54,0,0.10729265760723512,synthetic,prior_draw,29.0
rainbow,50449,4.793730855617027,5.410605956728699,10,10,54,0,0.1851024044409589,synthetic,prior_draw,29.0
rainbow,50450,4.372550888392504,5.024796266073269,10,9,54,0,0.23046685198555106,synthetic,prior_draw,29.0
rainbow,50451,4.6102501181914475,5.317149485882282,10,10,54,0,0.2505791583004647,synthetic,prior_draw,29.0
rainbow,50452,4.606956079415695,5.251582131542068,10,10,54,0,0.20055413941932915,synthetic,prior_draw,29.0
rainbow,50453,4.4448498814829644,5.139602248903067,10,10,54,0,0.10009758430941929,synthetic,prior_draw,29.0
rainbow,50454,4.092032601075152,4.729192388862237,10,10,46,0,0.14288299891125356,synthetic,prior_draw,29.0
rainbow,50455,4.70031753355167,5.315502837231176,10,10,54,0,0.1423237848300469,synthetic,prior_draw,29.0
rainbow,50456,4.790850939823214,5.442638564769852,10,10,54,0,0.18552487829906672,synthetic,prior_draw,29.0
rainbow,50457,4.886329048844611,5.571363803270027,10,10,54,0,0.14591656829879993,synthetic,prior_draw,29.0
rainbow,50458,4.532040745168794,5.286351813294962,10,10,54,0,0.1145801375488237,synthetic,prior_draw,29.0
rainbow,50459,4.858525894387097,5.468732263450066,10,10,54,0,0.1807216022838302,synthetic,prior_draw,29.0
rainbow,50460,4.328113136836559,4.968553501948597,9,9,55,0,0.20565297388294404,synthetic,prior_draw,29.0
rainbow,50461,4.608954584801132,5.307228161891144,10,10,54,0,0.14257740754913734,synthetic,prior_draw,29.0
rainbow,50462,4.839147230250017,5.534414608918391,10,10,54,0,0.17731479284567556,synthetic,prior_draw,29.0
rainbow,50463,4.640033680777346,5.289568215911766,10,10,54,0,0.1748041574263356,synthetic,prior_draw,29.0
rainbow,50464,4.48275368212932,5.1132833724906375,10,10,54,0,0.24347654547686018,synthetic,prior_draw,29.0
rainbow,50465,4.734957048214509,5.396410119965621,10,10,54,0,0.23387821710308174,synthetic,prior_draw,29.0
rainbow,50466,4.262969558774852,4.928882482691057,10,10,54,0,0.16786890594368994,synthetic,prior_draw,29.0
rainbow,50467,4.530425742370569,5.209320787156078,10,10,54,0,0.11841928219254419,synthetic,prior_draw,29.0
rainbow,50468,4.309063914488148,5.038809142492848,10,10,54,0,0.08553890561851935,synthetic,prior_draw,29.0
rainbow,50469,4.315346766551596,5.037974212733638,10,10,54,0,0.16402255822897882,synthetic,prior_draw,29.0
rainbow,50470,4.560817539933625,5.304866350208255,10,10,54,0,0.2075464012116906,synthetic,prior_draw,29.0
rainbow,50471,4.728833674673802,5.486146926755884,10,10,54,0,0.1433602489184928,synthetic,prior_draw,29.0
rainbow,50472,4.615144670833431,5.195773101070343,10,10,54,0,0.10925559438179971,synthetic,prior_draw,29.0
rainbow,50473,4.466128551586282,5.117292817037112,10,10,54,0,0.12878230537295332,synthetic,prior_draw,29.0
rainbow,50474,4.545703554960051,5.150818855281537,10,10,54,0,0.2165598667424234,synthetic,prior_draw,29.0
rainbow,50475,4.577248408985761,5.2298340265367615,10,10,54,0,0.21306724384375164,synthetic,prior_draw,29.0
rainbow,50476,4.539165884134863,5.302253365396931,10,10,54,0,0.1458181267688983,synthetic,prior_draw,29.0
rainbow,50477,4.766633002394273,5.390282059768166,10,10,54,0,0.097229242035543,synthetic,prior_draw,29.0
rainbow,50478,4.605372304558207,5.334115492626163,10,9,54,0,0.22298316990287917,synthetic,prior_draw,29.0
rainbow,50479,4.478522779035074,5.213287902476053,10,10,54,0,0.1321546200426357,synthetic,prior_draw,29.0
rainbow,50480,5.050199965617661,5.735458892443209,10,10,54,0,0.1711911409670111,synthetic,prior_draw,29.0
rainbow,50481,4.728890208925587,5.409241632151948,10,10,54,0,0.18671094375722902,synthetic,prior_draw,29.0
rainbow,50482,4.712892956353198,5.408567308300412,10,10,54,0,0.24265428183686794,synthetic,prior_draw,29.0
rainbow,50483,4.46710572092641,5.148655370973436,10,10,54,0,0.17767133258661044,synthetic,prior_draw,29.0
rainbow,50484,4.224194508901483,4.840803124609031,10,10,54,0,0.2019071670711291,synthetic,prior_draw,29.0
rainbow,50485,4.59195533749556,5.228556025824551,10,10,54,0,0.154371839678848,synthetic,prior_draw,29.0
rainbow,50486,4.875994970043169,5.635968222058788,10,10,54,0,0.16131334614979412,synthetic,prior_draw,29.0
rainbow,50487,4.762155786648332,5.364191592098907,10,10,54,0,0.19991866503339492,synthetic,prior_draw,29.0
rainbow,50488,4.612912496169497,5.374824173166582,10,10,54,0,0.17124980754006547,synthetic,prior_draw,29.0
rainbow,50489,4.676721452758983,5.399881458591938,10,10,54,0,0.11838801254427114,synthetic,prior_draw,29.0
rainbow,50490,4.518767873952327,5.221063277564528,10,10,54,0,0.12064137679767137,synthetic,prior_draw,29.0
rainbow,50491,4.73075781112451,5.348480658556421,10,10,54,0,0.2344468149465238,synthetic,prior_draw,29.0
rainbow,50492,4.555163536161719,5.246343322082019,10,10,54,0,0.2123110425657053,synthetic,prior_draw,29.0
rainbow,50493,4.646551465496038,5.345344552076841,10,10,54,0,0.211485275694225,synthetic,prior_draw,29.0
rainbow,50494,4.435678168308118,5.125629587590598,10,10,54,0,0.1182351942726618,synthetic,prior_draw,29.0
rainbow,50495,5.24812098353151,5.889713188035112,10,10,54,0,0.19530313713081612,synthetic,prior_draw,29.0
rainbow,50496,4.76900536279964,5.4980781389983635,10,10,54,0,0.2500155919728346,synthetic,prior_draw,29.0
rainbow,50497,4.696455614306533,5.403046495135502,10,10,54,0,0.20531298084070468,synthetic,prior_draw,29.0
rainbow,50498,4.687583782272628,5.4153225785394135,10,10,54,0,0.10811115135904065,synthetic,prior_draw,29.0
rainbow,50499,4.828526493421564,5.620508922277731,10,10,54,0,0.22442248663654416,synthetic,prior_draw,29.0
rainbow,50500,5.283783829943183,5.97346796733013,10,10,54,0,0.14033767183141715,synthetic,prior_draw,29.0
rainbow,50501,4.933905987485721,5.5556580606696455,10,10,54,0,0.08771323452551065,synthetic,prior_draw,29.0
rainbow,50502,4.602500956633095,5.285558782359024,10,10,54,0,0.11811389669479998,synthetic,prior_draw,29.0
rainbow,50503,4.740697647727299,5.461484964040013,10,10,54,0,0.1588568726419428,synthetic,prior_draw,29.0
rainbow,50504,4.425764298259943,5.130528172904209,10,10,54,0,0.1437537352814723,synthetic,prior_draw,29.0
rainbow,50505,4.49849359366613,5.237325318948421,10,10,54,0,0.12006809416861311,synthetic,prior_draw,29.0
rainbow,50506,4.709726978908189,5.371996808287942,10,10,54,0,0.22335830109531643,synthetic,prior_draw,29.0
rainbow,50507,4.800555931866817,5.4630778302214456,10,10,54,0,0.14272296922471278,synthetic,prior_draw,29.0
rainbow,50508,4.385710380967028,5.023661538024894,10,10,54,0,0.16333476415644257,synthetic,prior_draw,29.0
rainbow,50509,4.084551093294223,4.794626664055211,10,9,54,0,0.1966703621527917,synthetic,prior_draw,29.0
rainbow,50510,4.628182432837178,5.312804422066028,10,10,54,0,0.17476454540875105,synthetic,prior_draw,29.0
rainbow,50511,4.687837508398296,5.44953407656896,10,10,54,0,0.20174794033248158,synthetic,prior_draw,29.0
rainbow,50512,4.842589806290543,5.478395122056876,10,10,54,0,0.15429500840168253,synthetic,prior_draw,29.0
rainbow,50513,4.5001305269910965,5.280129989713739,10,10,54,0,0.23703187436462284,synthetic,prior_draw,29.0
rainbow,50514,4.7116519266836105,5.344285794563843,10,10,54,0,0.1485234822692455,synthetic,prior_draw,29.0
rainbow,50515,4.553174713117203,5.202907998372394,10,10,54,0,0.1053284307637826,synthetic,prior_draw,29.0
rainbow,50516,4.654822968485036,5.298893508216449,10,10,54,0,0.13274555977613214,synthetic,prior_draw,29.0
rainbow,50517,4.887109926103982,5.548857388096094,10,10,54,0,0.17800504665341138,synthetic,prior_draw,29.0
rainbow,50518,4.651502495317133,5.353586881413831,10,10,54,0,0.19985175480670742,synthetic,prior_draw,29.0
rainbow,50519,4.9343844283348295,5.570012525135186,10,10,54,0,0.144594175858553,synthetic,prior_draw,29.0
rainbow,50520,4.72654346933238,5.32202338660672,10,10,54,0,0.13614237711261654,synthetic,prior_draw,29.0
rainbow,50521,4.519819867706323,5.245765299246082,10,10,54,0,0.15442963153530176,synthetic,prior_draw,29.0
rainbow,50522,4.5096732670072885,5.277530530739311,10,10,54,0,0.15793258269659635,synthetic,prior_draw,29.0
rainbow,50523,4.3437533049268495,5.006890304005285,10,10,54,0,0.12871795598694205,synthetic,prior_draw,29.0
rainbow,50524,4.884334613698459,5.539938890689799,10,10,54,0,0.18505863398950603,synthetic,prior_draw,29.0
rainbow,50525,4.62910546437564,5.262437235573744,10,10,54,0,0.11608217426345356,synthetic,prior_draw,29.0
rainbow,50526,4.212498415543125,4.844787513581953,10,10,54,0,0.23566693486364454,synthetic,prior_draw,29.0
rainbow,50527,4.690252056435359,5.362204038098036,10,10,54,0,0.13705052280274008,synthetic,prior_draw,29.0
rainbow,50528,4.6626690363706835,5.377998866618571,10,10,54,0,0.09328046262474578,synthetic,prior_draw,29.0
rainbow,50529,4.557202680365222,5.2786831958921585,10,10,54,0,0.13908632915450445,synthetic,prior_draw,29.0
rainbow,50530,4.574068829557168,5.34672964542071,10,10,54,0,0.15286787284615455,synthetic,prior_draw,29.0
rainbow,50531,4.560530232890259,5.213162484751267,10,9,54,0,0.1292271262038736,synthetic,prior_draw,29.0
rainbow,50532,4.629790254442972,5.269826339904014,10,10,54,0,0.19317895005417016,synthetic,prior_draw,29.0
rainbow,50533,4.294091545062585,4.92392376187184,10,10,54,0,0.12265531898557926,synthetic,prior_draw,29.0
rainbow,50534,4.616067511679038,5.344468437264542,10,10,54,0,0.15279983389030183,synthetic,prior_draw,29.0
rainbow,50535,4.633402424425623,5.347981139928318,10,9,54,0,0.1800262531554485,synthetic,prior_draw,29.0
rainbow,50536,3.948156807297986,4.5930971511527385,10,10,54,0,0.1686109283672364,synthetic,prior_draw,29.0
rainbow,50537,4.528060055603415,5.228971075950541,10,10,54,0,0.14475666914994167,synthetic,prior_draw,29.0
rainbow,50538,4.425589016448834,5.157292237413138,10,10,54,0,0.22807415647832022,synthetic,prior_draw,29.0
rainbow,50539,4.683822699593545,5.321462054136397,10,10,54,0,0.1728239944958814,synthetic,prior_draw,29.0
rainbow,50540,4.796579964314432,5.417534907104577,10,10,54,0,0.23262396532752946,synthetic,prior_draw,29.0
rainbow,50541,4.435766491377531,5.0604216350095985,10,10,54,0,0.14209012537673,synthetic,prior_draw,29.0
rainbow,50542,4.576663310093782,5.346639521011937,10,10,54,0,0.1983336453529854,synthetic,prior_draw,29.0
rainbow,50543,4.7994308743115175,5.488976434947948,10,10,54,0,0.2801999524019095,synthetic,prior_draw,29.0
rainbow,50544,4.598866804917428,5.290188599401118,10,10,54,0,0.15521671427534528,synthetic,prior_draw,29.0
rainbow,50545,4.718165236616005,5.301064717162877,10,10,54,0,0.1560251975367086,synthetic,prior_draw,29.0
rainbow,50546,4.605432789411336,5.346812266538196,10,10,54,0,0.19324324574565147,synthetic,prior_draw,29.0
rainbow,50547,4.761339348023435,5.4026277418406226,10,10,54,0,0.10016095197990887,synthetic,prior_draw,29.0
rainbow,50548,4.594729325384098,5.243981613310887,10,9,54,0,0.18645856719233828,synthetic,prior_draw,29.0
rainbow,50549,4.554450133633232,5.186091143906722,10,10,54,0,0.18705837580179285,synthetic,prior_draw,29.0
rainbow,50550,4.836365916680164,5.471528004673569,10,10,54,0,0.12799896495700744,synthetic,prior_draw,29.0
rainbow,50551,4.828765695237307,5.575208669295196,10,10,54,0,0.1266599039231282,synthetic,prior_draw,29.0
rainbow,50552,4.6021401927503724,5.279346780652508,10,10,54,0,0.16041512870598418,synthetic,prior_draw,29.0
rainbow,50553,4.749063972724513,5.512323062907625,10,10,54,0,0.22847177965105492,synthetic,prior_draw,29.0
rainbow,50554,4.762623867863173,5.431073730876797,10,10,54,0,0.08952340934929091,synthetic,prior_draw,29.0
rainbow,50555,4.538582567382528,5.304904071912006,10,10,54,0,0.2446164351975323,synthetic,prior_draw,29.0
rainbow,50556,4.0252043260537045,4.695583193198225,10,9,54,0,0.1813312629563592,synthetic,prior_draw,29.0
rainbow,50557,4.638038274421097,5.329884673449614,10,10,54,0,0.11662407594929214,synthetic,prior_draw,29.0
rainbow,50558,4.744200883000982,5.402904440021672,10,10,54,0,0.154049975906135,synthetic,prior_draw,29.0
rainbow,50559,4.3902042701053,5.006384423236311,10,10,54,0,0.1335576617064723,synthetic,prior_draw,29.0
rainbow,50560,4.470299860167683,5.193038835498224,10,10,54,0,0.15823415794060794,synthetic,prior_draw,29.0
rainbow,50561,4.264501161893561,4.86672746187785,10,10,54,0,0.19305007754265305,synthetic,prior_draw,29.0
rainbow,50562,4.742753068209492,5.337861935889483,10,10,54,0,0.20509546419846983,synthetic,prior_draw,29.0
rainbow,50563,5.054090462844318,5.6927401844222585,10,10,54,0,0.13528134204306658,synthetic,prior_draw,29.0
rainbow,50564,4.4666625732412495,5.237570830769708,10,10,54,0,0.25802048018526935,synthetic,prior_draw,29.0
rainbow,50565,4.617993217304656,5.326164622565109,10,10,54,0,0.1571085845129144,synthetic,prior_draw,29.0
rainbow,50566,4.330307270658526,5.027597408177668,10,10,54,0,0.2446464508777695,synthetic,prior_draw,29.0
rainbow,50567,4.884288947068959,5.621356772957428,10,10,54,0,0.14309871045895928,synthetic,prior_draw,29.0
rainbow,50568,4.41921527317883,5.103031709637333,10,10,54,0,0.17131702961742545,synthetic,prior_draw,29.0
rainbow,50569,4.6326712541772705,5.244404697354712,10,10,54,0,0.17197770117523103,synthetic,prior_draw,29.0
rainbow,50570,4.717212990965952,5.424886750716463,10,10,54,0,0.14239518899792614,synthetic,prior_draw,29.0
rainbow,50571,4.165164463836567,4.773997667779071,10,10,54,0,0.2696144470257274,synthetic,prior_draw,29.0
rainbow,50572,4.626503872807931,5.25131286510379,10,9,54,0,0.1203306108457982,synthetic,prior_draw,29.0
rainbow,50573,4.6658025885153975,5.406210264872418,10,10,54,0,0.193546328382966,synthetic,prior_draw,29.0
rainbow,50574,4.460537821465545,5.180554768516447,10,10,54,0,0.19290747642887457,synthetic,prior_draw,29.0
rainbow,50575,4.892057709007883,5.546681363801688,10,10,54,0,0.11490922818714507,synthetic,prior_draw,29.0
rainbow,50576,4.462248523174752,5.123969203716394,10,10,54,0,0.1899402452191865,synthetic,prior_draw,29.0
rainbow,50577,4.737070804180124,5.399334361799814,10,10,54,0,0.2302940021737703,synthetic,prior_draw,29.0
rainbow,50578,4.3735050726592455,4.975214914881729,10,10,54,0,0.2375689543379368,synthetic,prior_draw,29.0
rainbow,50579,4.557200802310368,5.162802350224681,10,9,54,0,0.20804486892165377,synthetic,prior_draw,29.0
rainbow,50580,4.602409340517508,5.304993167867983,10,10,54,0,0.18132892768750328,synthetic,prior_draw,29.0
rainbow,50581,4.365097091219719,5.039613622204139,10,10,54,0,0.25293926096940006,synthetic,prior_draw,29.0
rainbow,50582,4.482187141260589,5.22765645159874,9,9,55,0,0.18884046221138034,synthetic,prior_draw,29.0
rainbow,50583,4.644196962176661,5.280153686870121,10,10,54,0,0.20408157047190933,synthetic,prior_draw,29.0
rainbow,50584,4.6916840154346025,5.415551230941925,10,10,54,0,0.17653235630768083,synthetic,prior_draw,29.0
rainbow,50585,4.794554411384127,5.439682685414332,10,10,54,0,0.11933165002934087,synthetic,prior_draw,29.0
rainbow,50586,4.628087229411916,5.28893880405458,10,10,54,0,0.14869030048406476,synthetic,prior_draw,29.0
rainbow,50587,4.5851635774319455,5.344656888800794,10,10,54,0,0.18815425227324642,synthetic,prior_draw,29.0
rainbow,50588,4.617518148736176,5.314769515123175,10,10,54,0,0.11119186928288888,synthetic,prior_draw,29.0
rainbow,50589,5.118150489310056,5.781641802092083,10,10,54,0,0.15330453266641433,synthetic,prior_draw,29.0
rainbow,50590,4.561730332470581,5.148107977608497,10,10,54,0,0.12929065586067665,synthetic,prior_draw,29.0
rainbow,50591,4.447704331345449,5.1381487282850244,10,8,54,0,0.08132740172757835,synthetic,prior_draw,29.0
rainbow,50592,4.548121078700067,5.195719754337513,10,10,54,0,0.1602025799493016,synthetic,prior_draw,29.0
rainbow,50593,4.532847989562438,5.2319555271017855,10,9,54,0,0.1326375091402061,synthetic,prior_draw,29.0
rainbow,50594,4.357356804066775,5.059379242093506,10,10,54,0,0.27231867455386266,synthetic,prior_draw,29.0
rainbow,50595,4.6785007989068825,5.288257979110882,10,10,54,0,0.11946605603576026,synthetic,prior_draw,29.0
rainbow,50596,4.519804757711311,5.268779558123697,10,10,54,0,0.23093951216228203,synthetic,prior_draw,29.0
rainbow,50597,5.010404194000467,5.741945938195871,10,10,54,0,0.1698502002605561,synthetic,prior_draw,29.0
rainbow,50598,4.487520607640878,5.187237975670902,10,10,54,0,0.1210688489470646,synthetic,prior_draw,29.0
rainbow,50599,4.51134765369047,5.22400527916839,10,10,54,0,0.08600638294364032,synthetic,prior_draw,29.0
rainbow,50600,4.6307212641988444,5.288303340081713,10,9,54,0,0.15441249985457234,synthetic,prior_draw,29.0
rainbow,50601,4.649209264262287,5.377219885883622,10,10,54,0,0.12235034798784544,synthetic,prior_draw,29.0
rainbow,50602,4.516799281073099,5.213259927994436,10,10,54,0,0.17385665518047538,synthetic,prior_draw,29.0
rainbow,50603,4.598667613673661,5.312069882834739,10,10,54,0,0.2073248291218332,synthetic,prior_draw,29.0
rainbow,50604,4.7845008416440225,5.49494547526482,10,10,54,0,0.14300830113991894,synthetic,prior_draw,29.0
rainbow,50605,4.626668257486672,5.345963596380937,10,10,54,0,0.17355823294394773,synthetic,prior_draw,29.0
rainbow,50606,4.6198223551158035,5.306455162423649,10,10,54,0,0.18984105061804687,synthetic,prior_draw,29.0
rainbow,50607,4.3272964381640495,4.933329052914147,10,10,54,0,0.2311136368694265,synthetic,prior_draw,29.0
rainbow,50608,4.561163291834081,5.27847569986409,10,10,54,0,0.21408508716685049,synthetic,prior_draw,29.0
rainbow,50609,4.307881914694454,4.962419587265774,10,10,54,0,0.13063463683964574,synthetic,prior_draw,29.0
rainbow,50610,4.643238792033839,5.424740103532368,10,10,54,0,0.14363388686758075,synthetic,prior_draw,29.0
rainbow,50611,4.46948235857265,5.189394169427301,10,10,54,0,0.2871701671092313,synthetic,prior_draw,29.0
rainbow,50612,5.0656248290936015,5.726860185593459,10,10,54,0,0.11353669678590451,synthetic,prior_draw,29.0
rainbow,50613,4.410989857653452,5.119858928303037,10,10,54,0,0.1303712203158193,synthetic,prior_draw,29.0
rainbow,50614,4.54201699293593,5.180634111475211,10,9,54,0,0.15332126234413831,synthetic,prior_draw,29.0
rainbow,50615,4.4111155298874065,5.0847446929162565,10,10,54,0,0.17853031491457907,synthetic,prior_draw,29.0
rainbow,50616,4.683459750609448,5.432548112642056,10,10,54,0,0.14507196910118889,synthetic,prior_draw,29.0
rainbow,50617,4.6542481848306645,5.398235533863404,10,10,54,0,0.18560635955713342,synthetic,prior_draw,29.0
rainbow,50618,4.901810316345851,5.539043550304106,10,10,54,0,0.15611511729807173,synthetic,prior_draw,29.0
rainbow,50619,4.368415930725648,5.085537455212328,10,10,54,0,0.27702653865051347,synthetic,prior_draw,29.0
rainbow,50620,4.423782874034585,5.144990747497257,10,10,54,0,0.1525397799167756,synthetic,prior_draw,29.0
rainbow,50621,4.591019998811406,5.337464849773469,10,10,54,0,0.15924395421740456,synthetic,prior_draw,29.0
rainbow,50622,4.870328964402456,5.537165807094006,10,10,54,0,0.17790943109444327,synthetic,prior_draw,29.0
rainbow,50623,4.669593434315634,5.417237217802546,10,9,54,0,0.14448269127661717,synthetic,prior_draw,29.0
rainbow,50624,4.502903816268042,5.256900681969848,10,10,54,0,0.17061306726548692,synthetic,prior_draw,29.0
rainbow,50625,5.005515725650421,5.621527844056014,10,10,54,0,0.12726051494233254,synthetic,prior_draw,29.0
rainbow,50626,4.61811376375916,5.369470622041023,10,10,54,0,0.2587507650039693,synthetic,prior_draw,29.0
rainbow,50627,5.232974764524009,5.857412869263126,10,10,54,0,0.17104248530556454,synthetic,prior_draw,29.0
rainbow,50628,4.447600399073188,5.216331391111328,9,9,55,0,0.19134285525174385,synthetic,prior_draw,29.0
rainbow,50629,4.58237806260337,5.24247813163988,10,10,54,0,0.1734307988947606,synthetic,prior_draw,29.0
rainbow,50630,4.457970618842802,5.1383065611172,10,10,54,0,0.23534363172267728,synthetic,prior_draw,29.0
rainbow,50631,4.7462721920719195,5.397865815103609,10,10,54,0,0.15682234843276166,synthetic,prior_draw,29.0
rainbow,50632,4.714374332637636,5.391415542882781,10,9,54,0,0.12882833363122015,synthetic,prior_draw,29.0
rainbow,50633,4.619169240815373,5.230806501770449,10,10,54,0,0.14519021509983607,synthetic,prior_draw,29.0
rainbow,50634,4.838063849274353,5.562136675022706,10,9,54,0,0.10371427481857785,synthetic,prior_draw,29.0
rainbow,50635,4.663624962901756,5.446847765937696,10,10,54,0,0.1640194067051229,synthetic,prior_draw,29.0
rainbow,50636,4.7489149327190585,5.39366843781053,10,10,54,0,0.20435915638400842,synthetic,prior_draw,29.0
rainbow,50637,4.539086141339917,5.287799805581379,10,10,54,0,0.23923701740345632,synthetic,prior_draw,29.0
rainbow,50638,4.751320557058356,5.415034014965937,10,10,54,0,0.09430796063567252,synthetic,prior_draw,29.0
rainbow,50639,4.49339246887571,5.218780362611471,10,10,54,0,0.19031159414448645,synthetic,prior_draw,29.0
rainbow,50640,4.612746021356903,5.29692784182567,10,10,54,0,0.1749246031441182,synthetic,prior_draw,29.0
rainbow,50641,4.932052075295905,5.567881551643651,10,10,54,0,0.14166281803170983,synthetic,prior_draw,29.0
rainbow,50642,4.774995765156866,5.543503187350515,10,10,54,0,0.10576939987605731,synthetic,prior_draw,29.0
rainbow,50643,4.645977625504767,5.237109460200314,10,10,54,0,0.20949559431324646,synthetic,prior_draw,29.0
rainbow,50644,4.566711228063774,5.325792820241952,10,10,54,0,0.09122418788179977,synthetic,prior_draw,29.0
rainbow,50645,4.561172960413834,5.311055388514931,10,10,54,0,0.12369267178348445,synthetic,prior_draw,29.0
rainbow,50646,5.124448083325409,5.742315505740542,10,10,54,0,0.12096538515034869,synthetic,prior_draw,29.0
rainbow,50647,4.536914009872731,5.177779558631751,10,10,54,0,0.09584903870547261,synthetic,prior_draw,29.0
rainbow,50648,4.410490638036002,5.155932172645227,10,10,54,0,0.25886274598524894,synthetic,prior_draw,29.0
rainbow,50649,4.599993064881526,5.31645608553111,10,10,54,0,0.12105397206005777,synthetic,prior_draw,29.0
rainbow,50650,4.508134003766476,5.173999043847677,10,10,54,0,0.18846635476888152,synthetic,prior_draw,29.0
rainbow,50651,4.500581398130157,5.140904324373214,10,10,54,0,0.13360559294066263,synthetic,prior_draw,29.0
rainbow,50652,4.597518839518178,5.207319233984731,10,10,54,0,0.20349441660541298,synthetic,prior_draw,29.0
rainbow,50653,4.819852187216393,5.499111774610637,10,9,54,0,0.16942041345889605,synthetic,prior_draw,29.0
rainbow,50654,4.59491798459021,5.301767000998952,10,10,54,0,0.12938865861197577,synthetic,prior_draw,29.0
rainbow,50655,4.152283388098266,4.782624202690083,10,9,54,0,0.2872712551231789,synthetic,prior_draw,29.0
rainbow,50656,4.601006541320817,5.390969844524578,10,10,54,0,0.18898036778896932,synthetic,prior_draw,29.0
rainbow,50657,4.4600557162601895,5.10975770708935,10,10,54,0,0.1235879440762681,synthetic,prior_draw,29.0
rainbow,50658,4.520739835535759,5.122620485326231,10,10,54,0,0.1822581251278361,synthetic,prior_draw,29.0
rainbow,50659,4.500368145687254,5.189510148126616,10,10,54,0,0.14256703124641976,synthetic,prior_draw,29.0
rainbow,50660,4.731386092613705,5.349097832709347,10,10,54,0,0.1279578012562364,synthetic,prior_draw,29.0
rainbow,50661,4.635303421210449,5.3593444944993545,10,10,54,0,0.19111673832876316,synthetic,prior_draw,29.0
rainbow,50662,4.8925353600027925,5.55380832012502,10,10,54,0,0.12743492075538593,synthetic,prior_draw,29.0
rainbow,50663,4.6622425174036675,5.430573856914277,10,10,54,0,0.13618008079671953,synthetic,prior_draw,29.0
rainbow,50664,4.570835094968962,5.199961919829086,10,10,54,0,0.16686495562991996,synthetic,prior_draw,29.0
rainbow,50665,4.565755134672153,5.171873497096367,10,10,54,0,0.2113281708950375,synthetic,prior_draw,29.0
rainbow,50666,4.164803863073162,4.846155960281659,10,9,54,0,0.27382869590494174,synthetic,prior_draw,29.0
rainbow,50667,4.469582408365553,5.234473528911414,10,10,54,0,0.1157308041794195,synthetic,prior_draw,29.0
rainbow,50668,4.447488645824016,5.17081463066532,10,10,54,0,0.12520936912635763,synthetic,prior_draw,29.0
rainbow,50669,4.327884612223213,4.958308419048673,10,7,54,0,0.1994424921496306,synthetic,prior_draw,29.0
rainbow,50670,4.842628386212607,5.540095843574558,10,10,54,0,0.1978385474394648,synthetic,prior_draw,29.0
rainbow,50671,4.745090965159261,5.390164382739593,10,10,54,0,0.13000867119024534,synthetic,prior_draw,29.0
rainbow,50672,4.399430996235167,5.095469438712096,10,10,54,0,0.20632733470719086,synthetic,prior_draw,29.0
rainbow,50673,4.284143620482569,5.005299363069071,10,10,54,0,0.16555419387319079,synthetic,prior_draw,29.0
rainbow,50674,4.817673781342929,5.575801486102272,10,10,54,0,0.17350889611000836,synthetic,prior_draw,29.0
rainbow,50675,4.987034511626486,5.647495741161045,10,10,54,0,0.11967541155821179,synthetic,prior_draw,29.0
rainbow,50676,4.672153366575744,5.4661014897912,10,10,54,0,0.14845713460843757,synthetic,prior_draw,29.0
rainbow,50677,4.626860061239044,5.302036575575165,10,10,54,0,0.1596308386773318,synthetic,prior_draw,29.0
rainbow,50678,4.6410548924346555,5.287228504062916,10,10,54,0,0.13544661901134816,synthetic,prior_draw,29.0
rainbow,50679,4.494375215454828,5.172721765865432,10,10,54,0,0.298414842326766,synthetic,prior_draw,29.0
rainbow,50680,4.674441820298312,5.368653163347278,10,9,54,0,0.1512151207765818,synthetic,prior_draw,29.0
rainbow,50681,4.121742218243346,4.774513624649577,10,10,54,0,0.21328329943713742,synthetic,prior_draw,29.0
rainbow,50682,4.414705460670105,5.160184908616447,10,10,54,0,0.18754440400927772,synthetic,prior_draw,29.0
rainbow,50683,4.809391121833554,5.552888918024655,10,10,54,0,0.17529174962870075,synthetic,prior_draw,29.0
rainbow,50684,5.060862223042703,5.734546293188761,10,10,54,0,0.15729409017727644,synthetic,prior_draw,29.0
rainbow,50685,3.468875105454895,4.137374030885649,10,9,54,0,0.19600836205540198,synthetic,prior_draw,29.0
rainbow,50686,4.623060520605071,5.3844817725183365,10,10,54,0,0.12598939530297903,synthetic,prior_draw,29.0
rainbow,50687,4.428762428736286,5.094279484496665,9,9,55,0,0.1519031083778274,synthetic,prior_draw,29.0
rainbow,50688,4.58843928679422,5.2540690278190505,10,10,54,0,0.21665150139347045,synthetic,prior_draw,29.0
rainbow,50689,4.868329820184292,5.577534784380626,10,10,54,0,0.16788237171531756,synthetic,prior_draw,29.0
rainbow,50690,4.77304331638607,5.440533483406029,10,10,54,0,0.15004812927995836,synthetic,prior_draw,29.0
rainbow,50691,4.758498903433326,5.448022269053919,10,10,54,0,0.1843717743354376,synthetic,prior_draw,29.0
rainbow,50692,4.641900582579001,5.348546934941647,10,10,54,0,0.12892299369679522,synthetic,prior_draw,29.0
rainbow,50693,4.404598475276159,5.058136561453885,10,10,54,0,0.12626946188494545,synthetic,prior_draw,29.0
rainbow,50694,4.510625284974725,5.242412904408218,10,10,54,0,0.12507269555012435,synthetic,prior_draw,29.0
rainbow,50695,4.641336257097217,5.293406693888262,10,10,54,0,0.06911602062136878,synthetic,prior_draw,29.0
rainbow,50696,4.469002767776686,5.17679255394179,10,10,54,0,0.15494747240125348,synthetic,prior_draw,29.0
rainbow,50697,4.5428989483083235,5.267541338570265,10,10,54,0,0.1755450363298597,synthetic,prior_draw,29.0
rainbow,50698,4.836524814726756,5.610504883969977,10,10,54,0,0.22517993911604972,synthetic,prior_draw,29.0
rainbow,50699,4.573026346896701,5.235981383620469,10,9,54,0,0.2849504396720396,synthetic,prior_draw,29.0
rainbow,50700,4.67526225060901,5.322099420684949,10,10,54,0,0.1458610075118023,synthetic,prior_draw,29.0
rainbow,50701,4.567201500944912,5.210689198264243,10,10,54,0,0.211178346733869,synthetic,prior_draw,29.0
rainbow,50702,4.79747769403429,5.465645291788639,10,10,54,0,0.17134037990256198,synthetic,prior_draw,29.0
rainbow,50703,4.487860262441137,5.204022395321665,10,10,54,0,0.16686028194240676,synthetic,prior_draw,29.0
rainbow,50704,4.981620940900446,5.625774306159295,10,10,54,0,0.15290462305793812,synthetic,prior_draw,29.0
rainbow,50705,4.557845894100468,5.2081754791625325,10,10,54,0,0.14194436985268827,synthetic,prior_draw,29.0
rainbow,50706,4.771839953076739,5.374742453495681,10,10,54,0,0.13415158198726862,synthetic,prior_draw,29.0
rainbow,50707,4.655730714037594,5.422743626750599,10,10,54,0,0.1610294033636585,synthetic,prior_draw,29.0
rainbow,50708,4.7308678487397255,5.41400514975281,10,10,54,0,0.1718507469504717,synthetic,prior_draw,29.0
rainbow,50709,4.448027541823981,5.177330425723882,10,10,54,0,0.22900874358183904,synthetic,prior_draw,29.0
rainbow,50710,4.673682588937875,5.480498272690836,10,10,54,0,0.10815731339135932,synthetic,prior_draw,29.0
rainbow,50711,4.541226582432264,5.271297207572957,10,10,54,0,0.17953807166866487,synthetic,prior_draw,29.0
rainbow,50712,4.753932983576524,5.386692000240188,10,10,54,0,0.07301996276023258,synthetic,prior_draw,29.0
rainbow,50713,4.4227160983756555,5.176962834279301,10,10,54,0,0.266216621474269,synthetic,prior_draw,29.0
rainbow,50714,4.369927429710877,5.094949723459716,10,10,54,0,0.07452200729572632,synthetic,prior_draw,29.0
rainbow,50715,4.766486736605005,5.45209877892958,10,9,54,0,0.12998797011714902,synthetic,prior_draw,29.0
rainbow,50716,4.870337090494331,5.519497565314182,10,10,54,0,0.10452398241119536,synthetic,prior_draw,29.0
rainbow,50717,5.388272872676938,6.029592008682453,10,10,54,0,0.12977374875555456,synthetic,prior_draw,29.0
rainbow,50718,4.305895115659056,5.003946191180358,10,10,54,0,0.12108610590270301,synthetic,prior_draw,29.0
rainbow,50719,4.754865981465681,5.505913078466218,10,10,54,0,0.15382398728799132,synthetic,prior_draw,29.0
rainbow,50720,4.471614122364543,5.203592199955481,10,10,54,0,0.13374732143970794,synthetic,prior_draw,29.0
rainbow,50721,4.722605063382779,5.334235853331848,10,10,54,0,0.14735099565034415,synthetic,prior_draw,29.0
rainbow,50722,4.515381446661875,5.156601402059188,10,10,54,0,0.16986728441287177,synthetic,prior_draw,29.0
rainbow,50723,4.977303630703975,5.59856580295073,10,10,54,0,0.20466917854426778,synthetic,prior_draw,29.0
rainbow,50724,4.658127896833299,5.461749202504194,10,10,54,0,0.1455927544703678,synthetic,prior_draw,29.0
rainbow,50725,4.3426800887760395,4.933394267509827,10,10,54,0,0.2243944405742465,synthetic,prior_draw,29.0
rainbow,50726,4.463150319533608,5.20722994401427,10,10,54,0,0.14549835156037247,synthetic,prior_draw,29.0
rainbow,50727,4.480676652549092,5.180086620568074,10,10,54,0,0.17850844947691655,synthetic,prior_draw,29.0
rainbow,50728,4.617258616298021,5.3452599549672435,10,10,54,0,0.13186704860876808,synthetic,prior_draw,29.0
rainbow,50729,4.652961882450729,5.313419495181408,10,10,54,0,0.16704977141628957,synthetic,prior_draw,29.0
rainbow,50730,4.969049963403307,5.70514404768531,10,10,54,0,0.1040648341972727,synthetic,prior_draw,29.0
rainbow,50731,4.684976168803042,5.416497553863948,10,10,54,0,0.08374120846660126,synthetic,prior_draw,29.0
rainbow,50732,4.6966451964892,5.301375926163956,10,10,54,0,0.07479733374615485,synthetic,prior_draw,29.0
rainbow,50733,4.56054311392853,5.301818470632875,10,10,54,0,0.1828628588469506,synthetic,prior_draw,29.0
rainbow,50734,4.766516097098312,5.428094108481204,10,10,54,0,0.08472301849901841,synthetic,prior_draw,29.0
rainbow,50735,4.517905677618263,5.263731873264921,10,10,54,0,0.18792227232221176,synthetic,prior_draw,29.0
rainbow,50736,4.476128213858968,5.183610952632661,10,10,54,0,0.2086962052044948,synthetic,prior_draw,29.0
rainbow,50737,4.872490210535734,5.541352184321387,10,9,54,0,0.15424484514885325,synthetic,prior_draw,29.0
rainbow,50738,4.617414520576839,5.279660976916499,10,10,54,0,0.23640884337067758,synthetic,prior_draw,29.0
rainbow,50739,4.465264428460803,5.1020923024784945,10,9,54,0,0.16499525835073384,synthetic,prior_draw,29.0
rainbow,50740,4.436150956302234,5.114048008902462,10,10,54,0,0.16652100271654124,synthetic,prior_draw,29.0
rainbow,50741,4.926811179907039,5.606590563572543,10,10,54,0,0.1476177311666743,synthetic,prior_draw,29.0
rainbow,50742,4.727143478926185,5.365078376180205,10,10,54,0,0.11515210456638786,synthetic,prior_draw,29.0
rainbow,50743,4.552373783287775,5.167180000681015,10,10,54,0,0.16243178699410787,synthetic,prior_draw,29.0
rainbow,50744,4.741991761282791,5.342264939676264,10,10,54,0,0.1530044272812,synthetic,prior_draw,29.0
rainbow,50745,4.622399163898547,5.309059463758967,10,10,54,0,0.0929107220546639,synthetic,prior_draw,29.0
rainbow,50746,4.742693080705481,5.398127909263108,10,10,54,0,0.1397726412706983,synthetic,prior_draw,29.0
rainbow,50747,4.496485060074649,5.18911319053504,10,10,54,0,0.2419682258729654,synthetic,prior_draw,29.0
rainbow,50748,4.600085134636468,5.36725552699405,10,10,54,0,0.10958876600656252,synthetic,prior_draw,29.0
rainbow,50749,4.660270674363276,5.339735420485928,10,10,54,0,0.13366978501983026,synthetic,prior_draw,29.0
rainbow,50750,4.532626828679542,5.144815978794724,10,10,54,0,0.15158279434061644,synthetic,prior_draw,29.0
rainbow,50751,4.4566715375173045,5.156782953312756,10,10,54,0,0.12859404000577854,synthetic,prior_draw,29.0
rainbow,50752,4.484690276561207,5.176910764385901,10,9,54,0,0.08527520092280394,synthetic,prior_draw,29.0
rainbow,50753,4.660859248565456,5.431144325507803,10,10,54,0,0.21612592543882975,synthetic,prior_draw,29.0
rainbow,50754,4.671176216644426,5.3486649057624795,10,9,54,0,0.15356846301625734,synthetic,prior_draw,29.0
rainbow,50755,4.154062611318635,4.761653119084666,10,10,54,0,0.17371904150839323,synthetic,prior_draw,29.0
rainbow,50756,4.795580642911159,5.498830028728846,10,10,54,0,0.15873042439512236,synthetic,prior_draw,29.0
rainbow,50757,4.574819519335629,5.310310513632135,10,10,54,0,0.16624051065310466,synthetic,prior_draw,29.0
rainbow,50758,4.93963846878966,5.537476929596137,10,10,54,0,0.08749858488982021,synthetic,prior_draw,29.0
rainbow,50759,4.607184866078416,5.3421927220277245,10,10,54,0,0.17632668958243428,synthetic,prior_draw,29.0
rainbow,50760,4.574640671788281,5.206837851423999,10,10,54,0,0.1604527858624256,synthetic,prior_draw,29.0
rainbow,50761,4.651174745282265,5.31915709696883,10,10,54,0,0.14843542473475294,synthetic,prior_draw,29.0
rainbow,50762,4.682697605123752,5.2925650434941955,10,10,54,0,0.1788586024216391,synthetic,prior_draw,29.0
rainbow,50763,4.581430335674999,5.2448558364692,10,9,54,0,0.16476563181908913,synthetic,prior_draw,29.0
rainbow,50764,4.620701328760705,5.23505574690917,10,10,54,0,0.14047758243072603,synthetic,prior_draw,29.0
rainbow,50765,4.776330003132259,5.4557474269033355,10,10,54,0,0.1549441333145913,synthetic,prior_draw,29.0
rainbow,50766,4.494451061213542,5.253001332499151,10,10,54,0,0.13740891318427417,synthetic,prior_draw,29.0
rainbow,50767,4.913758083073799,5.58492534547654,10,10,54,0,0.2019280084684618,synthetic,prior_draw,29.0
rainbow,50768,4.46938201577556,5.1047939188908416,10,10,54,0,0.22036907915601733,synthetic,prior_draw,29.0
rainbow,50769,4.647936516591638,5.408019449694001,10,10,54,0,0.18025042375026393,synthetic,prior_draw,29.0
rainbow,50770,4.642851866447964,5.329810384527229,10,10,54,0,0.13594680793601333,synthetic,prior_draw,29.0
rainbow,50771,4.548710464984267,5.320118179558066,10,10,54,0,0.19787593564129977,synthetic,prior_draw,29.0
rainbow,50772,4.746300266516083,5.455158666066999,10,9,54,0,0.18287643824557404,synthetic,prior_draw,29.0
rainbow,50773,4.737859273398833,5.408071064875742,10,10,54,0,0.12537142144662797,synthetic,prior_draw,29.0
rainbow,50774,4.504250007065211,5.231535146249382,10,10,54,0,0.199090190932228,synthetic,prior_draw,29.0
rainbow,50775,4.663192686255027,5.323342110776081,10,10,54,0,0.16379799808053921,synthetic,prior_draw,29.0
rainbow,50776,4.848604888839059,5.560231649219925,10,10,54,0,0.14049500260313905,synthetic,prior_draw,29.0
rainbow,50777,4.778756965336955,5.425408662731637,10,10,54,0,0.19046873942795536,synthetic,prior_draw,29.0
rainbow,50778,4.52353640954728,5.311660938644287,10,10,54,0,0.14548575750647913,synthetic,prior_draw,29.0
rainbow,50779,4.773794103009054,5.467376746132661,10,10,54,0,0.18548554321972802,synthetic,prior_draw,29.0
rainbow,50780,4.506259770052741,5.179166981798515,10,10,54,0,0.2268603721855803,synthetic,prior_draw,29.0
rainbow,50781,4.669385678683958,5.330935940093976,10,10,54,0,0.13060713974809687,synthetic,prior_draw,29.0
rainbow,50782,5.023419415280253,5.673461149258159,10,10,54,0,0.20221955479413836,synthetic,prior_draw,29.0
rainbow,50783,4.789965060479567,5.4088576320421815,10,10,54,0,0.17800727916240958,synthetic,prior_draw,29.0
rainbow,50784,4.692488638587616,5.413405984629811,10,10,54,0,0.14940000412870977,synthetic,prior_draw,29.0
rainbow,50785,4.698334229070534,5.306024303155346,10,10,54,0,0.1751150302605286,synthetic,prior_draw,29.0
rainbow,50786,4.842185144870981,5.468062671800065,10,10,54,0,0.1698983713534359,synthetic,prior_draw,29.0
rainbow,50787,4.620188803302731,5.350453329338951,10,10,54,0,0.12266074411504495,synthetic,prior_draw,29.0
rainbow,50788,4.605561020738116,5.240691461377332,10,10,54,0,0.24810630607436346,synthetic,prior_draw,29.0
rainbow,50789,4.756644453735012,5.37093167979874,10,10,54,0,0.09919162067156242,synthetic,prior_draw,29.0
rainbow,50790,4.711735917416585,5.299288129619395,10,10,54,0,0.1515772249674984,synthetic,prior_draw,29.0
rainbow,50791,4.663507272045985,5.273861808967667,10,10,54,0,0.2646999176195523,synthetic,prior_draw,29.0
rainbow,50792,4.693923802852967,5.330502707470492,10,10,54,0,0.2210249093361158,synthetic,prior_draw,29.0
rainbow,50793,4.670269040882997,5.353086637088027,10,10,54,0,0.16607869384989463,synthetic,prior_draw,29.0
rainbow,50794,4.667351849134585,5.251536269705501,10,10,54,0,0.10929826496745852,synthetic,prior_draw,29.0
rainbow,50795,4.745720477539366,5.491645235288437,10,10,54,0,0.14153326179408826,synthetic,prior_draw,29.0
rainbow,50796,4.480346884489903,5.111130867557048,10,10,54,0,0.11450719611537288,synthetic,prior_draw,29.0
rainbow,50797,4.655346412008362,5.271237949837265,10,10,54,0,0.12189904944834033,synthetic,prior_draw,29.0
rainbow,50798,4.631798209722648,5.311171736705983,10,10,54,0,0.16206599210267292,synthetic,prior_draw,29.0
rainbow,50799,4.57398418303509,5.2836370047768,10,10,54,0,0.13706317117815423,synthetic,prior_draw,29.0
rainbow,50800,5.053335323934994,5.701400345857877,10,10,54,0,0.07360738122492612,synthetic,prior_draw,29.0
rainbow,50801,4.537641267964555,5.329836271290423,10,10,54,0,0.1840789636728382,synthetic,prior_draw,29.0
rainbow,50802,4.6756248319271085,5.422885095121356,10,9,54,0,0.11634585180494339,synthetic,prior_draw,29.0
rainbow,50803,4.668630065167903,5.349017202688051,10,10,54,0,0.24878792068268946,synthetic,prior_draw,29.0
rainbow,50804,4.314683862139288,4.995074908444338,10,10,54,0,0.2649342622282119,synthetic,prior_draw,29.0
rainbow,50805,4.47988133698474,5.157577246098139,10,10,54,0,0.14058269845593782,synthetic,prior_draw,29.0
rainbow,50806,4.446648657510885,5.163844276924661,10,10,54,0,0.1429498159873454,synthetic,prior_draw,29.0
rainbow,50807,4.161500407064009,4.823451991189211,10,9,54,0,0.2556371640422701,synthetic,prior_draw,29.0
rainbow,50808,4.622598713031265,5.251532324208432,10,10,54,0,0.15714018186069917,synthetic,prior_draw,29.0
rainbow,50809,4.497621366730517,5.156387334852714,10,10,54,0,0.18167602856345696,synthetic,prior_draw,29.0
rainbow,50810,4.989791654023668,5.63971497211752,10,10,54,0,0.15653420529516887,synthetic,prior_draw,29.0
rainbow,50811,4.566912335701393,5.324417055857305,10,10,54,0,0.11617681196439238,synthetic,prior_draw,29.0
rainbow,50812,4.706604069307729,5.376994381445123,10,10,54,0,0.16423441322905558,synthetic,prior_draw,29.0
rainbow,50813,4.599455878118358,5.296726980434624,10,10,54,0,0.1999268242346809,synthetic,prior_draw,29.0
rainbow,50814,4.741928401949383,5.4591813719916455,10,10,54,0,0.15669354356329576,synthetic,prior_draw,29.0
rainbow,50815,4.678454626822507,5.321823315759257,10,10,54,0,0.13532527650530943,synthetic,prior_draw,29.0
rainbow,50816,4.356447360900514,5.0300828964728215,10,10,54,0,0.09909096158124625,synthetic,prior_draw,29.0
rainbow,50817,4.590527790861874,5.350250261193119,10,10,54,0,0.19575266387330034,synthetic,prior_draw,29.0
rainbow,50818,4.487703786374238,5.124158947142771,10,10,54,0,0.23092333350066013,synthetic,prior_draw,29.0
rainbow,50819,4.568469209684292,5.267241530359309,10,10,54,0,0.10457714469013246,synthetic,prior_draw,29.0
rainbow,50820,4.6473028871394675,5.283952573470815,10,10,54,0,0.12565507360576306,synthetic,prior_draw,29.0
rainbow,50821,4.786432122859446,5.427117268339023,10,10,54,0,0.17086809425993246,synthetic,prior_draw,29.0
rainbow,50822,4.411781552844563,5.047061154028655,10,10,54,0,0.17488864243344088,synthetic,prior_draw,29.0
rainbow,50823,4.627241294467284,5.34176688680667,10,10,54,0,0.13572699973773308,synthetic,prior_draw,29.0
rainbow,50824,4.392583506156174,5.135477358944949,10,10,54,0,0.19032811880711786,synthetic,prior_draw,29.0
rainbow,50825,4.51183361892328,5.243069585302797,10,10,54,0,0.16419740075634556,synthetic,prior_draw,29.0
rainbow,50826,4.477140345901457,5.207600336189976,10,10,54,0,0.21039421262237026,synthetic,prior_draw,29.0
rainbow,50827,4.738971550100149,5.484210813050548,10,10,54,0,0.16987158332008642,synthetic,prior_draw,29.0
rainbow,50828,4.769734662134003,5.506641857880852,10,10,54,0,0.2199524387093048,synthetic,prior_draw,29.0
rainbow,50829,4.43668940910582,5.193595968557706,10,10,54,0,0.1762666825389655,synthetic,prior_draw,29.0
rainbow,50830,4.497732018374784,5.249489931769767,10,10,54,0,0.13642707516771507,synthetic,prior_draw,29.0
rainbow,50831,4.718654966410738,5.336909010782448,10,10,54,0,0.15870098014520892,synthetic,prior_draw,29.0
rainbow,50832,4.842136542073491,5.502844049336541,10,10,54,0,0.15269875800441027,synthetic,prior_draw,29.0
rainbow,50833,4.510840836591009,5.151842623122769,10,10,54,0,0.18311131176571843,synthetic,prior_draw,29.0
rainbow,50834,4.694443710925769,5.359368089208628,10,9,54,0,0.11850869139245966,synthetic,prior_draw,29.0
rainbow,50835,4.061877215864079,4.737892805972519,10,9,54,0,0.1354283269060261,synthetic,prior_draw,29.0
rainbow,50836,4.610347509477299,5.2926600898333,10,10,54,0,0.11988448641539794,synthetic,prior_draw,29.0
rainbow,50837,4.516167544510186,5.1850390934832795,10,10,54,0,0.17228130338873296,synthetic,prior_draw,29.0
rainbow,50838,4.65488138938614,5.3704718064080135,10,10,54,0,0.07886419373501928,synthetic,prior_draw,29.0
rainbow,50839,4.712376201167761,5.360224116595093,10,10,54,0,0.14077890759598768,synthetic,prior_draw,29.0
rainbow,50840,4.56736668116615,5.266952596437914,10,10,54,0,0.1290602636392877,synthetic,prior_draw,29.0
rainbow,50841,4.209154265328923,4.896329098459416,9,9,55,0,0.13206457602250093,synthetic,prior_draw,29.0
rainbow,50842,4.797368363665468,5.427061258858416,10,10,54,0,0.13660424488770861,synthetic,prior_draw,29.0
rainbow,50843,4.4849084515544435,5.258408933755562,10,10,54,0,0.16480876236882208,synthetic,prior_draw,29.0
rainbow,50844,4.399108322345542,5.045063964074425,10,10,54,0,0.22529839394122722,synthetic,prior_draw,29.0
rainbow,50845,4.391944021983398,5.118623268769322,10,10,54,0,0.1408046664656118,synthetic,prior_draw,29.0
rainbow,50846,4.867005984052733,5.600410183190491,10,10,54,0,0.14152096868133934,synthetic,prior_draw,29.0
rainbow,50847,4.521910565709864,5.282847440654509,10,10,54,0,0.15377898586775313,synthetic,prior_draw,29.0
rainbow,50848,4.1404964402193425,4.73136680453982,10,10,54,0,0.15194804484130428,synthetic,prior_draw,29.0
rainbow,50849,4.890644366428594,5.551210167458717,10,10,54,0,0.15915524182779056,synthetic,prior_draw,29.0
rainbow,50850,4.595389238249459,5.321545444032069,10,10,54,0,0.13445167064572613,synthetic,prior_draw,29.0
rainbow,50851,4.6899687490051125,5.383948307154936,10,10,54,0,0.18142410373667478,synthetic,prior_draw,29.0
rainbow,50852,4.513425012784919,5.250841655673547,10,10,54,0,0.17447771558170547,synthetic,prior_draw,29.0
rainbow,50853,4.646526899364382,5.261189166064917,10,10,54,0,0.12651449971185355,synthetic,prior_draw,29.0
rainbow,50854,4.973061809292141,5.630173521401123,10,10,54,0,0.12767508077029163,synthetic,prior_draw,29.0
rainbow,50855,4.776334195106866,5.384525026202658,10,10,54,0,0.17976882321026802,synthetic,prior_draw,29.0
rainbow,50856,4.300682535921637,5.020596355600386,10,10,54,0,0.2090789831214717,synthetic,prior_draw,29.0
rainbow,50857,4.710129375980229,5.433589252687338,10,10,54,0,0.15928703269598934,synthetic,prior_draw,29.0
rainbow,50858,4.790967826835163,5.437895627802025,10,10,54,0,0.21309597569562946,synthetic,prior_draw,29.0
rainbow,50859,4.636034035742321,5.409742317334713,10,10,54,0,0.14633781924277237,synthetic,prior_draw,29.0
rainbow,50860,4.684746067412858,5.302739233856368,10,10,54,0,0.2415278703203421,synthetic,prior_draw,29.0
rainbow,50861,4.688134973283376,5.310160024951227,10,10,54,0,0.18271175538891601,synthetic,prior_draw,29.0
rainbow,50862,4.469823180370395,5.22290401414998,10,10,54,0,0.19638035586270716,synthetic,prior_draw,29.0
rainbow,50863,4.953078213845247,5.6438469656089625,10,10,54,0,0.11973466397867304,synthetic,prior_draw,29.0
rainbow,50864,4.484853224031633,5.226659025370271,10,10,54,0,0.17749863364587967,synthetic,prior_draw,29.0
rainbow,50865,4.031848974692838,4.688778800203258,10,9,46,0,0.2731498183605712,synthetic,prior_draw,29.0
rainbow,50866,4.64325389004902,5.341573667146782,10,10,54,0,0.17021547647855556,synthetic,prior_draw,29.0
rainbow,50867,4.247078460844741,4.831769569448316,10,10,54,0,0.18741988686547534,synthetic,prior_draw,29.0
rainbow,50868,4.464230087826676,5.16674503089858,10,10,54,0,0.12342744322991069,synthetic,prior_draw,29.0
rainbow,50869,4.983626795607242,5.653829295172426,10,10,54,0,0.16929666556987738,synthetic,prior_draw,29.0
rainbow,50870,4.615592898388625,5.285905023468017,10,10,54,0,0.22144797098088675,synthetic,prior_draw,29.0
rainbow,50871,4.650644894769136,5.347949872014614,10,9,54,0,0.15758907675336561,synthetic,prior_draw,29.0
rainbow,50872,4.918883533675791,5.532138997822492,10,10,54,0,0.09148436132673572,synthetic,prior_draw,29.0
rainbow,50873,4.319448642550419,5.067132292709255,10,10,54,0,0.1809783518872938,synthetic,prior_draw,29.0
rainbow,50874,4.3863562473138575,5.041440527329874,10,10,54,0,0.30019841643836226,synthetic,prior_draw,29.0
rainbow,50875,4.598315883823001,5.275252579963696,10,10,54,0,0.18411983858926867,synthetic,prior_draw,29.0
rainbow,50876,4.507704832291852,5.110951405563586,10,9,54,0,0.20206443886188563,synthetic,prior_draw,29.0
rainbow,50877,4.48029681609823,5.246884809467301,10,10,54,0,0.08604381337869262,synthetic,prior_draw,29.0
rainbow,50878,4.883118954587722,5.536333686421109,10,10,54,0,0.20184124856101543,synthetic,prior_draw,29.0
rainbow,50879,4.719964970602361,5.366639734722774,10,10,54,0,0.1142267492670549,synthetic,prior_draw,29.0
rainbow,50880,4.631139715903339,5.2241797833365196,10,10,54,0,0.27110016982566276,synthetic,prior_draw,29.0
rainbow,50881,4.576549640826004,5.302897603168627,10,10,54,0,0.16444954386697994,synthetic,prior_draw,29.0
rainbow,50882,4.754388111275717,5.455596716495437,10,10,54,0,0.16822290987289615,synthetic,prior_draw,29.0
rainbow,50883,4.5771006567979935,5.308452820656493,10,10,54,0,0.3256830782713246,synthetic,prior_draw,29.0
rainbow,50884,5.068933880266907,5.732320683499608,10,10,54,0,0.14029137794938054,synthetic,prior_draw,29.0
rainbow,50885,4.541180279016873,5.2396136000306255,10,10,54,0,0.08646951732220833,synthetic,prior_draw,29.0
rainbow,50886,4.437254871602429,5.124029041854309,10,10,54,0,0.18465651072283087,synthetic,prior_draw,29.0
rainbow,50887,4.74293508249132,5.373186613938179,10,10,54,0,0.11934941049856489,synthetic,prior_draw,29.0
rainbow,50888,5.0109821085103095,5.674732413352386,10,10,54,0,0.1855212530469871,synthetic,prior_draw,29.0
rainbow,50889,4.203266931597157,4.858696786707933,10,10,54,0,0.13532017806110005,synthetic,prior_draw,29.0
rainbow,50890,4.569083592237101,5.344354263513727,10,10,54,0,0.18359146769380785,synthetic,prior_draw,29.0
rainbow,50891,4.636380800399031,5.235722499157095,10,10,54,0,0.1078770531916652,synthetic,prior_draw,29.0
rainbow,50892,4.717554152246672,5.41902699622038,10,10,54,0,0.21205918931503573,synthetic,prior_draw,29.0
rainbow,50893,4.681302621780435,5.307015991622896,10,10,54,0,0.2591749432566022,synthetic,prior_draw,29.0
rainbow,50894,4.388548804602366,5.143577719588016,10,10,54,0,0.11913988393392569,synthetic,prior_draw,29.0
rainbow,50895,4.844838093163657,5.610900072160761,10,10,54,0,0.19686798577388412,synthetic,prior_draw,29.0
rainbow,50896,4.592756886605811,5.285911183038698,10,10,54,0,0.18341019490904087,synthetic,prior_draw,29.0
rainbow,50897,4.623681118428007,5.29305003742064,10,10,54,0,0.19393151423075836,synthetic,prior_draw,29.0
rainbow,50898,4.816115701801533,5.4447605235709,10,10,54,0,0.19478816593037765,synthetic,prior_draw,29.0
rainbow,50899,4.78047856420804,5.531075473413701,10,9,54,0,0.2652613406557088,synthetic,prior_draw,29.0
rainbow,50900,4.784874846150787,5.561076119307527,10,10,54,0,0.15140700469282894,synthetic,prior_draw,29.0
rainbow,50901,4.596695853713668,5.379048601836676,10,10,54,0,0.26200335223720983,synthetic,prior_draw,29.0
rainbow,50902,5.036253306627295,5.654882101969406,10,10,54,0,0.1963196541619017,synthetic,prior_draw,29.0
rainbow,50903,4.7506175279697995,5.38961386778094,10,10,54,0,0.1986219194427786,synthetic,prior_draw,29.0
rainbow,50904,4.793738767590944,5.40371125183024,10,10,54,0,0.17737140166100437,synthetic,prior_draw,29.0
rainbow,50905,4.718530350178075,5.454766314334028,10,10,54,0,0.16807603737053375,synthetic,prior_draw,29.0
rainbow,50906,4.618964014256952,5.382565731041698,10,10,54,0,0.2080011249350337,synthetic,prior_draw,29.0
rainbow,50907,4.877884687257385,5.543964463026324,10,10,54,0,0.10124575542723348,synthetic,prior_draw,29.0
rainbow,50908,4.544327412121442,5.235590818631395,10,10,54,0,0.14605375750978805,synthetic,prior_draw,29.0
rainbow,50909,4.738150205353088,5.374936548733271,10,10,54,0,0.15539727740207998,synthetic,prior_draw,29.0
rainbow,50910,4.502623369315531,5.223842443351113,10,10,54,0,0.2150614049217371,synthetic,prior_draw,29.0
rainbow,50911,4.673667884837798,5.452177800025116,10,10,54,0,0.12481132236165653,synthetic,prior_draw,29.0
rainbow,50912,4.293792423715666,5.011801457422364,10,10,54,0,0.12237234109156031,synthetic,prior_draw,29.0
rainbow,50913,4.494157689748255,5.177513701784701,10,10,54,0,0.23489252526600232,synthetic,prior_draw,29.0
rainbow,50914,4.5431681396807715,5.171479300318015,10,10,54,0,0.11041890380575248,synthetic,prior_draw,29.0
rainbow,50915,4.641840615227311,5.26835512984328,10,10,54,0,0.11041736367717205,synthetic,prior_draw,29.0
rainbow,50916,4.224715554668284,4.827238693482765,10,10,54,0,0.19944710422161185,synthetic,prior_draw,29.0
rainbow,50917,4.096537271630518,4.735590889660549,10,9,54,0,0.1299434913428813,synthetic,prior_draw,29.0
rainbow,50918,4.562390803340923,5.1676530975113675,10,10,54,0,0.12379691446283587,synthetic,prior_draw,29.0
rainbow,50919,4.462605794966906,5.1059505061071,10,10,54,0,0.2891273059196945,synthetic,prior_draw,29.0
rainbow,50920,4.634990387293822,5.324069501595713,10,10,54,0,0.12530111096900304,synthetic,prior_draw,29.0
rainbow,50921,4.947874956328862,5.593834320179458,10,10,54,0,0.144964023829146,synthetic,prior_draw,29.0
rainbow,50922,4.650222443071661,5.4441145794960155,10,10,54,0,0.19003680463044884,synthetic,prior_draw,29.0
rainbow,50923,4.812558112617119,5.418369392029289,10,10,54,0,0.1487074533250363,synthetic,prior_draw,29.0
rainbow,50924,4.456117196179214,5.166732932281759,10,10,54,0,0.1745288285578054,synthetic,prior_draw,29.0
rainbow,50925,4.734243019542499,5.3605264563196,10,10,54,0,0.0909008313369761,synthetic,prior_draw,29.0
rainbow,50926,4.626075217377762,5.360594932541975,10,10,54,0,0.14456336785465704,synthetic,prior_draw,29.0
rainbow,50927,5.039587128086685,5.6701857524632375,10,10,54,0,0.10510182252559445,synthetic,prior_draw,29.0
rainbow,50928,4.723978237888852,5.378123872063039,10,10,54,0,0.18201997740347325,synthetic,prior_draw,29.0
rainbow,50929,4.744272578232457,5.530217844968195,10,10,54,0,0.08425024962809119,synthetic,prior_draw,29.0
rainbow,50930,4.484400480565679,5.232613959701325,10,10,54,0,0.22163102293176695,synthetic,prior_draw,29.0
rainbow,50931,4.67324092603612,5.375648235143598,10,10,54,0,0.1455482372951326,synthetic,prior_draw,29.0
rainbow,50932,4.686042825666687,5.311209329352056,10,10,54,0,0.09619293279992316,synthetic,prior_draw,29.0
rainbow,50933,4.142745595443367,4.86427237493738,10,10,54,0,0.12469334963883037,synthetic,prior_draw,29.0
rainbow,50934,4.5036844042495146,5.15379197118262,10,10,54,0,0.17977141608179045,synthetic,prior_draw,29.0
rainbow,50935,4.499017297016769,5.260396141998008,10,10,54,0,0.0843346066383734,synthetic,prior_draw,29.0
rainbow,50936,4.367922104039455,5.020784303568963,10,10,54,0,0.2411006573700546,synthetic,prior_draw,29.0
rainbow,50937,4.937371910760677,5.614544408784884,10,10,54,0,0.18172524461933562,synthetic,prior_draw,29.0
rainbow,50938,4.565347807347249,5.284506369658418,10,10,54,0,0.14090805348527938,synthetic,prior_draw,29.0
rainbow,50939,4.967527035291172,5.594300273039168,10,10,54,0,0.20032968040289462,synthetic,prior_draw,29.0
rainbow,50940,4.819812279351478,5.516825404525386,10,9,54,0,0.16050943377897167,synthetic,prior_draw,29.0
rainbow,50941,4.641960519883306,5.323136089562399,10,10,54,0,0.285619515414771,synthetic,prior_draw,29.0
rainbow,50942,4.647959120751596,5.355520607232641,10,10,54,0,0.1282447306355519,synthetic,prior_draw,29.0
rainbow,50943,4.658956436194713,5.36125878853048,10,10,54,0,0.10542332295552244,synthetic,prior_draw,29.0
rainbow,50944,4.877073636727785,5.563454475472498,10,9,54,0,0.15979907401979324,synthetic,prior_draw,29.0
rainbow,50945,4.645879931592976,5.421790331963841,10,10,54,0,0.15254257333429733,synthetic,prior_draw,29.0
rainbow,50946,4.6142597962274525,5.367394491463495,10,10,54,0,0.2235041490054239,synthetic,prior_draw,29.0
rainbow,50947,4.7225355385041246,5.462183346105362,10,9,54,0,0.11074879729934345,synthetic,prior_draw,29.0
rainbow,50948,4.515694033367513,5.178515273975186,10,10,54,0,0.13882922370099393,synthetic,prior_draw,29.0
rainbow,50949,4.557963368390482,5.218832035965335,10,10,54,0,0.14715623042043957,synthetic,prior_draw,29.0
rainbow,50950,4.640736585793036,5.276711444910864,10,10,54,0,0.09565233381851572,synthetic,prior_draw,29.0
rainbow,50951,4.9596635098964645,5.578630861830588,10,10,54,0,0.15498888383514664,synthetic,prior_draw,29.0
rainbow,50952,4.6188917562784715,5.346401717387334,10,10,54,0,0.19188179868530053,synthetic,prior_draw,29.0
rainbow,50953,4.587993418832667,5.238144975660338,10,10,54,0,0.13739322580171334,synthetic,prior_draw,29.0
rainbow,50954,4.516614725651348,5.2350638607110636,10,10,54,0,0.13860295235541262,synthetic,prior_draw,29.0
rainbow,50955,4.596170884106305,5.217700932980164,10,10,54,0,0.1657285440091674,synthetic,prior_draw,29.0
rainbow,50956,4.871314888972987,5.611539771509864,10,10,54,0,0.1267879948704544,synthetic,prior_draw,29.0
rainbow,50957,4.461167114674944,5.220591911308504,10,10,54,0,0.1727677349695909,synthetic,prior_draw,29.0
rainbow,50958,4.916266342722198,5.525073957957348,10,10,54,0,0.13249067921808208,synthetic,prior_draw,29.0
rainbow,50959,4.644485462570426,5.354400254178739,10,10,54,0,0.1254646881521908,synthetic,prior_draw,29.0
rainbow,50960,4.6775308207890545,5.325846496123713,10,10,54,0,0.2099256142735267,synthetic,prior_draw,29.0
rainbow,50961,4.5886971813664585,5.21118875895938,10,10,54,0,0.3529544735442886,synthetic,prior_draw,29.0
rainbow,50962,4.982081839859381,5.627279272090456,10,10,54,0,0.14524468694711604,synthetic,prior_draw,29.0
rainbow,50963,4.605384016192366,5.388203498207878,10,10,54,0,0.20533662619805132,synthetic,prior_draw,29.0
rainbow,50964,4.6138015699290005,5.295276959323781,10,10,54,0,0.08701501577112002,synthetic,prior_draw,29.0
rainbow,50965,4.390212281744804,5.040045338155018,10,10,54,0,0.14797925542957618,synthetic,prior_draw,29.0
rainbow,50966,4.490686163006083,5.287601698385396,10,10,54,0,0.188460044204048,synthetic,prior_draw,29.0
rainbow,50967,4.641799409581904,5.398029321578291,10,10,54,0,0.11650300690815316,synthetic,prior_draw,29.0
rainbow,50968,4.520247460312805,5.133169473313234,10,9,54,0,0.12932093585649343,synthetic,prior_draw,29.0
rainbow,50969,4.4636798263869855,5.193894038744142,10,10,54,0,0.22905660676284437,synthetic,prior_draw,29.0
rainbow,50970,5.063639462340325,5.677427314221059,10,10,54,0,0.17992481766313534,synthetic,prior_draw,29.0
rainbow,50971,4.551643552134463,5.313078646365937,10,10,54,0,0.17723050660725712,synthetic,prior_draw,29.0
rainbow,50972,4.717552694483579,5.4252160352784164,10,10,54,0,0.15864600921327135,synthetic,prior_draw,29.0
rainbow,50973,4.8336049812873805,5.468458386292904,10,10,54,0,0.07968181659764234,synthetic,prior_draw,29.0
rainbow,50974,4.995857845407845,5.66166730788518,10,10,54,0,0.16674429367700813,synthetic,prior_draw,29.0
rainbow,50975,4.706362130655872,5.417852400273358,10,10,54,0,0.15636567072072852,synthetic,prior_draw,29.0
rainbow,50976,4.527160214187608,5.253937943681569,10,10,54,0,0.14747310535448804,synthetic,prior_draw,29.0
rainbow,50977,4.688833687585742,5.375476952328684,10,10,54,0,0.21319024708539602,synthetic,prior_draw,29.0
rainbow,50978,4.47036600228731,5.132235255553032,10,10,54,0,0.18230484821842963,synthetic,prior_draw,29.0
rainbow,50979,4.596651774510622,5.369782519761821,10,10,54,0,0.24761060379206107,synthetic,prior_draw,29.0
rainbow,50980,4.461619014091248,5.12632686108702,10,10,54,0,0.11293177352881413,synthetic,prior_draw,29.0
rainbow,50981,4.797771302734975,5.540952530692374,10,10,54,0,0.06708938437735243,synthetic,prior_draw,29.0
rainbow,50982,4.550766350484897,5.252295056720123,10,10,54,0,0.19527948490574776,synthetic,prior_draw,29.0
rainbow,50983,4.562559996960839,5.355237910130574,10,10,54,0,0.1521483680108982,synthetic,prior_draw,29.0
rainbow,50984,4.623786794678135,5.271449470910667,10,10,54,0,0.11526728139322544,synthetic,prior_draw,29.0
rainbow,50985,4.697026303014785,5.370628076972584,10,10,54,0,0.1557630434638257,synthetic,prior_draw,29.0
rainbow,50986,4.522307257751427,5.25266413218815,10,10,54,0,0.1707047906365941,synthetic,prior_draw,29.0
rainbow,50987,4.51501458833204,5.25121646519518,10,10,54,0,0.17705368221699602,synthetic,prior_draw,29.0
rainbow,50988,4.688981451890324,5.340405248165082,10,10,54,0,0.14019263970363235,synthetic,prior_draw,29.0
rainbow,50989,4.8211307448192775,5.518137990549665,10,10,54,0,0.1653909384099287,synthetic,prior_draw,29.0
rainbow,50990,4.598287069091999,5.285574958032521,10,9,54,0,0.10904558418444782,synthetic,prior_draw,29.0
rainbow,50991,4.7106920046533,5.308300616748322,10,10,54,0,0.1730378155993147,synthetic,prior_draw,29.0
rainbow,50992,4.620234782366498,5.306917675996607,10,10,54,0,0.21013951505480677,synthetic,prior_draw,29.0
rainbow,50993,4.8628152208804725,5.490531652385124,10,10,54,0,0.16005035099374593,synthetic,prior_draw,29.0
rainbow,50994,4.376875813405585,5.119743990139657,10,10,54,0,0.1898096895477657,synthetic,prior_draw,29.0
rainbow,50995,4.49552989174764,5.201540403224321,10,10,54,0,0.18302378514421758,synthetic,prior_draw,29.0
rainbow,50996,4.354312837336411,4.961279407330765,10,10,54,0,0.1130417190821513,synthetic,prior_draw,29.0
rainbow,50997,4.149736201482055,4.7409433871211695,10,10,54,0,0.10146189036863594,synthetic,prior_draw,29.0
rainbow,50998,4.654300620914622,5.3117920795623155,10,9,54,0,0.13709147235431815,synthetic,prior_draw,29.0
rainbow,50999,4.829505837754781,5.467289014974747,10,10,54,0,0.12423360551953602,synthetic,prior_draw,29.0
rainbow,51000,4.6620988734968805,5.286434122088271,10,10,54,0,0.1841316495059067,synthetic,prior_draw,29.0
rainbow,51001,4.690718271398896,5.3025797391344875,10,10,54,0,0.18787834214281104,synthetic,prior_draw,29.0
rainbow,51002,4.791455418719528,5.391941057767124,10,10,54,0,0.10208948140017647,synthetic,prior_draw,29.0
rainbow,51003,4.410395258963882,5.142857137942861,10,10,54,0,0.16795764853942893,synthetic,prior_draw,29.0
rainbow,51004,4.160988732477806,4.809947797627158,10,10,54,0,0.20121949662049154,synthetic,prior_draw,29.0
rainbow,51005,4.423338468659073,5.048038599470494,10,10,54,0,0.11978515139468937,synthetic,prior_draw,29.0
rainbow,51006,4.699038159794651,5.424902559898942,10,10,54,0,0.1478564822653847,synthetic,prior_draw,29.0
rainbow,51007,4.842668642433631,5.523466936872707,10,10,54,0,0.15804494775144654,synthetic,prior_draw,29.0
rainbow,51008,4.302097151238231,4.934490850879519,10,9,54,0,0.19566423265082195,synthetic,prior_draw,29.0
rainbow,51009,4.578251995240135,5.359316832628196,10,10,54,0,0.16862321549381387,synthetic,prior_draw,29.0
rainbow,51010,4.780148114516511,5.401784508824006,10,10,54,0,0.08620607892897186,synthetic,prior_draw,29.0
rainbow,51011,4.740178019548186,5.38815656709702,10,10,54,0,0.11226181774392327,synthetic,prior_draw,29.0
rainbow,51012,4.46242530522412,5.157917929746952,10,10,54,0,0.19474305937633565,synthetic,prior_draw,29.0
rainbow,51013,4.7452097619592255,5.38644733823821,10,10,54,0,0.20676951156273604,synthetic,prior_draw,29.0
rainbow,51014,4.875873513639135,5.49649745652475,10,10,54,0,0.14750355553160485,synthetic,prior_draw,29.0
rainbow,51015,4.372368731127513,4.963299301485166,10,10,54,0,0.1303502415776101,synthetic,prior_draw,29.0
rainbow,51016,4.600668657537558,5.226982684387495,10,10,54,0,0.11364659822102005,synthetic,prior_draw,29.0
rainbow,51017,4.4722429032706525,5.184712145310865,10,10,54,0,0.15954611928316953,synthetic,prior_draw,29.0
rainbow,51018,4.825011539924358,5.421338577181453,10,10,54,0,0.21023048533986372,synthetic,prior_draw,29.0
rainbow,51019,4.398845121142537,5.138387891089908,10,10,54,0,0.1310277984885575,synthetic,prior_draw,29.0
rainbow,51020,4.499773727332064,5.241441067354815,10,10,54,0,0.16581233455489836,synthetic,prior_draw,29.0
rainbow,51021,4.591775853057275,5.295842283708,10,10,54,0,0.2517156510275566,synthetic,prior_draw,29.0
rainbow,51022,4.400100738464191,5.113130326789195,10,10,54,0,0.10821575547100769,synthetic,prior_draw,29.0
rainbow,51023,4.838925031044049,5.579525628638367,10,10,54,0,0.1340373206073567,synthetic,prior_draw,29.0
rainbow,50000,4.919816753665882,5.531261237796221,10,10,54,0,0.15532556385098858,synthetic,prior_draw,47.0
rainbow,50001,4.555224584938066,5.280408717151079,10,9,54,0,0.2462394145520634,synthetic,prior_draw,47.0
rainbow,50002,4.8372664131651,5.503573756739268,10,10,54,0,0.14615896813511403,synthetic,prior_draw,47.0
rainbow,50003,4.7381058611120315,5.362356523432731,10,10,54,0,0.16599042541182063,synthetic,prior_draw,47.0
rainbow,50004,4.290110208582346,5.022252531093323,10,9,54,0,0.1562951116268374,synthetic,prior_draw,47.0
rainbow,50005,4.469924068275591,5.206029509116374,10,10,54,0,0.14763154134642587,synthetic,prior_draw,47.0
rainbow,50006,4.68535171342238,5.333879002167684,10,9,54,0,0.13576527105301525,synthetic,prior_draw,47.0
rainbow,50007,4.734834174995347,5.537694327641118,10,9,54,0,0.24375073939615519,synthetic,prior_draw,47.0
rainbow,50008,4.013132561854646,4.649624007927442,10,9,54,0,0.12798512415153288,synthetic,prior_draw,47.0
rainbow,50009,4.365130192195828,5.028734239367002,10,9,54,0,0.1472561531346987,synthetic,prior_draw,47.0
rainbow,50010,4.504664852301284,5.239007815683194,10,9,54,0,0.1793109080970509,synthetic,prior_draw,47.0
rainbow,50011,4.496907397639191,5.131376405242009,10,9,54,0,0.20183011442818102,synthetic,prior_draw,47.0
rainbow,50012,4.6681785071530895,5.2540554499619265,10,10,54,0,0.14146838584749089,synthetic,prior_draw,47.0
rainbow,50013,5.005428197064488,5.640217067581074,10,10,54,0,0.1347395112501067,synthetic,prior_draw,47.0
rainbow,50014,4.372625011009,5.120077240145133,10,9,54,0,0.16524435343215627,synthetic,prior_draw,47.0
rainbow,50015,4.547303235378822,5.250784216240418,10,10,54,0,0.27776690423380396,synthetic,prior_draw,47.0
rainbow,50016,4.589761936179979,5.3061861111202475,10,10,54,0,0.12051588828046093,synthetic,prior_draw,47.0
rainbow,50017,4.592989693481974,5.3393182667822465,10,9,54,0,0.18479015106759358,synthetic,prior_draw,47.0
rainbow,50018,4.536140049206447,5.279297770279358,10,9,54,0,0.10529987479505967,synthetic,prior_draw,47.0
rainbow,50019,4.4368892089405545,5.033200553886088,10,9,54,0,0.2287498701915415,synthetic,prior_draw,47.0
rainbow,50020,4.679201728300727,5.272123820715048,10,10,54,0,0.1892329157262093,synthetic,prior_draw,47.0
rainbow,50021,4.716311685012672,5.354679530970984,10,10,54,0,0.18737618048961868,synthetic,prior_draw,47.0
rainbow,50022,4.945961065614986,5.650930155816077,10,10,54,0,0.14097768664010002,synthetic,prior_draw,47.0
rainbow,50023,4.225253824722951,4.8707434308498785,10,8,54,0,0.15596063227122206,synthetic,prior_draw,47.0
rainbow,50024,4.599279385231694,5.275993121202038,10,10,54,0,0.2388363888120957,synthetic,prior_draw,47.0
rainbow,50025,4.448041993653297,5.11277157140146,10,9,54,0,0.14194058791037226,synthetic,prior_draw,47.0
rainbow,50026,4.786968411360233,5.432970946846196,10,10,54,0,0.21090110656669464,synthetic,prior_draw,47.0
rainbow,50027,4.531856646311926,5.275689379034704,10,9,54,0,0.2316827827757318,synthetic,prior_draw,47.0
rainbow,50028,4.807451505428496,5.4475592737427325,10,9,54,0,0.2298196105359672,synthetic,prior_draw,47.0
rainbow,50029,4.842368127352607,5.456154798478172,10,10,54,0,0.22357610095453614,synthetic,prior_draw,47.0
rainbow,50030,4.667724765796248,5.353741508795581,10,10,54,0,0.19264185795297026,synthetic,prior_draw,47.0
rainbow,50031,4.604295092624775,5.358542593809704,10,10,54,0,0.12278307789242326,synthetic,prior_draw,47.0
rainbow,50032,4.669089104260348,5.461126884540833,10,9,54,0,0.11201333179738868,synthetic,prior_draw,47.0
rainbow,50033,4.394907615792348,5.138270319733244,10,9,54,0,0.20562280911837622,synthetic,prior_draw,47.0
rainbow,50034,4.065998613945334,4.714059368384635,10,10,54,0,0.16871763233082854,synthetic,prior_draw,47.0
rainbow,50035,4.7075143785545,5.3693673197956135,10,10,54,0,0.1501012535814834,synthetic,prior_draw,47.0
rainbow,50036,4.3471981569912455,5.0670926432129635,10,9,54,0,0.16768913156750673,synthetic,prior_draw,47.0
rainbow,50037,3.863882448439444,4.517435756119841,10,10,54,0,0.11372258373388591,synthetic,prior_draw,47.0
rainbow,50038,4.606138800116372,5.317085660372129,10,10,54,0,0.175753841502503,synthetic,prior_draw,47.0
rainbow,50039,4.5496679407411875,5.265184669734095,10,10,54,0,0.1626305358662984,synthetic,prior_draw,47.0
rainbow,50040,4.485233886506711,5.153631754888535,10,9,54,0,0.22511686881480542,synthetic,prior_draw,47.0
rainbow,50041,4.690119509689496,5.432341093286111,10,10,54,0,0.20681574537354566,synthetic,prior_draw,47.0
rainbow,50042,4.365755896312044,5.093154800697866,10,9,54,0,0.14557888222157597,synthetic,prior_draw,47.0
rainbow,50043,4.587315723522706,5.317029393160676,10,9,54,0,0.13635755804614844,synthetic,prior_draw,47.0
rainbow,50044,4.700911779020951,5.320721276482134,10,10,54,0,0.15307192609263778,synthetic,prior_draw,47.0
rainbow,50045,4.998170532362743,5.645949153185731,10,8,54,0,0.1378872667285175,synthetic,prior_draw,47.0
rainbow,50046,4.795085173769287,5.564682848160406,10,10,54,0,0.16179838935170857,synthetic,prior_draw,47.0
rainbow,50047,4.5728881686292215,5.2850793510305625,10,10,54,0,0.134474163376758,synthetic,prior_draw,47.0
rainbow,50048,4.64077691347023,5.303915900313984,10,10,54,0,0.16445397481711227,synthetic,prior_draw,47.0
rainbow,50049,4.919967304912239,5.552345323120662,10,10,54,0,0.09913077464053385,synthetic,prior_draw,47.0
rainbow,50050,4.797586849563362,5.512457282603594,10,10,54,0,0.1579150904263166,synthetic,prior_draw,47.0
rainbow,50051,4.866225249327627,5.540601089917812,10,10,54,0,0.1951383367494062,synthetic,prior_draw,47.0
rainbow,50052,4.87214490227557,5.482345792592503,10,10,54,0,0.14817713824446974,synthetic,prior_draw,47.0
rainbow,50053,4.44003788752373,5.130130709710303,10,9,54,0,0.19537590087171117,synthetic,prior_draw,47.0
rainbow,50054,4.5150448515350785,5.151220136030569,10,9,54,0,0.15652858955166551,synthetic,prior_draw,47.0
rainbow,50055,4.81728905078187,5.571297968209576,10,10,54,0,0.15331771235621136,synthetic,prior_draw,47.0
rainbow,50056,4.319591344555187,5.032740443785219,10,9,54,0,0.14980096742447738,synthetic,prior_draw,47.0
rainbow,50057,4.750667273925444,5.436757937341637,10,9,54,0,0.13526232128893215,synthetic,prior_draw,47.0
rainbow,50058,4.612421001953009,5.273988594176884,10,8,54,0,0.10190955004901317,synthetic,prior_draw,47.0
rainbow,50059,4.488378846113483,5.265556628554705,10,9,54,0,0.12607426673736533,synthetic,prior_draw,47.0
rainbow,50060,4.614360277416781,5.3187184585173375,10,10,54,0,0.13995264234264107,synthetic,prior_draw,47.0
rainbow,50061,4.51195286802009,5.1604507412359,10,10,54,0,0.15869847683052046,synthetic,prior_draw,47.0
rainbow,50062,4.330325125696635,5.044066209045194,10,9,54,0,0.27997604315188646,synthetic,prior_draw,47.0
rainbow,50063,4.489408259101454,5.094678170554607,10,9,54,0,0.16086458464799436,synthetic,prior_draw,47.0
rainbow,50064,4.7024453159452975,5.49882787467974,10,9,54,0,0.12150560362286686,synthetic,prior_draw,47.0
rainbow,50065,4.250177971606595,4.8485971501107565,10,7,54,0,0.26687207888842346,synthetic,prior_draw,47.0
rainbow,50066,4.670316649158914,5.466566947543791,10,9,54,0,0.13570866530227185,synthetic,prior_draw,47.0
rainbow,50067,4.685404768251122,5.328511809043821,10,9,54,0,0.16099186498630905,synthetic,prior_draw,47.0
rainbow,50068,4.529703514971888,5.146713082732407,10,10,54,0,0.2233030513129807,synthetic,prior_draw,47.0
rainbow,50069,4.507303851926542,5.127622092445063,10,9,54,0,0.29636626299584484,synthetic,prior_draw,47.0
rainbow,50070,4.9461650131867465,5.635668294297847,10,10,54,0,0.21680011694335352,synthetic,prior_draw,47.0
rainbow,50071,4.534974445133403,5.3027466586378855,10,9,54,0,0.19655792483541595,synthetic,prior_draw,47.0
rainbow,50072,4.7437391665968125,5.443367711635794,10,10,54,0,0.2387451148287762,synthetic,prior_draw,47.0
rainbow,50073,5.044623239593838,5.711872868039139,10,10,54,0,0.12525268164040332,synthetic,prior_draw,47.0
rainbow,50074,4.8814789390282645,5.494681540781631,10,10,54,0,0.21055573619661488,synthetic,prior_draw,47.0
rainbow,50075,4.48597296758203,5.195370565039346,10,10,54,0,0.12896920317976576,synthetic,prior_draw,47.0
rainbow,50076,4.594279625090627,5.295422013817403,10,10,54,0,0.14264372440764478,synthetic,prior_draw,47.0
rainbow,50077,4.965521722120314,5.569923101430689,10,10,54,0,0.121232537352693,synthetic,prior_draw,47.0
rainbow,50078,4.052197802898193,4.808593215682922,10,8,54,0,0.10087973537710096,synthetic,prior_draw,47.0
rainbow,50079,4.21596088254567,4.93887215508801,10,8,54,0,0.11683498013686719,synthetic,prior_draw,47.0
rainbow,50080,4.5377548358085775,5.28118047032912,10,10,54,0,0.1333255960047672,synthetic,prior_draw,47.0
rainbow,50081,4.5016676310788135,5.285062410200039,10,8,54,0,0.1601836463634483,synthetic,prior_draw,47.0
rainbow,50082,4.71338341721882,5.361853943185854,10,9,54,0,0.11931093709221283,synthetic,prior_draw,47.0
rainbow,50083,4.725297934074899,5.344595913195229,10,10,54,0,0.13651045694841646,synthetic,prior_draw,47.0
rainbow,50084,4.4868078538734055,5.264866802845542,10,9,54,0,0.1598072464072892,synthetic,prior_draw,47.0
rainbow,50085,4.714573937623632,5.337983605723455,10,10,54,0,0.14473535114931224,synthetic,prior_draw,47.0
rainbow,50086,4.432832095084539,5.183765494326009,10,9,54,0,0.12576029877999145,synthetic,prior_draw,47.0
rainbow,50087,4.6269363933811585,5.23831029675232,10,10,54,0,0.13533890313514813,synthetic,prior_draw,47.0
rainbow,50088,4.750076499919559,5.394473295772986,10,10,54,0,0.20225074639577698,synthetic,prior_draw,47.0
rainbow,50089,5.072034374034711,5.699466260292761,10,10,54,0,0.17194320826049084,synthetic,prior_draw,47.0
rainbow,50090,4.378254650736686,5.099335971941383,10,9,54,0,0.15402993892473155,synthetic,prior_draw,47.0
rainbow,50091,4.52609312618758,5.196885480221444,10,8,54,0,0.1720602513393834,synthetic,prior_draw,47.0
rainbow,50092,4.459395072945841,5.171142586032179,10,9,54,0,0.14893854254844116,synthetic,prior_draw,47.0
rainbow,50093,4.744251443422476,5.46792619013697,10,10,54,0,0.15917793425247265,synthetic,prior_draw,47.0
rainbow,50094,4.4931333113683385,5.133504118334771,10,9,54,0,0.16587570278889702,synthetic,prior_draw,47.0
rainbow,50095,4.507283427284725,5.256682003514604,10,9,54,0,0.1708142815233461,synthetic,prior_draw,47.0
rainbow,50096,4.480454753579532,5.1971013728049344,10,10,54,0,0.1622805373621082,synthetic,prior_draw,47.0
rainbow,50097,4.819406185713838,5.469304012226757,10,10,54,0,0.17294940879979082,synthetic,prior_draw,47.0
rainbow,50098,4.959664007412405,5.722930569891432,10,9,54,0,0.1347461726650485,synthetic,prior_draw,47.0
rainbow,50099,4.579882186486148,5.301574587797428,10,10,54,0,0.1293309006049919,synthetic,prior_draw,47.0
rainbow,50100,4.579541535282687,5.259364702721987,10,10,54,0,0.15239985094582703,synthetic,prior_draw,47.0
rainbow,50101,4.860832507754612,5.46337286218623,10,8,54,0,0.1508700525624934,synthetic,prior_draw,47.0
rainbow,50102,3.9167973836924355,4.545403378935524,10,8,54,0,0.25644703519624806,synthetic,prior_draw,47.0
rainbow,50103,4.671585339620519,5.4533553038860685,10,9,54,0,0.16252357821074673,synthetic,prior_draw,47.0
rainbow,50104,4.324330436266897,5.009721978021485,10,9,54,0,0.10232250833400441,synthetic,prior_draw,47.0
rainbow,50105,4.751476065217514,5.383691961947717,10,9,54,0,0.09282306628631551,synthetic,prior_draw,47.0
rainbow,50106,4.690857593304712,5.363866503968075,10,10,54,0,0.0880663531844685,synthetic,prior_draw,47.0
rainbow,50107,4.543413514763868,5.242520245921449,10,10,54,0,0.12792380929084626,synthetic,prior_draw,47.0
rainbow,50108,4.655994650359365,5.2727529951476475,10,10,54,0,0.13039368104398977,synthetic,prior_draw,47.0
rainbow,50109,4.366738358301816,5.088434462330163,10,9,54,0,0.1516630278908206,synthetic,prior_draw,47.0
rainbow,50110,4.379384377181666,5.126228276756983,10,9,54,0,0.2278017327585358,synthetic,prior_draw,47.0
rainbow,50111,4.55528009191975,5.336241269714915,10,9,54,0,0.16246689243050086,synthetic,prior_draw,47.0
rainbow,50112,4.8436154556355,5.480159514087688,10,10,54,0,0.2881923394147829,synthetic,prior_draw,47.0
rainbow,50113,4.298289403164115,5.077477661177723,10,8,54,0,0.19040067277508024,synthetic,prior_draw,47.0
rainbow,50114,4.360341673703218,5.023674196872048,10,9,54,0,0.15420082031626367,synthetic,prior_draw,47.0
rainbow,50115,4.56445874224046,5.154820814975704,10,9,54,0,0.16045602411965884,synthetic,prior_draw,47.0
rainbow,50116,4.227495357039557,5.00208918262557,10,9,54,0,0.13233782646358577,synthetic,prior_draw,47.0
rainbow,50117,4.949880535609467,5.574748115739251,10,9,54,0,0.1281689562857686,synthetic,prior_draw,47.0
rainbow,50118,4.608273027337085,5.3288561728373,10,9,54,0,0.16022180486223953,synthetic,prior_draw,47.0
rainbow,50119,4.806587006490702,5.4555022042214,10,8,54,0,0.17583775022023404,synthetic,prior_draw,47.0
rainbow,50120,4.813088893322542,5.449807664059928,10,10,54,0,0.20547162074242872,synthetic,prior_draw,47.0
rainbow,50121,4.396975450616483,5.116301767254179,10,9,54,0,0.13274794932525602,synthetic,prior_draw,47.0
rainbow,50122,4.6005530286174565,5.315784413365895,10,10,54,0,0.14827795679964112,synthetic,prior_draw,47.0
rainbow,50123,4.333890533730944,5.035945811314833,10,9,54,0,0.13808129146668852,synthetic,prior_draw,47.0
rainbow,50124,4.891591496073787,5.494833167734267,10,10,54,0,0.10164878463930427,synthetic,prior_draw,47.0
rainbow,50125,4.470179889673545,5.085585253304038,10,9,54,0,0.1769875468673864,synthetic,prior_draw,47.0
rainbow,50126,4.926450564254975,5.574255840482886,10,10,54,0,0.09320830766902016,synthetic,prior_draw,47.0
rainbow,50127,4.760120698474398,5.359117847766707,10,10,54,0,0.13856353187586984,synthetic,prior_draw,47.0
rainbow,50128,4.55581399084658,5.221068226543748,10,10,54,0,0.14955130811460587,synthetic,prior_draw,47.0
rainbow,50129,4.809313908212826,5.4967015023553145,10,9,54,0,0.14083754295137632,synthetic,prior_draw,47.0
rainbow,50130,4.484195783311942,5.125146544441516,10,9,54,0,0.11120909585155306,synthetic,prior_draw,47.0
rainbow,50131,4.369185606575648,5.008795304244988,10,8,54,0,0.10861582795164178,synthetic,prior_draw,47.0
rainbow,50132,4.398887698034221,5.037736376689023,10,9,54,0,0.19968250066550763,synthetic,prior_draw,47.0
rainbow,50133,4.67491605411707,5.401092016027824,10,9,54,0,0.1828625705653316,synthetic,prior_draw,47.0
rainbow,50134,4.645283136137982,5.377526639802017,10,10,54,0,0.12300067639321868,synthetic,prior_draw,47.0
rainbow,50135,4.786731374434127,5.411894414529621,10,10,54,0,0.10103902491388367,synthetic,prior_draw,47.0
rainbow,50136,4.4051165099163265,5.184328215447368,10,9,54,0,0.26678398511302964,synthetic,prior_draw,47.0
rainbow,50137,4.526315813208977,5.225694398025436,10,10,54,0,0.1289135870511583,synthetic,prior_draw,47.0
rainbow,50138,4.562875973897998,5.325956661621307,10,9,54,0,0.0999330502311309,synthetic,prior_draw,47.0
rainbow,50139,4.835789802615131,5.4770107310129745,10,8,54,0,0.2759458051762381,synthetic,prior_draw,47.0
rainbow,50140,4.299741153191655,5.03133691460213,10,9,54,0,0.12347650388975973,synthetic,prior_draw,47.0
rainbow,50141,4.302002090588723,4.940253445173331,10,9,54,0,0.1843506246646247,synthetic,prior_draw,47.0
rainbow,50142,4.599184971595278,5.336835747458732,10,10,54,0,0.24760362932871752,synthetic,prior_draw,47.0
rainbow,50143,5.072255978751047,5.721933010592293,10,10,54,0,0.17994902472006258,synthetic,prior_draw,47.0
rainbow,50144,4.538421899641976,5.305443074155176,10,9,54,0,0.10999075942350196,synthetic,prior_draw,47.0
rainbow,50145,4.5119355830453465,5.2546348549628465,10,9,54,0,0.12795825893296509,synthetic,prior_draw,47.0
rainbow,50146,4.646329440021199,5.418220248522016,10,9,54,0,0.1924324851220869,synthetic,prior_draw,47.0
rainbow,50147,4.775890384126429,5.570675611679223,10,10,54,0,0.13006863361014007,synthetic,prior_draw,47.0
rainbow,50148,4.35618780255539,5.037562578993377,10,9,54,0,0.32156075111078575,synthetic,prior_draw,47.0
rainbow,50149,4.750777106543357,5.369472095987398,10,8,54,0,0.07806478819475388,synthetic,prior_draw,47.0
rainbow,50150,4.631413757279354,5.243242165654247,10,10,54,0,0.16711392554473972,synthetic,prior_draw,47.0
rainbow,50151,4.597856330895139,5.353085404378419,10,10,54,0,0.11172822991766078,synthetic,prior_draw,47.0
rainbow,50152,4.78592870651605,5.412247845425962,10,10,54,0,0.16964111175765426,synthetic,prior_draw,47.0
rainbow,50153,4.711850427591883,5.380075076156649,10,10,54,0,0.12581516312350305,synthetic,prior_draw,47.0
rainbow,50154,4.336210089238077,5.03989073571388,10,9,54,0,0.12304646801236944,synthetic,prior_draw,47.0
rainbow,50155,4.3917023339769905,5.124820723889515,10,9,54,0,0.14575627322369117,synthetic,prior_draw,47.0
rainbow,50156,4.944807212336302,5.602330744760525,10,10,54,0,0.10959634321164516,synthetic,prior_draw,47.0
rainbow,50157,4.4085229455296115,5.1826257303747525,10,10,54,0,0.22564735530866353,synthetic,prior_draw,47.0
rainbow,50158,4.883294553140756,5.5082789903027285,10,10,54,0,0.10602636455071958,synthetic,prior_draw,47.0
rainbow,50159,4.330190143974744,5.068947231394354,10,9,54,0,0.21956268884199998,synthetic,prior_draw,47.0
rainbow,50160,4.6294857521821315,5.380032566634915,10,10,54,0,0.1409154359742634,synthetic,prior_draw,47.0
rainbow,50161,4.372276482652656,5.052034608976648,10,8,54,0,0.1958731969515371,synthetic,prior_draw,47.0
rainbow,50162,4.306752598481231,5.032188908807473,10,9,54,0,0.17976065092975008,synthetic,prior_draw,47.0
rainbow,50163,5.028950673737503,5.756764541057295,10,10,54,0,0.12555622355211224,synthetic,prior_draw,47.0
rainbow,50164,4.4514962267018365,5.210261529301943,10,9,54,0,0.24109187931011716,synthetic,prior_draw,47.0
rainbow,50165,5.012946010775196,5.646205590913802,10,10,54,0,0.12980884304707088,synthetic,prior_draw,47.0
rainbow,50166,4.497797699813457,5.172759719987539,10,10,54,0,0.2532152827265485,synthetic,prior_draw,47.0
rainbow,50167,4.640802438102057,5.369583763104056,10,10,54,0,0.11759729992612027,synthetic,prior_draw,47.0
rainbow,50168,5.0883603589930075,5.741955297319227,10,10,54,0,0.23448876705989716,synthetic,prior_draw,47.0
rainbow,50169,4.5000875964453915,5.22704879975156,10,10,54,0,0.0940144267414437,synthetic,prior_draw,47.0
rainbow,50170,4.467070403661854,5.11764362129934,10,9,54,0,0.21556587266486807,synthetic,prior_draw,47.0
rainbow,50171,4.801133867883224,5.564859066054064,10,10,54,0,0.1806718793517702,synthetic,prior_draw,47.0
rainbow,50172,4.453972387800096,5.168340481516317,10,9,54,0,0.14623071432301116,synthetic,prior_draw,47.0
rainbow,50173,4.789315064155744,5.455669845877043,10,10,54,0,0.10544582056432546,synthetic,prior_draw,47.0
rainbow,50174,4.553983409803431,5.29170167951837,10,8,54,0,0.11655312446255671,synthetic,prior_draw,47.0
rainbow,50175,4.158503308065856,4.794958439549616,10,6,54,0,0.2729406854821137,synthetic,prior_draw,47.0
rainbow,50176,5.135295444386523,5.751335523399111,10,10,54,0,0.14801952668854634,synthetic,prior_draw,47.0
rainbow,50177,4.786477080124623,5.415252127058831,10,10,54,0,0.15844639115826128,synthetic,prior_draw,47.0
rainbow,50178,4.5774170212828995,5.304991515173304,10,10,54,0,0.15359411296538614,synthetic,prior_draw,47.0
rainbow,50179,4.355955402807355,5.078989103846898,10,9,54,0,0.2164316508315633,synthetic,prior_draw,47.0
rainbow,50180,4.886961722058741,5.5684838520332605,10,10,54,0,0.1306985046865231,synthetic,prior_draw,47.0
rainbow,50181,4.762274630360891,5.4048844663204925,10,9,54,0,0.17703916119191812,synthetic,prior_draw,47.0
rainbow,50182,4.406134546998436,5.112590519401718,10,9,54,0,0.1807535846021546,synthetic,prior_draw,47.0
rainbow,50183,4.521790731073692,5.269699375618502,10,9,54,0,0.27064373091215094,synthetic,prior_draw,47.0
rainbow,50184,4.983954063578363,5.617957927337946,10,10,54,0,0.1481073343326775,synthetic,prior_draw,47.0
rainbow,50185,4.443753489183353,5.1692043242337675,10,8,54,0,0.19526663156728113,synthetic,prior_draw,47.0
rainbow,50186,4.806340625179379,5.578122985143192,10,10,54,0,0.1986665698857429,synthetic,prior_draw,47.0
rainbow,50187,4.848999226318672,5.519326842003014,10,10,54,0,0.197702746051949,synthetic,prior_draw,47.0
rainbow,50188,4.8137058672589434,5.472786372360975,10,8,54,0,0.157369594824537,synthetic,prior_draw,47.0
rainbow,50189,3.1433566804727264,3.810543605714904,10,7,54,0,0.08332162103932797,synthetic,prior_draw,47.0
rainbow,50190,4.4332017733724385,5.120307659026658,10,8,54,0,0.2372441379672114,synthetic,prior_draw,47.0
rainbow,50191,4.577955661844483,5.193710950401228,10,9,54,0,0.17236452046294223,synthetic,prior_draw,47.0
rainbow,50192,4.374412196020548,5.127098751153747,10,9,54,0,0.15563777576789933,synthetic,prior_draw,47.0
rainbow,50193,4.520910860851475,5.2882940711386155,10,9,54,0,0.16905912107047258,synthetic,prior_draw,47.0
rainbow,50194,5.057304004329742,5.794939189901208,10,10,54,0,0.16995072166725553,synthetic,prior_draw,47.0
rainbow,50195,4.933936610659425,5.603614226492628,10,10,54,0,0.16299915713056953,synthetic,prior_draw,47.0
rainbow,50196,4.502362538155701,5.171850470496713,10,10,54,0,0.10659163432057563,synthetic,prior_draw,47.0
rainbow,50197,4.744295966414691,5.42311873287139,10,9,54,0,0.13493137915800338,synthetic,prior_draw,47.0
rainbow,50198,4.478398214009523,5.205898250036008,10,10,54,0,0.17487995331994638,synthetic,prior_draw,47.0
rainbow,50199,4.852377037531332,5.483574100931625,10,8,54,0,0.17737878496031134,synthetic,prior_draw,47.0
rainbow,50200,5.022311149195684,5.695215369697424,10,10,54,0,0.2631672369590202,synthetic,prior_draw,47.0
rainbow,50201,4.9418514297896206,5.610138491005001,10,10,54,0,0.11406536972939484,synthetic,prior_draw,47.0
rainbow,50202,4.919036563782693,5.674605388874288,10,9,54,0,0.26697670463705586,synthetic,prior_draw,47.0
rainbow,50203,4.493580755496753,5.24253292752613,10,10,54,0,0.142982722533025,synthetic,prior_draw,47.0
rainbow,50204,4.88038158934178,5.527375731067563,10,10,54,0,0.13225602474778955,synthetic,prior_draw,47.0
rainbow,50205,4.4241762936671645,5.093602050315576,10,9,54,0,0.1437040613646756,synthetic,prior_draw,47.0
rainbow,50206,4.691621969198626,5.377104558325907,10,10,54,0,0.10094162343447831,synthetic,prior_draw,47.0
rainbow,50207,4.84377136773583,5.471838661529552,10,10,54,0,0.1861789541167162,synthetic,prior_draw,47.0
rainbow,50208,4.396250897109774,5.134729258493586,10,9,54,0,0.12822739331918243,synthetic,prior_draw,47.0
rainbow,50209,4.673195409053561,5.279350875423031,10,8,54,0,0.18759419585351492,synthetic,prior_draw,47.0
rainbow,50210,4.672441745671979,5.363051430604931,10,10,54,0,0.26586966750035,synthetic,prior_draw,47.0
rainbow,50211,4.46750014998852,5.209996173389102,10,9,54,0,0.27128826541233714,synthetic,prior_draw,47.0
rainbow,50212,4.743835250186714,5.421633024003936,10,10,54,0,0.11935477699994874,synthetic,prior_draw,47.0
rainbow,50213,4.45417838836857,5.0491098025683545,10,7,54,0,0.12468237298094637,synthetic,prior_draw,47.0
rainbow,50214,4.813893306575712,5.406022154004269,10,10,54,0,0.07533080482462125,synthetic,prior_draw,47.0
rainbow,50215,4.524065309806666,5.265989131987524,10,10,54,0,0.13590424844016513,synthetic,prior_draw,47.0
rainbow,50216,5.180695332806476,5.847128063082204,10,10,54,0,0.10934455070041782,synthetic,prior_draw,47.0
rainbow,50217,4.152848318549498,4.777153865764032,10,8,54,0,0.138179686804834,synthetic,prior_draw,47.0
rainbow,50218,4.6664916959710165,5.299313373348484,10,9,54,0,0.07432432635572221,synthetic,prior_draw,47.0
rainbow,50219,4.707688842600401,5.334578723999079,10,10,54,0,0.20005327984405571,synthetic,prior_draw,47.0
rainbow,50220,4.781897426145777,5.5520787831085645,10,10,54,0,0.20648970853188459,synthetic,prior_draw,47.0
rainbow,50221,4.563977919763298,5.293409884205665,10,10,54,0,0.19262104141582567,synthetic,prior_draw,47.0
rainbow,50222,4.824607698106182,5.464031262751426,10,10,54,0,0.18997473224435327,synthetic,prior_draw,47.0
rainbow,50223,4.718385080036891,5.340244685811836,10,10,54,0,0.2577688231752125,synthetic,prior_draw,47.0
rainbow,50224,4.604029037087864,5.258293234921009,10,9,54,0,0.2144579974405843,synthetic,prior_draw,47.0
rainbow,50225,4.593702469533762,5.271048414056368,10,9,54,0,0.20566066996459703,synthetic,prior_draw,47.0
rainbow,50226,4.037696467850998,4.806142312620316,10,8,54,0,0.27822998296051416,synthetic,prior_draw,47.0
rainbow,50227,4.587333277680913,5.320967239033489,10,10,54,0,0.13870028629833248,synthetic,prior_draw,47.0
rainbow,50228,4.611081679129215,5.32168936992941,10,10,54,0,0.24259777203730265,synthetic,prior_draw,47.0
rainbow,50229,4.754290840083476,5.482907348905426,10,10,54,0,0.11308507132570238,synthetic,prior_draw,47.0
rainbow,50230,4.817163808816722,5.42491815537066,10,10,54,0,0.11724338285353417,synthetic,prior_draw,47.0
rainbow,50231,4.3992008624508765,5.044381171397541,10,9,54,0,0.09275202258134502,synthetic,prior_draw,47.0
rainbow,50232,4.89844542441578,5.535101794972219,10,10,54,0,0.11755473538237558,synthetic,prior_draw,47.0
rainbow,50233,4.354580865206966,5.055103403136766,10,9,54,0,0.17801056655288458,synthetic,prior_draw,47.0
rainbow,50234,4.047732659484812,4.78668058143299,10,10,54,0,0.27420069723419077,synthetic,prior_draw,47.0
rainbow,50235,4.31574289520279,4.981618787215675,10,9,54,0,0.11640155052653633,synthetic,prior_draw,47.0
rainbow,50236,4.5070150162134786,5.2782701091792275,10,8,54,0,0.17494458817826627,synthetic,prior_draw,47.0
rainbow,50237,4.409989307229706,5.140396127739669,10,9,54,0,0.12726243757832467,synthetic,prior_draw,47.0
rainbow,50238,4.5901153063587214,5.3545310275226194,10,10,54,0,0.11162008591844709,synthetic,prior_draw,47.0
rainbow,50239,4.544857402509573,5.2417654795752675,10,10,54,0,0.26098511510848443,synthetic,prior_draw,47.0
rainbow,50240,4.481924542785326,5.231881678299752,10,9,54,0,0.13167695544966362,synthetic,prior_draw,47.0
rainbow,50241,4.53045918167871,5.269634076883857,10,10,54,0,0.18697322341704412,synthetic,prior_draw,47.0
rainbow,50242,4.510528345432842,5.133050580906305,10,9,54,0,0.19802825057302298,synthetic,prior_draw,47.0
rainbow,50243,4.6966931981788775,5.313111560082526,10,8,54,0,0.21736990123359914,synthetic,prior_draw,47.0
rainbow,50244,4.461700986452109,5.155101661267037,10,9,54,0,0.1811620271680762,synthetic,prior_draw,47.0
rainbow,50245,4.708387612535251,5.317007687732661,10,9,54,0,0.27903043972618247,synthetic,prior_draw,47.0
rainbow,50246,4.384255266694473,5.10304922161949,10,9,54,0,0.23437507669371985,synthetic,prior_draw,47.0
rainbow,50247,4.68628882240025,5.474233573089132,10,9,54,0,0.1398752375071529,synthetic,prior_draw,47.0
rainbow,50248,4.736574702101596,5.436916736169041,10,10,54,0,0.2367531646369264,synthetic,prior_draw,47.0
rainbow,50249,4.739115864251592,5.40099727460529,10,10,54,0,0.19631034128537495,synthetic,prior_draw,47.0
rainbow,50250,4.4563660680071235,5.151575843732442,10,10,54,0,0.1340313370527358,synthetic,prior_draw,47.0
rainbow,50251,4.840348401582446,5.504465630626689,10,10,54,0,0.1261737076026803,synthetic,prior_draw,47.0
rainbow,50252,4.665970777753266,5.281854894574424,10,8,54,0,0.2893487740636483,synthetic,prior_draw,47.0
rainbow,50253,4.490497580250788,5.262725001788943,10,9,54,0,0.12549552984447077,synthetic,prior_draw,47.0
rainbow,50254,4.279341623077823,4.97173067370216,10,9,54,0,0.13437475428211668,synthetic,prior_draw,47.0
rainbow,50255,4.568733476239098,5.269767330561714,10,8,54,0,0.15460251592209906,synthetic,prior_draw,47.0
rainbow,50256,4.484730206017269,5.208400680360545,10,8,54,0,0.19619215413033342,synthetic,prior_draw,47.0
rainbow,50257,4.6194841191306635,5.360387474233423,10,10,54,0,0.10902879113231782,synthetic,prior_draw,47.0
rainbow,50258,4.3942841400436485,5.008541284668361,10,9,54,0,0.14377640339607048,synthetic,prior_draw,47.0
rainbow,50259,4.9476759192872155,5.583403396735885,10,10,54,0,0.1610908596983335,synthetic,prior_draw,47.0
rainbow,50260,4.304391346249823,4.948907303399397,10,8,54,0,0.2504224953845487,synthetic,prior_draw,47.0
rainbow,50261,4.675416527165068,5.432956608772034,10,9,54,0,0.18979975403406157,synthetic,prior_draw,47.0
rainbow,50262,4.814157433600053,5.465582501622588,10,10,54,0,0.15242116009993953,synthetic,prior_draw,47.0
rainbow,50263,4.552942139688154,5.172059805695844,10,9,54,0,0.20881574706833445,synthetic,prior_draw,47.0
rainbow,50264,4.552620267669527,5.196072568292321,10,9,54,0,0.22073564758695224,synthetic,prior_draw,47.0
rainbow,50265,4.376273460650917,5.098048318711795,10,9,54,0,0.20275337515478223,synthetic,prior_draw,47.0
rainbow,50266,4.346208977129528,5.039901081787849,10,9,54,0,0.193593257835313,synthetic,prior_draw,47.0
rainbow,50267,4.613238294186129,5.253707095581105,10,10,54,0,0.2356653056254298,synthetic,prior_draw,47.0
rainbow,50268,4.652126390031798,5.2741227426862025,10,10,54,0,0.12882486733665216,synthetic,prior_draw,47.0
rainbow,50269,4.61558824444423,5.30413900801743,10,8,54,0,0.23001839941748764,synthetic,prior_draw,47.0
rainbow,50270,4.2831144099920575,5.0048958636963095,10,9,54,0,0.16519430400220106,synthetic,prior_draw,47.0
rainbow,50271,4.909039691073266,5.588182917238777,10,10,54,0,0.13834677228229697,synthetic,prior_draw,47.0
rainbow,50272,4.771748483050118,5.482862172327064,10,10,54,0,0.1524754446994931,synthetic,prior_draw,47.0
rainbow,50273,4.516872922441844,5.142726494692483,10,9,54,0,0.12434696093255086,synthetic,prior_draw,47.0
rainbow,50274,4.371938209121823,5.0942254625159675,10,9,54,0,0.17704688712546915,synthetic,prior_draw,47.0
rainbow,50275,4.260594092488865,4.9905177683279796,10,8,54,0,0.15421887608515614,synthetic,prior_draw,47.0
rainbow,50276,4.74768390555028,5.549234572945705,10,9,54,0,0.20708898908008702,synthetic,prior_draw,47.0
rainbow,50277,4.632421583992012,5.245983356156302,10,10,54,0,0.17769813149209066,synthetic,prior_draw,47.0
rainbow,50278,4.4040112654658925,5.11397194351304,10,10,54,0,0.15036569147315923,synthetic,prior_draw,47.0
rainbow,50279,4.561260533126502,5.257557898116594,10,10,54,0,0.2133040285113671,synthetic,prior_draw,47.0
rainbow,50280,4.561407001617042,5.302438087776221,10,9,54,0,0.21208994360435657,synthetic,prior_draw,47.0
rainbow,50281,4.665397538948814,5.365990944934907,10,10,54,0,0.14555181468211947,synthetic,prior_draw,47.0
rainbow,50282,4.427787678802221,5.120090293854334,10,9,54,0,0.1517468307054147,synthetic,prior_draw,47.0
rainbow,50283,4.455011246392218,5.150538379075498,10,10,54,0,0.1564419423733298,synthetic,prior_draw,47.0
rainbow,50284,4.651147218390369,5.401024824645929,10,10,54,0,0.17063917472834542,synthetic,prior_draw,47.0
rainbow,50285,4.635665836714956,5.248180884021563,10,10,54,0,0.15810877798538078,synthetic,prior_draw,47.0
rainbow,50286,5.049418053878646,5.683301331075877,10,9,54,0,0.18665100631683884,synthetic,prior_draw,47.0
rainbow,50287,4.75880120359951,5.502073517890243,10,10,54,0,0.16083945761587673,synthetic,prior_draw,47.0
rainbow,50288,4.513966720595982,5.271104237339631,10,9,54,0,0.17000263605802965,synthetic,prior_draw,47.0
rainbow,50289,4.698063162478109,5.329728741682178,10,10,54,0,0.06463511200678962,synthetic,prior_draw,47.0
rainbow,50290,4.600167482624605,5.298406796435136,10,10,54,0,0.17719534206848134,synthetic,prior_draw,47.0
rainbow,50291,4.855459392226169,5.55887486044127,10,10,54,0,0.12898215202168897,synthetic,prior_draw,47.0
rainbow,50292,5.003228776064121,5.656003989209822,10,10,54,0,0.11701088901340401,synthetic,prior_draw,47.0
rainbow,50293,4.884118895232818,5.507502515685864,10,10,54,0,0.14351109581911958,synthetic,prior_draw,47.0
rainbow,50294,4.575841033646617,5.286886306491472,10,10,54,0,0.18849084437313535,synthetic,prior_draw,47.0
rainbow,50295,4.585443623797236,5.27412917005801,10,9,54,0,0.18568289783071099,synthetic,prior_draw,47.0
rainbow,50296,3.949101629045976,4.577716459200725,10,8,54,0,0.18357275166259157,synthetic,prior_draw,47.0
rainbow,50297,4.481766279533647,5.224311410680697,10,10,54,0,0.16902720488346928,synthetic,prior_draw,47.0
rainbow,50298,4.323874966416693,5.034629207638967,10,9,54,0,0.2143264054144893,synthetic,prior_draw,47.0
rainbow,50299,4.492830599423732,5.247217592980042,10,8,54,0,0.19986332444502888,synthetic,prior_draw,47.0
rainbow,50300,4.052153087719436,4.834926270695999,10,10,54,0,0.19502029441729915,synthetic,prior_draw,47.0
rainbow,50301,4.776449011145059,5.457538522116203,10,10,54,0,0.0961988342389881,synthetic,prior_draw,47.0
rainbow,50302,4.363001621261592,5.081393216359053,10,9,54,0,0.1467793288130699,synthetic,prior_draw,47.0
rainbow,50303,4.832246884974993,5.47627763225071,10,10,54,0,0.1632919910100127,synthetic,prior_draw,47.0
rainbow,50304,4.265250092575927,4.886948838365452,10,9,54,0,0.1910783447859701,synthetic,prior_draw,47.0
rainbow,50305,4.952838601605685,5.636818662675599,10,10,54,0,0.1229675861796452,synthetic,prior_draw,47.0
rainbow,50306,4.588142118731399,5.275726736058287,10,10,54,0,0.18464943585784516,synthetic,prior_draw,47.0
rainbow,50307,4.64374036782641,5.257085919169142,10,9,54,0,0.1810418826764066,synthetic,prior_draw,47.0
rainbow,50308,4.54222685368855,5.130964522485765,10,10,54,0,0.18899113866604067,synthetic,prior_draw,47.0
rainbow,50309,4.67973138263935,5.363605112350555,10,9,54,0,0.22203114196408197,synthetic,prior_draw,47.0
rainbow,50310,4.440939430897517,5.179638075250498,10,9,54,0,0.1720867184519729,synthetic,prior_draw,47.0
rainbow,50311,4.604074473525249,5.312547032745056,10,10,54,0,0.12988948374591214,synthetic,prior_draw,47.0
rainbow,50312,4.579890926935715,5.223080939373411,10,10,54,0,0.16345832300074645,synthetic,prior_draw,47.0
rainbow,50313,4.477894081623166,5.13044229753944,10,10,54,0,0.17735227272033985,synthetic,prior_draw,47.0
rainbow,50314,4.492997880343524,5.218295314735778,10,9,54,0,0.1416216212594574,synthetic,prior_draw,47.0
rainbow,50315,4.513950141105614,5.128095458623766,10,9,54,0,0.17581702685409215,synthetic,prior_draw,47.0
rainbow,50316,4.644777108787225,5.357989726237191,10,10,54,0,0.2289674485785112,synthetic,prior_draw,47.0
rainbow,50317,4.355554652676424,5.061928585462128,10,9,54,0,0.2936639108114402,synthetic,prior_draw,47.0
rainbow,50318,4.781902383997204,5.400154342090763,10,8,54,0,0.10065139597882751,synthetic,prior_draw,47.0
rainbow,50319,4.621386739426723,5.383981671894045,10,9,54,0,0.12690368406694857,synthetic,prior_draw,47.0
rainbow,50320,4.9433657596289375,5.60257334320345,10,10,54,0,0.1411176887866819,synthetic,prior_draw,47.0
rainbow,50321,4.570022572786693,5.220839747448276,10,10,54,0,0.10585678177617633,synthetic,prior_draw,47.0
rainbow,50322,4.6773844028432405,5.265214717419754,10,10,54,0,0.16394688445703956,synthetic,prior_draw,47.0
rainbow,50323,4.658344394056234,5.333860246688731,10,10,54,0,0.33775117407163,synthetic,prior_draw,47.0
rainbow,50324,4.323815408201812,5.024582302504131,10,9,54,0,0.1728581283830105,synthetic,prior_draw,47.0
rainbow,50325,4.518194066650959,5.157556429327847,10,8,54,0,0.1401810103891677,synthetic,prior_draw,47.0
rainbow,50326,4.6217131854703934,5.272224355444396,10,9,54,0,0.23715359940829286,synthetic,prior_draw,47.0
rainbow,50327,4.287610640419673,5.023627314119013,10,8,54,0,0.1463767637450968,synthetic,prior_draw,47.0
rainbow,50328,4.642963384189925,5.379391728623769,10,10,54,0,0.15869453080238166,synthetic,prior_draw,47.0
rainbow,50329,4.871908003928303,5.589974472878261,10,10,54,0,0.2082687243841316,synthetic,prior_draw,47.0
rainbow,50330,4.278422236840787,5.024180858739638,10,9,54,0,0.21635300688425568,synthetic,prior_draw,47.0
rainbow,50331,4.350815466955493,5.081113387169255,10,9,54,0,0.10859545822047262,synthetic,prior_draw,47.0
rainbow,50332,4.453004110801931,5.078370035838762,10,9,54,0,0.10555582250946974,synthetic,prior_draw,47.0
rainbow,50333,4.928291435044331,5.572338135241789,10,10,54,0,0.15721618993813555,synthetic,prior_draw,47.0
rainbow,50334,5.065412856498859,5.822788690343629,10,10,54,0,0.17186089813594363,synthetic,prior_draw,47.0
rainbow,50335,4.610666006038935,5.261967927196092,10,9,54,0,0.12537153776631899,synthetic,prior_draw,47.0
rainbow,50336,4.415620106659361,5.1037660882163465,10,9,54,0,0.09140911570708192,synthetic,prior_draw,47.0
rainbow,50337,4.894333710587706,5.603085123988419,10,9,54,0,0.19199315400565864,synthetic,prior_draw,47.0
rainbow,50338,4.5380459136175455,5.291951956790691,10,10,54,0,0.2910235083767146,synthetic,prior_draw,47.0
rainbow,50339,4.573309749642759,5.281375669649604,10,10,54,0,0.15799196990763348,synthetic,prior_draw,47.0
rainbow,50340,4.406409915492778,5.130811090954332,10,10,54,0,0.12715094531931137,synthetic,prior_draw,47.0
rainbow,50341,4.688426084319948,5.286779491616816,10,8,54,0,0.11738697678217187,synthetic,prior_draw,47.0
rainbow,50342,4.474865642197953,5.195648839980551,10,9,54,0,0.201706551971779,synthetic,prior_draw,47.0
rainbow,50343,5.272435277415929,5.912534766528723,10,10,54,0,0.11759028509371747,synthetic,prior_draw,47.0
rainbow,50344,4.680066984838388,5.422956163709938,10,10,54,0,0.1708352033216882,synthetic,prior_draw,47.0
rainbow,50345,4.508727069163442,5.239843200250674,10,10,54,0,0.2524903936810699,synthetic,prior_draw,47.0
rainbow,50346,4.349510618592149,5.0410977860331005,10,9,54,0,0.09702030581916814,synthetic,prior_draw,47.0
rainbow,50347,4.565189660966147,5.250555008972975,10,9,54,0,0.15424789132753797,synthetic,prior_draw,47.0
rainbow,50348,4.483117112864505,5.2075640505990615,10,9,54,0,0.17431544672962238,synthetic,prior_draw,47.0
rainbow,50349,4.546806776063946,5.270208700101778,10,9,54,0,0.1809188787966837,synthetic,prior_draw,47.0
rainbow,50350,4.805502844672988,5.436066274553417,10,10,54,0,0.1513862793388677,synthetic,prior_draw,47.0
rainbow,50351,4.539876323234115,5.224722607840136,10,10,54,0,0.16305975874297815,synthetic,prior_draw,47.0
rainbow,50352,4.322308193539147,5.043438589069336,10,9,54,0,0.1226414951024898,synthetic,prior_draw,47.0
rainbow,50353,4.406197321888783,5.09418436859602,10,9,54,0,0.21478330542979626,synthetic,prior_draw,47.0
rainbow,50354,4.452094117383729,5.198001974123678,10,9,54,0,0.16877887384377446,synthetic,prior_draw,47.0
rainbow,50355,4.747657916898666,5.488280002251115,10,9,54,0,0.21249433968207973,synthetic,prior_draw,47.0
rainbow,50356,4.683482171848425,5.4036388817441825,10,10,54,0,0.174589417783398,synthetic,prior_draw,47.0
rainbow,50357,4.676963126249736,5.422045099091822,10,9,54,0,0.1529798931461732,synthetic,prior_draw,47.0
rainbow,50358,4.438814364724146,5.184148701620762,10,9,54,0,0.11899427403528405,synthetic,prior_draw,47.0
rainbow,50359,4.770130763274849,5.375081661617313,10,10,54,0,0.13880426595354275,synthetic,prior_draw,47.0
rainbow,50360,4.707343600456824,5.3980750668997945,10,10,54,0,0.1872431080162957,synthetic,prior_draw,47.0
rainbow,50361,4.730677290053254,5.410845698145808,10,8,54,0,0.17601329446770106,synthetic,prior_draw,47.0
rainbow,50362,4.318005728734282,5.033945378737897,10,9,54,0,0.11200493177360483,synthetic,prior_draw,47.0
rainbow,50363,4.222867949682334,4.953624913753412,10,9,54,0,0.13002521450705326,synthetic,prior_draw,47.0
rainbow,50364,4.727923677560198,5.297662117274283,10,10,54,0,0.24451755285005197,synthetic,prior_draw,47.0
rainbow,50365,4.49696169802278,5.167477013121738,10,9,54,0,0.19126773588374,synthetic,prior_draw,47.0
rainbow,50366,4.527951482969607,5.290426884482431,10,10,54,0,0.1184796212855128,synthetic,prior_draw,47.0
rainbow,50367,4.790713119618491,5.516450000110139,10,10,54,0,0.14632133651851492,synthetic,prior_draw,47.0
rainbow,50368,4.888057462387346,5.585311421440898,10,10,54,0,0.12775742228601789,synthetic,prior_draw,47.0
rainbow,50369,4.5911830005254215,5.3332144315882815,10,9,54,0,0.17833705356647384,synthetic,prior_draw,47.0
rainbow,50370,5.170125412253402,5.786942343603489,10,10,54,0,0.1248115350582532,synthetic,prior_draw,47.0
rainbow,50371,4.635525913136182,5.393709935121076,10,10,54,0,0.2155792242939419,synthetic,prior_draw,47.0
rainbow,50372,4.615802546582723,5.33225383383554,10,10,54,0,0.21359233010040266,synthetic,prior_draw,47.0
rainbow,50373,4.765284776163122,5.377235785328463,10,10,54,0,0.11536406029528024,synthetic,prior_draw,47.0
rainbow,50374,4.836440219515712,5.51368249645919,10,10,54,0,0.13326340061417336,synthetic,prior_draw,47.0
rainbow,50375,4.7701676470334125,5.509551601283064,10,10,54,0,0.12736976580612652,synthetic,prior_draw,47.0
rainbow,50376,4.5331643896836695,5.282356095725862,10,9,54,0,0.23709147537347364,synthetic,prior_draw,47.0
rainbow,50377,4.995837252740321,5.613626058836113,10,9,54,0,0.1998355709825567,synthetic,prior_draw,47.0
rainbow,50378,4.967648843869866,5.644988827458411,10,10,54,0,0.1658642992706052,synthetic,prior_draw,47.0
rainbow,50379,4.839844853668425,5.455526118073603,10,9,54,0,0.18026609747727793,synthetic,prior_draw,47.0
rainbow,50380,4.644065648745763,5.264347834925051,10,10,54,0,0.17015777700290263,synthetic,prior_draw,47.0
rainbow,50381,4.714618814855179,5.3692311832634445,10,9,54,0,0.18890582314912738,synthetic,prior_draw,47.0
rainbow,50382,4.710179767907718,5.378183138361352,10,10,54,0,0.23582455265732666,synthetic,prior_draw,47.0
rainbow,50383,4.567375685380467,5.264082434571493,10,10,54,0,0.1984661562618026,synthetic,prior_draw,47.0
rainbow,50384,4.855381626523263,5.4671105281759695,10,10,54,0,0.16188086882074917,synthetic,prior_draw,47.0
rainbow,50385,4.421287783534075,5.105181521628883,10,8,54,0,0.17726801810358106,synthetic,prior_draw,47.0
rainbow,50386,4.526691699296526,5.139150639556798,10,8,54,0,0.11456614018149283,synthetic,prior_draw,47.0
rainbow,50387,4.554282677883189,5.218011011354883,10,10,54,0,0.09009562747776571,synthetic,prior_draw,47.0
rainbow,50388,4.803522077053848,5.438560506427707,10,10,54,0,0.10769287813682805,synthetic,prior_draw,47.0
rainbow,50389,4.58911236902301,5.305546517563737,10,10,54,0,0.2354108984369044,synthetic,prior_draw,47.0
rainbow,50390,5.127232302302928,5.801078957899948,10,10,54,0,0.27134524986994435,synthetic,prior_draw,47.0
rainbow,50391,4.605630265845699,5.372894688713013,10,10,54,0,0.31441065528986284,synthetic,prior_draw,47.0
rainbow,50392,4.688338942393411,5.3704097617991255,10,10,54,0,0.13831762536004852,synthetic,prior_draw,47.0
rainbow,50393,4.126298401927406,4.871680192643564,10,9,54,0,0.15944164647981351,synthetic,prior_draw,47.0
rainbow,50394,4.893937696105708,5.526996823977383,10,8,54,0,0.13502530935590326,synthetic,prior_draw,47.0
rainbow,50395,4.561884375560284,5.300154213676633,10,9,54,0,0.1597306371261772,synthetic,prior_draw,47.0
rainbow,50396,4.61273967393485,5.374237921660657,10,9,54,0,0.18099370561086053,synthetic,prior_draw,47.0
rainbow,50397,4.507607316859337,5.2156599419648675,10,10,54,0,0.13761478978098385,synthetic,prior_draw,47.0
rainbow,50398,4.798667745864789,5.43262818785814,10,10,54,0,0.20911197514172328,synthetic,prior_draw,47.0
rainbow,50399,4.651235860948114,5.393004064843975,10,10,54,0,0.20602509801162047,synthetic,prior_draw,47.0
rainbow,50400,4.3436738191264475,4.996903486594129,10,8,54,0,0.139986634069867,synthetic,prior_draw,47.0
rainbow,50401,4.345724421622105,5.038864728527634,10,9,54,0,0.10396970638040877,synthetic,prior_draw,47.0
rainbow,50402,4.724243525126259,5.420806651193554,10,9,54,0,0.15526018702153171,synthetic,prior_draw,47.0
rainbow,50403,4.775770824259224,5.453675977872534,10,9,54,0,0.09863523483510671,synthetic,prior_draw,47.0
rainbow,50404,4.687495411104402,5.39620711718474,10,8,54,0,0.1404248821052896,synthetic,prior_draw,47.0
rainbow,50405,4.729240932596176,5.386851990894538,10,10,54,0,0.16017568067693783,synthetic,prior_draw,47.0
rainbow,50406,4.420651067450175,5.128789440297141,10,10,54,0,0.16744067761282666,synthetic,prior_draw,47.0
rainbow,50407,4.592318105656323,5.235891337020027,10,10,54,0,0.13640338385010334,synthetic,prior_draw,47.0
rainbow,50408,4.694190917082018,5.491478500113721,10,9,54,0,0.09113742369655126,synthetic,prior_draw,47.0
rainbow,50409,4.517274928137357,5.1328545567227035,10,9,54,0,0.2733145257591264,synthetic,prior_draw,47.0
rainbow,50410,4.5214217613933325,5.1076753736561695,10,9,54,0,0.20325942960223264,synthetic,prior_draw,47.0
rainbow,50411,4.32832460539947,5.057806525727095,10,9,54,0,0.19496249984607808,synthetic,prior_draw,47.0
rainbow,50412,4.5563519972765,5.233155656215769,10,9,54,0,0.11661952764845976,synthetic,prior_draw,47.0
rainbow,50413,4.3226508156960435,5.019613460589705,10,9,54,0,0.1865864856094104,synthetic,prior_draw,47.0
rainbow,50414,4.4933298980009395,5.260303720044382,10,9,54,0,0.13949970206320933,synthetic,prior_draw,47.0
rainbow,50415,4.372945678129918,5.111076691739568,10,10,54,0,0.14419708120707816,synthetic,prior_draw,47.0
rainbow,50416,4.52511207657328,5.284935334956445,10,9,54,0,0.17619185684896654,synthetic,prior_draw,47.0
rainbow,50417,4.3574454461390895,5.097719585551932,10,9,54,0,0.1467499603472996,synthetic,prior_draw,47.0
rainbow,50418,4.651526695184033,5.228247513955769,10,10,54,0,0.17111839210250218,synthetic,prior_draw,47.0
rainbow,50419,4.740151934262937,5.430616385515677,10,10,54,0,0.12056410523468417,synthetic,prior_draw,47.0
rainbow,50420,4.863153921252464,5.475531618885115,10,10,54,0,0.183284309630157,synthetic,prior_draw,47.0
rainbow,50421,4.381711312078164,5.122410328785969,10,9,54,0,0.29486694221922033,synthetic,prior_draw,47.0
rainbow,50422,4.922019183744828,5.562425907286006,10,10,54,0,0.13027982436818122,synthetic,prior_draw,47.0
rainbow,50423,4.647059240887617,5.331726742605247,10,10,54,0,0.17773864665737782,synthetic,prior_draw,47.0
rainbow,50424,4.390704518835721,5.103520593662091,10,9,54,0,0.12461575204470635,synthetic,prior_draw,47.0
rainbow,50425,4.9226803092824305,5.699211948549195,10,10,54,0,0.18120724943669156,synthetic,prior_draw,47.0
rainbow,50426,4.550114619722936,5.285418099035447,10,9,54,0,0.14545489612106163,synthetic,prior_draw,47.0
rainbow,50427,4.367792989595437,5.118648058614631,10,9,54,0,0.1274965030362731,synthetic,prior_draw,47.0
rainbow,50428,4.827191521058258,5.524426448771841,10,10,54,0,0.1399789068278302,synthetic,prior_draw,47.0
rainbow,50429,4.432630136665207,5.173452897938479,10,9,54,0,0.12090068650597349,synthetic,prior_draw,47.0
rainbow,50430,4.5083126094727355,5.145117365265824,10,8,54,0,0.12535452233563732,synthetic,prior_draw,47.0
rainbow,50431,4.474380220225327,5.126788035781711,10,10,54,0,0.1618399731336138,synthetic,prior_draw,47.0
rainbow,50432,4.431749909073181,5.099229069338506,10,8,54,0,0.15137854350911373,synthetic,prior_draw,47.0
rainbow,50433,4.533804831953125,5.296748288463469,10,9,54,0,0.19650012283471194,synthetic,prior_draw,47.0
rainbow,50434,4.773453474438441,5.557755442766923,10,10,54,0,0.15484491530066072,synthetic,prior_draw,47.0
rainbow,50435,4.44559236156405,5.128336261338894,10,9,54,0,0.12089690360385286,synthetic,prior_draw,47.0
rainbow,50436,4.458603450331046,5.207471502060488,10,9,54,0,0.11626626623000048,synthetic,prior_draw,47.0
rainbow,50437,4.78281275107976,5.37513804409801,10,10,54,0,0.18166414191178326,synthetic,prior_draw,47.0
rainbow,50438,4.504743943745379,5.200568719005774,10,9,54,0,0.23041026474094695,synthetic,prior_draw,47.0
rainbow,50439,4.565049384077079,5.2537992146861425,10,9,54,0,0.14576269424588237,synthetic,prior_draw,47.0
rainbow,50440,4.398734697781833,5.174920589489993,10,9,54,0,0.1511130893051682,synthetic,prior_draw,47.0
rainbow,50441,4.633875515468819,5.4025472182089835,10,10,54,0,0.1544749236095369,synthetic,prior_draw,47.0
rainbow,50442,4.888824943593216,5.610661829563921,10,10,54,0,0.12361447989895168,synthetic,prior_draw,47.0
rainbow,50443,4.757306087949461,5.418383481283513,10,9,54,0,0.14456075203303645,synthetic,prior_draw,47.0
rainbow,50444,4.728109200894697,5.454645992140713,10,10,54,0,0.15531134617964967,synthetic,prior_draw,47.0
rainbow,50445,4.497727953057263,5.1892759460833755,10,10,54,0,0.19871683512504734,synthetic,prior_draw,47.0
rainbow,50446,4.428735728500856,5.173967049225809,10,9,54,0,0.22493667276936347,synthetic,prior_draw,47.0
rainbow,50447,4.371219607868354,5.109829315878036,10,9,54,0,0.1644012594502278,synthetic,prior_draw,47.0
rainbow,50448,4.35462393604151,4.994722619025796,10,9,54,0,0.1098606114804761,synthetic,prior_draw,47.0
rainbow,50449,4.793730855617027,5.410605956728699,10,10,54,0,0.1851024044409589,synthetic,prior_draw,47.0
rainbow,50450,4.328600601240808,5.009449126712305,10,9,54,0,0.18489327636055738,synthetic,prior_draw,47.0
rainbow,50451,4.480297907717211,5.1929581596102325,10,9,54,0,0.2534572135571089,synthetic,prior_draw,47.0
rainbow,50452,4.817161868477,5.45636192144388,10,10,54,0,0.2433098307935695,synthetic,prior_draw,47.0
rainbow,50453,4.42012322319887,5.111658404058562,10,9,54,0,0.10638754052300517,synthetic,prior_draw,47.0
rainbow,50454,4.584888698988185,5.216668294483055,10,10,54,0,0.1860230360215875,synthetic,prior_draw,47.0
rainbow,50455,4.8616532926652845,5.468977539236258,10,10,54,0,0.15869190405599504,synthetic,prior_draw,47.0
rainbow,50456,4.790850939823214,5.442638564769852,10,10,54,0,0.18552487829906672,synthetic,prior_draw,47.0
rainbow,50457,4.914339188863751,5.5979140290363425,10,10,54,0,0.1477565901758556,synthetic,prior_draw,47.0
rainbow,50458,4.512777730732125,5.264908119458281,10,9,54,0,0.11757642124634055,synthetic,prior_draw,47.0
rainbow,50459,4.573972875600389,5.1880055836753085,10,10,54,0,0.16861601877680163,synthetic,prior_draw,47.0
rainbow,50460,4.597345714836993,5.235521509667519,10,9,54,0,0.2059746972200341,synthetic,prior_draw,47.0
rainbow,50461,4.385491790008981,5.081872389083758,10,9,54,0,0.1141778424501465,synthetic,prior_draw,47.0
rainbow,50462,5.024253438113886,5.71725959273258,10,10,54,0,0.16266647826363648,synthetic,prior_draw,47.0
rainbow,50463,4.477328311012672,5.134552999179689,10,8,54,0,0.18759346147084655,synthetic,prior_draw,47.0
rainbow,50464,4.2820234258869725,4.9248654734449095,10,8,54,0,0.30273485047387577,synthetic,prior_draw,47.0
rainbow,50465,4.880325854156552,5.539065526508256,10,8,54,0,0.20812617457829324,synthetic,prior_draw,47.0
rainbow,50466,4.793492820223928,5.462241828615751,10,9,54,0,0.16940703962078826,synthetic,prior_draw,47.0
rainbow,50467,4.530425742370569,5.209320787156078,10,10,54,0,0.11841928219254419,synthetic,prior_draw,47.0
rainbow,50468,4.276645956495707,5.007401828266075,10,9,54,0,0.12553865967906186,synthetic,prior_draw,47.0
rainbow,50469,4.324960480909018,5.049105532998238,10,9,54,0,0.14409009670821862,synthetic,prior_draw,47.0
rainbow,50470,4.5610090886449814,5.304866350208255,10,10,54,0,0.2075464012116906,synthetic,prior_draw,47.0
rainbow,50471,4.512505781208112,5.281438049380488,10,10,54,0,0.14456733531737687,synthetic,prior_draw,47.0
rainbow,50472,4.615144670833431,5.195773101070343,10,10,54,0,0.10925559438179971,synthetic,prior_draw,47.0
rainbow,50473,4.583529631215516,5.229168189575001,10,10,54,0,0.129797471377207,synthetic,prior_draw,47.0
rainbow,50474,4.740124411848384,5.342395534520789,10,10,54,0,0.19913430308444743,synthetic,prior_draw,47.0
rainbow,50475,4.387730957044219,5.043646486624086,10,8,54,0,0.20710114995722642,synthetic,prior_draw,47.0
rainbow,50476,4.5839322353387235,5.33472215220986,10,9,54,0,0.23117589602324534,synthetic,prior_draw,47.0
rainbow,50477,4.766633002394273,5.390282059768166,10,10,54,0,0.097229242035543,synthetic,prior_draw,47.0
rainbow,50478,4.800939053741636,5.527530613888857,10,9,54,0,0.2097000263762967,synthetic,prior_draw,47.0
rainbow,50479,4.478522779035074,5.213287902476053,10,10,54,0,0.1321546200426357,synthetic,prior_draw,47.0
rainbow,50480,5.050199965617661,5.735458892443209,10,10,54,0,0.1711911409670111,synthetic,prior_draw,47.0
rainbow,50481,4.562860865768641,5.240377399585947,10,10,54,0,0.18824737842514438,synthetic,prior_draw,47.0
rainbow,50482,4.507046830532114,5.2013173828217445,10,10,54,0,0.2546271061562892,synthetic,prior_draw,47.0
rainbow,50483,4.310050378687283,5.001419217446358,10,9,54,0,0.19072010023852345,synthetic,prior_draw,47.0
rainbow,50484,4.725699064852458,5.340738840459913,10,10,54,0,0.2194186958461166,synthetic,prior_draw,47.0
rainbow,50485,4.687322280458023,5.335330706777886,10,10,54,0,0.15885286843418722,synthetic,prior_draw,47.0
rainbow,50486,4.65258780271159,5.421118920344046,10,10,54,0,0.1551548691808933,synthetic,prior_draw,47.0
rainbow,50487,4.762155786648332,5.364191592098907,10,10,54,0,0.19991866503339492,synthetic,prior_draw,47.0
rainbow,50488,4.712675756395404,5.484399267068767,10,9,54,0,0.1429745673236885,synthetic,prior_draw,47.0
rainbow,50489,4.676721452758983,5.399881458591938,10,10,54,0,0.11838801254427114,synthetic,prior_draw,47.0
rainbow,50490,4.518767873952327,5.221063277564528,10,10,54,0,0.12064137679767137,synthetic,prior_draw,47.0
rainbow,50491,4.73075781112451,5.348480658556421,10,10,54,0,0.2344468149465238,synthetic,prior_draw,47.0
rainbow,50492,4.395640114669092,5.090376812419101,10,8,54,0,0.16258918669711303,synthetic,prior_draw,47.0
rainbow,50493,4.717674782700946,5.418554460419504,10,10,54,0,0.2067908470419314,synthetic,prior_draw,47.0
rainbow,50494,4.340099438790465,5.042902127878905,10,9,54,0,0.14715739882639342,synthetic,prior_draw,47.0
rainbow,50495,5.132790263975804,5.77359788914086,10,9,54,0,0.20191861321541488,synthetic,prior_draw,47.0
rainbow,50496,4.76900536279964,5.4980781389983635,10,10,54,0,0.2500155919728346,synthetic,prior_draw,47.0
rainbow,50497,4.950569157551791,5.657112621014831,10,10,54,0,0.21471938011840988,synthetic,prior_draw,47.0
rainbow,50498,4.501247130133694,5.232312314694933,10,8,54,0,0.12531865214285454,synthetic,prior_draw,47.0
rainbow,50499,4.730334793264592,5.5154468435379975,10,9,54,0,0.21538872047244656,synthetic,prior_draw,47.0
rainbow,50500,5.283783829943183,5.97346796733013,10,10,54,0,0.14033767183141715,synthetic,prior_draw,47.0
rainbow,50501,4.8065794274805596,5.428624602106077,10,10,54,0,0.09015414329161281,synthetic,prior_draw,47.0
rainbow,50502,4.425418747808735,5.11427313831303,10,8,54,0,0.12072215103873203,synthetic,prior_draw,47.0
rainbow,50503,4.7915648296405395,5.5081020709958874,10,10,54,0,0.11795844982855506,synthetic,prior_draw,47.0
rainbow,50504,4.575940453404222,5.272814565797483,10,10,54,0,0.1311277954950423,synthetic,prior_draw,47.0
rainbow,50505,4.49849359366613,5.237325318948421,10,10,54,0,0.12006809416861311,synthetic,prior_draw,47.0
rainbow,50506,4.615858831058555,5.283509377301589,10,10,54,0,0.2224425903096829,synthetic,prior_draw,47.0
rainbow,50507,4.819649957081555,5.480716323388128,10,10,54,0,0.14379331117644625,synthetic,prior_draw,47.0
rainbow,50508,4.4646157475896775,5.104896306837076,10,10,54,0,0.185661303275608,synthetic,prior_draw,47.0
rainbow,50509,4.24864107587316,4.938896247950976,10,9,54,0,0.2043726275683793,synthetic,prior_draw,47.0
rainbow,50510,4.98532185006922,5.667873384972757,10,10,54,0,0.17508426124098414,synthetic,prior_draw,47.0
rainbow,50511,4.599466817459374,5.3546818823054565,10,9,54,0,0.2602525684877985,synthetic,prior_draw,47.0
rainbow,50512,4.65808480084837,5.293393768306485,10,9,54,0,0.16150346347899097,synthetic,prior_draw,47.0
rainbow,50513,4.669498861605263,5.436416615974672,10,10,54,0,0.18093112829683966,synthetic,prior_draw,47.0
rainbow,50514,4.579696607424485,5.211238681061393,10,9,54,0,0.1772461195643529,synthetic,prior_draw,47.0
rainbow,50515,4.7065355071214,5.356698827767044,10,9,54,0,0.10263448544351902,synthetic,prior_draw,47.0
rainbow,50516,4.750071902410167,5.39770158320946,10,10,54,0,0.1428171925636811,synthetic,prior_draw,47.0
rainbow,50517,4.728631788859484,5.39082266306369,10,9,54,0,0.1820874317859959,synthetic,prior_draw,47.0
rainbow,50518,4.328404292974947,5.038393004250255,10,10,54,0,0.18919198043712634,synthetic,prior_draw,47.0
rainbow,50519,4.27577490181164,4.921606319578923,10,8,54,0,0.15882710751487175,synthetic,prior_draw,47.0
rainbow,50520,4.5692113304777875,5.169851744104571,10,10,54,0,0.11381919401836539,synthetic,prior_draw,47.0
rainbow,50521,4.394459064813938,5.115371698727803,10,9,54,0,0.13158592513208184,synthetic,prior_draw,47.0
rainbow,50522,4.715943120400965,5.470070665426551,10,10,54,0,0.1627451676813887,synthetic,prior_draw,47.0
rainbow,50523,4.329704917873932,4.991390891212076,10,9,54,0,0.08495908828788835,synthetic,prior_draw,47.0
rainbow,50524,4.926348792103726,5.582754638487686,10,10,54,0,0.1864063614312471,synthetic,prior_draw,47.0
rainbow,50525,4.611103591813996,5.244524209879333,10,9,54,0,0.14480112627329644,synthetic,prior_draw,47.0
rainbow,50526,4.1449219662163745,4.793704373508662,10,8,54,0,0.23617834392385895,synthetic,prior_draw,47.0
rainbow,50527,4.6547840444362905,5.340270967359083,10,10,54,0,0.14753575770145813,synthetic,prior_draw,47.0
rainbow,50528,4.808058150797948,5.520723849393461,10,10,54,0,0.09360919415286761,synthetic,prior_draw,47.0
rainbow,50529,4.408891283701145,5.130520661736395,10,9,54,0,0.16180597514447576,synthetic,prior_draw,47.0
rainbow,50530,4.52781566247101,5.301013781450925,10,9,54,0,0.1588337058513281,synthetic,prior_draw,47.0
rainbow,50531,4.40503209070865,5.060870516997968,10,8,54,0,0.1700155969177288,synthetic,prior_draw,47.0
rainbow,50532,4.527220235354465,5.167742978546467,10,10,54,0,0.19889313775573214,synthetic,prior_draw,47.0
rainbow,50533,4.783212201653244,5.397211450246606,10,10,54,0,0.10251200013719798,synthetic,prior_draw,47.0
rainbow,50534,4.727623688979533,5.453961654678075,10,10,54,0,0.15141661114185098,synthetic,prior_draw,47.0
rainbow,50535,4.857697357889212,5.571303818288562,10,9,54,0,0.17853283165088854,synthetic,prior_draw,47.0
rainbow,50536,3.1185823877756578,3.7867700247074256,10,7,54,0,0.1544165108737065,synthetic,prior_draw,47.0
rainbow,50537,4.358936350681526,5.064949612962719,10,9,54,0,0.147031601733529,synthetic,prior_draw,47.0
rainbow,50538,4.420909156195241,5.157292237413138,10,10,54,0,0.22807415647832022,synthetic,prior_draw,47.0
rainbow,50539,5.087644002669808,5.7202651850334,10,10,54,0,0.13952514947946798,synthetic,prior_draw,47.0
rainbow,50540,4.9186628993455725,5.546693126876133,10,9,54,0,0.24859731788707012,synthetic,prior_draw,47.0
rainbow,50541,4.245818815954227,4.882480232456672,10,8,54,0,0.14045060119765312,synthetic,prior_draw,47.0
rainbow,50542,4.576663310093782,5.346639521011937,10,10,54,0,0.1983336453529854,synthetic,prior_draw,47.0
rainbow,50543,4.7994308743115175,5.488976434947948,10,10,54,0,0.2801999524019095,synthetic,prior_draw,47.0
rainbow,50544,4.4396564909196226,5.13148569152011,10,9,54,0,0.14760110116707237,synthetic,prior_draw,47.0
rainbow,50545,4.93862189800253,5.525053241063724,10,10,54,0,0.1576520816045511,synthetic,prior_draw,47.0
rainbow,50546,4.605432789411336,5.346812266538196,10,10,54,0,0.19324324574565147,synthetic,prior_draw,47.0
rainbow,50547,5.001682177113127,5.637267194502551,10,10,54,0,0.08785461076181765,synthetic,prior_draw,47.0
rainbow,50548,4.707013070497641,5.356725408564182,10,10,54,0,0.18162019495150503,synthetic,prior_draw,47.0
rainbow,50549,4.711014642718725,5.342904633091894,10,10,54,0,0.17342389254440718,synthetic,prior_draw,47.0
rainbow,50550,4.446596798329324,5.0978725129211755,10,8,54,0,0.156650937609456,synthetic,prior_draw,47.0
rainbow,50551,4.828765695237307,5.575208669295196,10,10,54,0,0.1266599039231282,synthetic,prior_draw,47.0
rainbow,50552,4.6021401927503724,5.279346780652508,10,10,54,0,0.16041512870598418,synthetic,prior_draw,47.0
rainbow,50553,4.947527598817509,5.708327478471577,10,10,54,0,0.21694616862280325,synthetic,prior_draw,47.0
rainbow,50554,4.869224557586286,5.545972281988424,10,10,54,0,0.09079292226173465,synthetic,prior_draw,47.0
rainbow,50555,4.462370842467325,5.222033198699,10,9,54,0,0.2388467529911634,synthetic,prior_draw,47.0
rainbow,50556,4.062253384101229,4.71100110755549,10,8,54,0,0.17907358281838096,synthetic,prior_draw,47.0
rainbow,50557,4.639275156394586,5.332709934468106,10,9,54,0,0.0951319842095379,synthetic,prior_draw,47.0
rainbow,50558,4.936597319878822,5.588649213052772,10,10,54,0,0.15340570154068905,synthetic,prior_draw,47.0
rainbow,50559,4.838678290320917,5.445706807219064,10,10,54,0,0.13764330425172436,synthetic,prior_draw,47.0
rainbow,50560,4.64242643119757,5.352808291342083,10,10,54,0,0.15334329556806192,synthetic,prior_draw,47.0
rainbow,50561,4.67941753037996,5.271335527368328,10,10,54,0,0.19145386280548737,synthetic,prior_draw,47.0
rainbow,50562,4.770790618297578,5.371440987212671,10,10,54,0,0.20691317566889605,synthetic,prior_draw,47.0
rainbow,50563,4.759233784622486,5.418388815244537,10,10,54,0,0.14729047653899321,synthetic,prior_draw,47.0
rainbow,50564,4.531749008204526,5.303069497803997,10,10,54,0,0.26340194267171696,synthetic,prior_draw,47.0
rainbow,50565,4.732709078521523,5.447507573906158,10,10,54,0,0.15572961348407344,synthetic,prior_draw,47.0
rainbow,50566,4.303322255322071,5.00388377756946,10,9,54,0,0.2546725599815539,synthetic,prior_draw,47.0
rainbow,50567,4.71082782750833,5.452418638541801,10,8,54,0,0.15018296046898058,synthetic,prior_draw,47.0
rainbow,50568,4.449473287637517,5.139458571978343,10,10,54,0,0.15450806206396145,synthetic,prior_draw,47.0
rainbow,50569,4.604787677580247,5.217334057991087,10,9,54,0,0.1643013141504769,synthetic,prior_draw,47.0
rainbow,50570,4.821852420996569,5.528879035611403,10,10,54,0,0.13842517803416965,synthetic,prior_draw,47.0
rainbow,50571,4.793034233462042,5.407602326403229,10,9,54,0,0.1989062453398275,synthetic,prior_draw,47.0
rainbow,50572,4.500209104819957,5.125742484721604,10,9,54,0,0.14726138883305062,synthetic,prior_draw,47.0
rainbow,50573,4.654192868583811,5.3945786733638075,10,9,54,0,0.2060186713035987,synthetic,prior_draw,47.0
rainbow,50574,4.460537821465545,5.180554768516447,10,10,54,0,0.19290747642887457,synthetic,prior_draw,47.0
rainbow,50575,4.892057709007883,5.546681363801688,10,10,54,0,0.11490922818714507,synthetic,prior_draw,47.0
rainbow,50576,4.8516660056510155,5.507870752896599,10,10,54,0,0.17384308078148186,synthetic,prior_draw,47.0
rainbow,50577,4.67104654881568,5.332906800171662,10,9,54,0,0.22201366405577655,synthetic,prior_draw,47.0
rainbow,50578,4.445199498862366,5.049521231486633,10,7,54,0,0.21137769916947227,synthetic,prior_draw,47.0
rainbow,50579,4.6734105455940735,5.275865717624757,10,10,54,0,0.2212146107017078,synthetic,prior_draw,47.0
rainbow,50580,4.602409340517508,5.304993167867983,10,10,54,0,0.18132892768750328,synthetic,prior_draw,47.0
rainbow,50581,4.546449964134728,5.231531819589174,10,10,54,0,0.24955514274708065,synthetic,prior_draw,47.0
rainbow,50582,4.7577719915289025,5.498068173643505,10,9,54,0,0.18845729673405165,synthetic,prior_draw,47.0
rainbow,50583,4.900721774571267,5.535046139392341,10,9,54,0,0.17647888225279568,synthetic,prior_draw,47.0
rainbow,50584,4.846897956666262,5.5672561354329435,10,10,54,0,0.17817277193502654,synthetic,prior_draw,47.0
rainbow,50585,5.0202029671020325,5.67567388754382,10,10,54,0,0.15482559277352406,synthetic,prior_draw,47.0
rainbow,50586,4.472625925877358,5.137739371277701,10,10,54,0,0.1590813866975398,synthetic,prior_draw,47.0
rainbow,50587,4.4047230291356305,5.163798928045909,10,9,54,0,0.16417834245121302,synthetic,prior_draw,47.0
rainbow,50588,4.617518148736176,5.314769515123175,10,10,54,0,0.11119186928288888,synthetic,prior_draw,47.0
rainbow,50589,5.118150489310056,5.781641802092083,10,10,54,0,0.15330453266641433,synthetic,prior_draw,47.0
rainbow,50590,4.5974088736515775,5.193559615726479,10,9,54,0,0.13731344946258375,synthetic,prior_draw,47.0
rainbow,50591,4.6315531019491125,5.335158875721368,10,10,54,0,0.09328605681166872,synthetic,prior_draw,47.0
rainbow,50592,4.4245615533850104,5.081747861962297,10,9,54,0,0.13408370533531194,synthetic,prior_draw,47.0
rainbow,50593,4.726189481125328,5.424096586092176,10,9,54,0,0.13807198771785792,synthetic,prior_draw,47.0
rainbow,50594,4.251744500289483,4.951052525365192,10,9,54,0,0.24267374375741074,synthetic,prior_draw,47.0
rainbow,50595,4.6785007989068825,5.288257979110882,10,10,54,0,0.11946605603576026,synthetic,prior_draw,47.0
rainbow,50596,4.6676379683012135,5.402187232150196,10,10,54,0,0.14033824792204758,synthetic,prior_draw,47.0
rainbow,50597,4.980407652414408,5.713555867317717,10,10,54,0,0.16054964335581745,synthetic,prior_draw,47.0
rainbow,50598,4.439688819713642,5.139049532569638,10,9,54,0,0.12544633341384553,synthetic,prior_draw,47.0
rainbow,50599,4.51134765369047,5.22400527916839,10,10,54,0,0.08600638294364032,synthetic,prior_draw,47.0
rainbow,50600,4.553478260175754,5.219500089428724,10,8,54,0,0.15499107612379806,synthetic,prior_draw,47.0
rainbow,50601,4.649209264262287,5.377219885883622,10,10,54,0,0.12235034798784544,synthetic,prior_draw,47.0
rainbow,50602,4.462782779810372,5.160395859994703,10,9,54,0,0.1761272403007804,synthetic,prior_draw,47.0
rainbow,50603,4.478525340083729,5.200737638976931,10,9,54,0,0.17435443628350722,synthetic,prior_draw,47.0
rainbow,50604,4.929977073646374,5.639676969579732,10,9,54,0,0.1508221060342305,synthetic,prior_draw,47.0
rainbow,50605,4.626668257486672,5.345963596380937,10,10,54,0,0.17355823294394773,synthetic,prior_draw,47.0
rainbow,50606,4.693705370135055,5.378383491539594,10,9,54,0,0.18590820634128014,synthetic,prior_draw,47.0
rainbow,50607,4.023414832362951,4.633673599542145,10,9,54,0,0.21705789128411776,synthetic,prior_draw,47.0
rainbow,50608,4.481837242267367,5.204988768095484,10,9,54,0,0.2229228816436318,synthetic,prior_draw,47.0
rainbow,50609,4.31272635323138,4.9703652326236485,10,9,54,0,0.12513879995626093,synthetic,prior_draw,47.0
rainbow,50610,4.756933484526309,5.523978220193354,10,10,54,0,0.13668434243993743,synthetic,prior_draw,47.0
rainbow,50611,4.380111628445565,5.101824471164021,10,9,54,0,0.29748548198937264,synthetic,prior_draw,47.0
rainbow,50612,5.0656248290936015,5.726860185593459,10,10,54,0,0.11353669678590451,synthetic,prior_draw,47.0
rainbow,50613,4.273693922544948,4.978723493726937,10,9,54,0,0.18387271898173738,synthetic,prior_draw,47.0
rainbow,50614,4.668122837196336,5.3021041964060585,10,8,54,0,0.09400875294399136,synthetic,prior_draw,47.0
rainbow,50615,4.6161138001693125,5.294276797161945,10,10,54,0,0.18604617709658608,synthetic,prior_draw,47.0
rainbow,50616,4.795028442073449,5.539828690338685,10,9,54,0,0.12235432711408868,synthetic,prior_draw,47.0
rainbow,50617,4.6542481848306645,5.398235533863404,10,10,54,0,0.18560635955713342,synthetic,prior_draw,47.0
rainbow,50618,4.901810316345851,5.539043550304106,10,10,54,0,0.15611511729807173,synthetic,prior_draw,47.0
rainbow,50619,4.378727261529347,5.093699436305964,10,9,54,0,0.24895178860810335,synthetic,prior_draw,47.0
rainbow,50620,4.843130352510435,5.554461617732814,10,10,54,0,0.11918990197072743,synthetic,prior_draw,47.0
rainbow,50621,4.521480749551007,5.267753978923821,10,9,54,0,0.19727238522128943,synthetic,prior_draw,47.0
rainbow,50622,4.341747896005291,5.0175073293518375,10,8,54,0,0.1795789649609826,synthetic,prior_draw,47.0
rainbow,50623,4.657535741726827,5.405208107678196,10,10,54,0,0.14312558268835834,synthetic,prior_draw,47.0
rainbow,50624,4.506225775115775,5.256900681969848,10,10,54,0,0.17061306726548692,synthetic,prior_draw,47.0
rainbow,50625,5.2451306277396315,5.875357562139583,10,10,54,0,0.1235152847623191,synthetic,prior_draw,47.0
rainbow,50626,4.4942110878089,5.245833506484689,10,9,54,0,0.27452940948787535,synthetic,prior_draw,47.0
rainbow,50627,5.3118728819057965,5.93668572556124,10,10,54,0,0.16204144921587904,synthetic,prior_draw,47.0
rainbow,50628,4.711335176991426,5.4748730756937105,10,9,54,0,0.17358333404116946,synthetic,prior_draw,47.0
rainbow,50629,4.468278085388489,5.137308405842509,10,9,54,0,0.18415308181455078,synthetic,prior_draw,47.0
rainbow,50630,4.370638032344412,5.049246780050339,10,9,54,0,0.17478198143757157,synthetic,prior_draw,47.0
rainbow,50631,4.7462721920719195,5.397865815103609,10,10,54,0,0.15682234843276166,synthetic,prior_draw,47.0
rainbow,50632,4.732692762833328,5.403400884655739,10,10,54,0,0.13403022687783242,synthetic,prior_draw,47.0
rainbow,50633,4.494596499912842,5.10423869917039,10,9,54,0,0.17085562335470764,synthetic,prior_draw,47.0
rainbow,50634,4.8425579953128715,5.565081970643666,10,10,54,0,0.10295213784080237,synthetic,prior_draw,47.0
rainbow,50635,4.5966850340738405,5.37861743561761,10,10,54,0,0.16406584748437808,synthetic,prior_draw,47.0
rainbow,50636,4.752373603629976,5.39366843781053,10,10,54,0,0.20435915638400842,synthetic,prior_draw,47.0
rainbow,50637,4.554992558347542,5.302837451254389,10,9,54,0,0.20425429471475032,synthetic,prior_draw,47.0
rainbow,50638,4.940695748293932,5.602200529441874,10,10,54,0,0.09875789146318985,synthetic,prior_draw,47.0
rainbow,50639,4.425195342617373,5.15423959695507,10,9,54,0,0.1775846535618778,synthetic,prior_draw,47.0
rainbow,50640,4.574059865524783,5.258116940010211,10,9,54,0,0.1972674658241599,synthetic,prior_draw,47.0
rainbow,50641,5.0965116814549445,5.726060338055312,10,10,54,0,0.13886234045148935,synthetic,prior_draw,47.0
rainbow,50642,4.774995765156866,5.543503187350515,10,10,54,0,0.10576939987605731,synthetic,prior_draw,47.0
rainbow,50643,4.7995622276768914,5.405769777119662,10,9,54,0,0.20779439745894765,synthetic,prior_draw,47.0
rainbow,50644,4.52480947186854,5.279562206526146,10,9,54,0,0.08164615673599528,synthetic,prior_draw,47.0
rainbow,50645,4.537107380434261,5.282918342664772,10,9,54,0,0.15845141140366517,synthetic,prior_draw,47.0
rainbow,50646,5.067376667494787,5.682768930096364,10,10,54,0,0.1196336364228168,synthetic,prior_draw,47.0
rainbow,50647,4.217595970028696,4.8865659454602595,10,9,54,0,0.11889041730584617,synthetic,prior_draw,47.0
rainbow,50648,4.387997225217469,5.132813681244258,10,9,54,0,0.2663412560188636,synthetic,prior_draw,47.0
rainbow,50649,4.599993064881526,5.31645608553111,10,10,54,0,0.12105397206005777,synthetic,prior_draw,47.0
rainbow,50650,4.464651047975677,5.1317887457296445,10,10,54,0,0.1901507358305503,synthetic,prior_draw,47.0
rainbow,50651,3.381007212658075,4.0733647685864325,10,7,54,0,0.19542967716988302,synthetic,prior_draw,47.0
rainbow,50652,4.401741297408588,5.011587743606261,10,9,54,0,0.1927352502992212,synthetic,prior_draw,47.0
rainbow,50653,4.819852187216393,5.499111774610637,10,9,54,0,0.16942041345889605,synthetic,prior_draw,47.0
rainbow,50654,4.594427680142735,5.301767000998952,10,10,54,0,0.12938865861197577,synthetic,prior_draw,47.0
rainbow,50655,4.076181763538345,4.705488565215366,10,9,54,0,0.27852872837157544,synthetic,prior_draw,47.0
rainbow,50656,4.265776741967755,5.046626540792419,10,9,54,0,0.20109625402083559,synthetic,prior_draw,47.0
rainbow,50657,4.344969798155996,5.000730108617621,10,9,54,0,0.1544918916689313,synthetic,prior_draw,47.0
rainbow,50658,4.7113928843272594,5.309069601741986,10,10,54,0,0.16772471933114497,synthetic,prior_draw,47.0
rainbow,50659,4.49981176158928,5.189510148126616,10,10,54,0,0.14256703124641976,synthetic,prior_draw,47.0
rainbow,50660,4.91311879557255,5.527547282777444,10,10,54,0,0.128127338990833,synthetic,prior_draw,47.0
rainbow,50661,4.634463324357248,5.3593444944993545,10,10,54,0,0.19111673832876316,synthetic,prior_draw,47.0
rainbow,50662,4.969763652609161,5.630391676792583,10,10,54,0,0.12497929598680746,synthetic,prior_draw,47.0
rainbow,50663,4.865298047967964,5.63089586527165,10,10,54,0,0.13543862284003044,synthetic,prior_draw,47.0
rainbow,50664,4.570835094968962,5.199961919829086,10,10,54,0,0.16686495562991996,synthetic,prior_draw,47.0
rainbow,50665,4.771763927384466,5.368697722848002,10,10,54,0,0.210476907016726,synthetic,prior_draw,47.0
rainbow,50666,4.320178109280996,5.003077697832996,10,8,54,0,0.21094994449432153,synthetic,prior_draw,47.0
rainbow,50667,4.337654154554981,5.09713579020592,10,9,54,0,0.13534469432877808,synthetic,prior_draw,47.0
rainbow,50668,4.447488645824016,5.17081463066532,10,10,54,0,0.12520936912635763,synthetic,prior_draw,47.0
rainbow,50669,4.280047485188073,4.897305321436111,10,6,54,0,0.2201819570520254,synthetic,prior_draw,47.0
rainbow,50670,4.944573052566845,5.634392874964666,10,10,54,0,0.18557962622771956,synthetic,prior_draw,47.0
rainbow,50671,4.745090965159261,5.390164382739593,10,10,54,0,0.13000867119024534,synthetic,prior_draw,47.0
rainbow,50672,4.426858603238012,5.123165351277323,10,9,54,0,0.21343210488087483,synthetic,prior_draw,47.0
rainbow,50673,4.188982682989531,4.908905510939602,10,9,54,0,0.173333263008228,synthetic,prior_draw,47.0
rainbow,50674,4.906382948790621,5.662452467192965,10,10,54,0,0.1483377312659119,synthetic,prior_draw,47.0
rainbow,50675,4.902211760947008,5.561942127957407,10,9,54,0,0.11261834616033144,synthetic,prior_draw,47.0
rainbow,50676,4.508606696238573,5.29363291190373,10,9,54,0,0.1557079192619638,synthetic,prior_draw,47.0
rainbow,50677,4.809510946554126,5.482078291393758,10,10,54,0,0.1610316334855286,synthetic,prior_draw,47.0
rainbow,50678,4.819419156166471,5.4615416201891245,10,10,54,0,0.14233900057472398,synthetic,prior_draw,47.0
rainbow,50679,4.857165229550369,5.534871713586719,10,9,54,0,0.2570451095255224,synthetic,prior_draw,47.0
rainbow,50680,4.7437894804715395,5.446641233754191,10,10,54,0,0.14043260993565287,synthetic,prior_draw,47.0
rainbow,50681,4.521063655975787,5.140911522328666,10,8,54,0,0.221730953940956,synthetic,prior_draw,47.0
rainbow,50682,4.3755794974074815,5.116111124433737,10,9,54,0,0.22905032293790267,synthetic,prior_draw,47.0
rainbow,50683,4.6905837023980315,5.433514481915249,10,9,54,0,0.19195156854798756,synthetic,prior_draw,47.0
rainbow,50684,5.059900737983004,5.743896970180077,10,10,54,0,0.13937090905440014,synthetic,prior_draw,47.0
rainbow,50685,3.6080798840015635,4.250809170051021,10,7,54,0,0.17566082648360362,synthetic,prior_draw,47.0
rainbow,50686,4.353051285653657,5.10438993998172,10,9,54,0,0.12439351110933278,synthetic,prior_draw,47.0
rainbow,50687,4.704355541636659,5.367351618098988,10,10,54,0,0.15510854729582524,synthetic,prior_draw,47.0
rainbow,50688,4.743825570420121,5.413273022902515,10,9,54,0,0.2271570455865335,synthetic,prior_draw,47.0
rainbow,50689,5.115458676876896,5.817292676342117,10,10,54,0,0.14542497003633464,synthetic,prior_draw,47.0
rainbow,50690,4.655726199272196,5.332353564390914,10,10,54,0,0.1435243570086792,synthetic,prior_draw,47.0
rainbow,50691,5.035766740957982,5.715076330259781,10,10,54,0,0.1671782706908988,synthetic,prior_draw,47.0
rainbow,50692,4.612159006210874,5.317841593441895,10,10,54,0,0.1311852705507601,synthetic,prior_draw,47.0
rainbow,50693,4.347658895465656,4.9969352213497515,10,9,54,0,0.08633102618051397,synthetic,prior_draw,47.0
rainbow,50694,4.658780010999369,5.381493231534722,10,10,54,0,0.12452673624865164,synthetic,prior_draw,47.0
rainbow,50695,4.616613574926471,5.2685982683380725,10,9,54,0,0.079753406877251,synthetic,prior_draw,47.0
rainbow,50696,4.465048004654263,5.175742876051348,10,9,54,0,0.12022956937335491,synthetic,prior_draw,47.0
rainbow,50697,4.5040595740406895,5.2313218889918645,10,10,54,0,0.1793131009881196,synthetic,prior_draw,47.0
rainbow,50698,4.838965351662031,5.624554795724897,10,9,54,0,0.20265350613421956,synthetic,prior_draw,47.0
rainbow,50699,4.6804524016345255,5.36120282224958,10,10,54,0,0.2713439932572765,synthetic,prior_draw,47.0
rainbow,50700,5.091016825976123,5.7391801696577005,10,8,54,0,0.13550490393768155,synthetic,prior_draw,47.0
rainbow,50701,4.399398440869637,5.0468570918264515,10,9,54,0,0.19381700191156215,synthetic,prior_draw,47.0
rainbow,50702,4.842204168226083,5.519551740982919,10,10,54,0,0.1784437435990421,synthetic,prior_draw,47.0
rainbow,50703,4.548167993812034,5.270712574528432,10,10,54,0,0.15168740179468004,synthetic,prior_draw,47.0
rainbow,50704,4.553767938797792,5.203024019268856,10,8,54,0,0.14602100168372276,synthetic,prior_draw,47.0
rainbow,50705,4.457555372688654,5.110297219947347,10,10,54,0,0.14234239711564955,synthetic,prior_draw,47.0
rainbow,50706,4.771839953076739,5.374742453495681,10,10,54,0,0.13415158198726862,synthetic,prior_draw,47.0
rainbow,50707,4.659483918873726,5.422743626750599,10,10,54,0,0.1610294033636585,synthetic,prior_draw,47.0
rainbow,50708,4.514872175235528,5.195670478936104,10,8,54,0,0.21135565188842204,synthetic,prior_draw,47.0
rainbow,50709,4.406445054537076,5.131081236185664,10,9,54,0,0.2853687838833946,synthetic,prior_draw,47.0
rainbow,50710,4.413070363612208,5.208248940995199,10,9,54,0,0.1094922185336074,synthetic,prior_draw,47.0
rainbow,50711,4.507236436742297,5.232351140881128,10,8,54,0,0.19357186424936781,synthetic,prior_draw,47.0
rainbow,50712,4.6598724476274365,5.291874820639127,10,9,54,0,0.0859222532010964,synthetic,prior_draw,47.0
rainbow,50713,4.577382691572943,5.322657181956753,10,10,54,0,0.2695384068074962,synthetic,prior_draw,47.0
rainbow,50714,4.368180190017461,5.090603414697164,10,9,54,0,0.07443425130276994,synthetic,prior_draw,47.0
rainbow,50715,4.706634587604885,5.390872929845772,10,10,54,0,0.1293640979131827,synthetic,prior_draw,47.0
rainbow,50716,4.879370056611394,5.5347079818234866,10,10,54,0,0.10574493380262923,synthetic,prior_draw,47.0
rainbow,50717,5.405951408227091,6.046607513296115,10,10,54,0,0.1299665521719543,synthetic,prior_draw,47.0
rainbow,50718,4.4635464515201955,5.155998681688108,10,10,54,0,0.102243174400695,synthetic,prior_draw,47.0
rainbow,50719,4.611447145683137,5.3619213212895644,10,8,54,0,0.17197142474808005,synthetic,prior_draw,47.0
rainbow,50720,4.599158143980364,5.32387939553905,10,10,54,0,0.13042304186770506,synthetic,prior_draw,47.0
rainbow,50721,4.531321126510746,5.14265732055299,10,9,54,0,0.20338516712043667,synthetic,prior_draw,47.0
rainbow,50722,4.633583541578034,5.277552574880913,10,10,54,0,0.1473091038946983,synthetic,prior_draw,47.0
rainbow,50723,4.979220596294504,5.5955776719856,10,8,54,0,0.20476368564740655,synthetic,prior_draw,47.0
rainbow,50724,4.658298512521138,5.454192613579495,10,9,54,0,0.14789699113235416,synthetic,prior_draw,47.0
rainbow,50725,4.597683061087543,5.186552227765368,10,8,54,0,0.17238028994282395,synthetic,prior_draw,47.0
rainbow,50726,4.44191783367153,5.186914437232886,10,9,54,0,0.14238143350168894,synthetic,prior_draw,47.0
rainbow,50727,4.379085178305989,5.085313149113928,10,9,54,0,0.16438161284867558,synthetic,prior_draw,47.0
rainbow,50728,4.466074778930746,5.205289168729073,10,10,54,0,0.13040758532057486,synthetic,prior_draw,47.0
rainbow,50729,4.699843262877891,5.366398527217794,10,9,54,0,0.16795239102252016,synthetic,prior_draw,47.0
rainbow,50730,4.724566259255559,5.466588937071748,10,10,54,0,0.09992390433232257,synthetic,prior_draw,47.0
rainbow,50731,4.509031625279286,5.251187968052509,10,10,54,0,0.08272675915782325,synthetic,prior_draw,47.0
rainbow,50732,5.023631457085001,5.6298547601606295,10,10,54,0,0.0715282905269955,synthetic,prior_draw,47.0
rainbow,50733,4.463607267704584,5.200088175063413,10,9,54,0,0.16247324579603456,synthetic,prior_draw,47.0
rainbow,50734,4.579187066497878,5.239783482828104,10,10,54,0,0.11686235362184431,synthetic,prior_draw,47.0
rainbow,50735,4.447235847656844,5.189339376762941,10,9,54,0,0.14709221560210872,synthetic,prior_draw,47.0
rainbow,50736,4.518388075843637,5.230653549023545,10,10,54,0,0.17523709714110036,synthetic,prior_draw,47.0
rainbow,50737,4.937175404361493,5.607473148538865,10,8,54,0,0.15349246333584474,synthetic,prior_draw,47.0
rainbow,50738,4.827285004453672,5.486943803219265,10,10,54,0,0.23244155121987123,synthetic,prior_draw,47.0
rainbow,50739,4.0702826069164555,4.715616108308683,10,8,54,0,0.1450938796925978,synthetic,prior_draw,47.0
rainbow,50740,4.436150956302234,5.114048008902462,10,10,54,0,0.16652100271654124,synthetic,prior_draw,47.0
rainbow,50741,5.038641475284985,5.717741576234744,10,10,54,0,0.16011778140065994,synthetic,prior_draw,47.0
rainbow,50742,4.943507458436201,5.575108527314994,10,10,54,0,0.1177172490762081,synthetic,prior_draw,47.0
rainbow,50743,4.5296276311919,5.147484744322682,10,9,54,0,0.17763931234796337,synthetic,prior_draw,47.0
rainbow,50744,4.932782613282524,5.545849094999061,10,9,54,0,0.17146230045270075,synthetic,prior_draw,47.0
rainbow,50745,4.3949258058265315,5.080248463609964,10,10,54,0,0.10329242771723784,synthetic,prior_draw,47.0
rainbow,50746,4.7677203590801485,5.422493801221649,10,10,54,0,0.13920969232307562,synthetic,prior_draw,47.0
rainbow,50747,4.397228640865284,5.097838582943667,10,9,54,0,0.2957043940770729,synthetic,prior_draw,47.0
rainbow,50748,4.475281464560703,5.231899855641102,10,9,54,0,0.09558507817035596,synthetic,prior_draw,47.0
rainbow,50749,4.455936147866106,5.1460799144078155,10,10,54,0,0.15305456988660168,synthetic,prior_draw,47.0
rainbow,50750,4.391692418936907,5.011014894292173,10,7,54,0,0.1812099384632872,synthetic,prior_draw,47.0
rainbow,50751,4.474843034717536,5.166732140118997,10,9,54,0,0.13818304973706036,synthetic,prior_draw,47.0
rainbow,50752,4.290458657620034,4.987119478930318,10,8,54,0,0.140312513056694,synthetic,prior_draw,47.0
rainbow,50753,4.738897554602852,5.5107522975176515,10,10,54,0,0.21487793939461877,synthetic,prior_draw,47.0
rainbow,50754,4.758158096537019,5.434865389377156,10,10,54,0,0.15682047144689554,synthetic,prior_draw,47.0
rainbow,50755,4.7207747190277605,5.329503184531508,10,10,54,0,0.15987802353605698,synthetic,prior_draw,47.0
rainbow,50756,4.891179560408114,5.592797571070453,10,10,54,0,0.1568790146973705,synthetic,prior_draw,47.0
rainbow,50757,4.5745804119045586,5.310310513632135,10,10,54,0,0.16624051065310466,synthetic,prior_draw,47.0
rainbow,50758,4.48919819764412,5.109831615609978,10,8,54,0,0.10819622803952979,synthetic,prior_draw,47.0
rainbow,50759,4.747825063387718,5.473130777538172,10,10,54,0,0.17461747010900897,synthetic,prior_draw,47.0
rainbow,50760,4.467504733499372,5.098562266812663,10,9,54,0,0.16880847069026045,synthetic,prior_draw,47.0
rainbow,50761,4.65330313005675,5.31915709696883,10,10,54,0,0.14843542473475294,synthetic,prior_draw,47.0
rainbow,50762,4.878502244942414,5.487793111481905,10,9,54,0,0.19759684408535963,synthetic,prior_draw,47.0
rainbow,50763,4.397404064138001,5.063442411266194,10,8,54,0,0.10237857070211388,synthetic,prior_draw,47.0
rainbow,50764,4.620701328760705,5.23505574690917,10,10,54,0,0.14047758243072603,synthetic,prior_draw,47.0
rainbow,50765,4.6836215739399725,5.36255856375071,10,9,54,0,0.15659217600886396,synthetic,prior_draw,47.0
rainbow,50766,4.312135762771151,5.0619175628087385,10,9,54,0,0.15082188379770103,synthetic,prior_draw,47.0
rainbow,50767,4.913758083073799,5.58492534547654,10,10,54,0,0.2019280084684618,synthetic,prior_draw,47.0
rainbow,50768,4.347339477289866,4.990413513788856,10,9,54,0,0.20640638310804552,synthetic,prior_draw,47.0
rainbow,50769,4.611272196980354,5.380702840667639,10,10,54,0,0.18361550752097852,synthetic,prior_draw,47.0
rainbow,50770,4.6227998745955485,5.309700250845132,10,9,54,0,0.1482305355072155,synthetic,prior_draw,47.0
rainbow,50771,4.4873654053136685,5.25010700907475,10,10,54,0,0.2028425667368213,synthetic,prior_draw,47.0
rainbow,50772,4.58621284570734,5.298139702835199,10,8,54,0,0.20953098109703272,synthetic,prior_draw,47.0
rainbow,50773,4.563072084682214,5.238519626666144,10,8,54,0,0.1264736640152003,synthetic,prior_draw,47.0
rainbow,50774,4.425737353104369,5.164276415265419,10,9,54,0,0.19113761523181172,synthetic,prior_draw,47.0
rainbow,50775,4.736261127785944,5.397481272168526,10,10,54,0,0.1500612759039916,synthetic,prior_draw,47.0
rainbow,50776,4.6611827547504845,5.3787102915490035,10,10,54,0,0.1274441563860509,synthetic,prior_draw,47.0
rainbow,50777,4.688392879144436,5.33443558727929,10,9,54,0,0.19581690344931815,synthetic,prior_draw,47.0
rainbow,50778,4.527223805017332,5.308483273851107,10,9,54,0,0.15140402949823134,synthetic,prior_draw,47.0
rainbow,50779,4.782252682658283,5.467376746132661,10,10,54,0,0.18548554321972802,synthetic,prior_draw,47.0
rainbow,50780,4.439963470470618,5.120620131043976,10,10,54,0,0.26658376362210523,synthetic,prior_draw,47.0
rainbow,50781,4.94151843191601,5.593608544373522,10,10,54,0,0.11680981264520597,synthetic,prior_draw,47.0
rainbow,50782,5.023419415280253,5.673461149258159,10,10,54,0,0.20221955479413836,synthetic,prior_draw,47.0
rainbow,50783,4.825909990046212,5.4453482965973015,10,10,54,0,0.17652723466797876,synthetic,prior_draw,47.0
rainbow,50784,4.695685049855092,5.413405984629811,10,10,54,0,0.14940000412870977,synthetic,prior_draw,47.0
rainbow,50785,4.552764411020323,5.1593095857774625,10,9,54,0,0.18857127440729546,synthetic,prior_draw,47.0
rainbow,50786,4.640090350675382,5.265628511337212,10,9,54,0,0.2052594765812363,synthetic,prior_draw,47.0
rainbow,50787,4.620188803302731,5.350453329338951,10,10,54,0,0.12266074411504495,synthetic,prior_draw,47.0
rainbow,50788,4.651102106178669,5.292507644501614,10,10,54,0,0.16827515923790037,synthetic,prior_draw,47.0
rainbow,50789,4.756644453735012,5.37093167979874,10,10,54,0,0.09919162067156242,synthetic,prior_draw,47.0
rainbow,50790,4.978311385871532,5.568377280212342,10,10,54,0,0.1470124449160972,synthetic,prior_draw,47.0
rainbow,50791,4.510036290931123,5.12018004597179,10,9,54,0,0.30232229478259953,synthetic,prior_draw,47.0
rainbow,50792,5.308952146241367,5.949423145715011,10,10,54,0,0.15164193942506257,synthetic,prior_draw,47.0
rainbow,50793,4.670269040882997,5.353086637088027,10,10,54,0,0.16607869384989463,synthetic,prior_draw,47.0
rainbow,50794,4.574056051530249,5.1631175890203975,10,8,54,0,0.12674057274525152,synthetic,prior_draw,47.0
rainbow,50795,4.745720477539366,5.491645235288437,10,10,54,0,0.14153326179408826,synthetic,prior_draw,47.0
rainbow,50796,4.650926849421733,5.282210451608605,10,9,54,0,0.183298057446702,synthetic,prior_draw,47.0
rainbow,50797,4.740635138588734,5.3642910018827035,10,10,54,0,0.11549994944629254,synthetic,prior_draw,47.0
rainbow,50798,4.758892755337374,5.447824341842628,10,10,54,0,0.14183930378872478,synthetic,prior_draw,47.0
rainbow,50799,4.484882684601991,5.193808586011894,10,8,54,0,0.1327174402513922,synthetic,prior_draw,47.0
rainbow,50800,4.532437171811068,5.18004142139785,10,10,54,0,0.08632300247533209,synthetic,prior_draw,47.0
rainbow,50801,4.7233771862010165,5.50685991685178,10,10,54,0,0.17202440518380602,synthetic,prior_draw,47.0
rainbow,50802,4.3431308008153,5.123649730493966,10,8,54,0,0.1195270860958923,synthetic,prior_draw,47.0
rainbow,50803,4.84082227474874,5.516785451954954,10,10,54,0,0.23072461026715596,synthetic,prior_draw,47.0
rainbow,50804,4.537095816737697,5.214276773963202,10,10,54,0,0.18948407457548888,synthetic,prior_draw,47.0
rainbow,50805,4.540944012349602,5.21889600915691,10,9,54,0,0.13929168263535555,synthetic,prior_draw,47.0
rainbow,50806,4.69815823481802,5.400445591038455,10,10,54,0,0.18380931863414768,synthetic,prior_draw,47.0
rainbow,50807,4.710658685588855,5.374301142694052,10,9,54,0,0.24020482709146457,synthetic,prior_draw,47.0
rainbow,50808,4.86974651686272,5.493976404785872,10,10,54,0,0.13724052514065657,synthetic,prior_draw,47.0
rainbow,50809,4.423778154049319,5.088224352558054,10,10,54,0,0.21351174124365108,synthetic,prior_draw,47.0
rainbow,50810,5.092582457463076,5.7419780047849756,10,10,54,0,0.17315548565904204,synthetic,prior_draw,47.0
rainbow,50811,4.969011882839239,5.715561945918102,10,10,54,0,0.11385300577696228,synthetic,prior_draw,47.0
rainbow,50812,4.765672644475372,5.438358672344984,10,9,54,0,0.17727078969886273,synthetic,prior_draw,47.0
rainbow,50813,4.58764335654586,5.284379518890398,10,10,54,0,0.1993189516525344,synthetic,prior_draw,47.0
rainbow,50814,4.855158084478766,5.564390270238863,10,10,54,0,0.14957611126843803,synthetic,prior_draw,47.0
rainbow,50815,4.803426715941367,5.444751814644591,10,10,54,0,0.12942680217600055,synthetic,prior_draw,47.0
rainbow,50816,4.317272894413338,4.995632334512175,10,9,54,0,0.10865256547834339,synthetic,prior_draw,47.0
rainbow,50817,4.3430274000484,5.11242701419417,10,9,54,0,0.2087575615826995,synthetic,prior_draw,47.0
rainbow,50818,4.747314027354819,5.38511429015567,10,10,54,0,0.2147429827184437,synthetic,prior_draw,47.0
rainbow,50819,4.43589135662689,5.145482575400376,10,9,54,0,0.09034713549630292,synthetic,prior_draw,47.0
rainbow,50820,4.558575660807072,5.200415201756904,10,9,54,0,0.13184301882490312,synthetic,prior_draw,47.0
rainbow,50821,4.646043259987732,5.285591622607347,10,9,54,0,0.17511010463823734,synthetic,prior_draw,47.0
rainbow,50822,5.002643077911971,5.646444912356917,10,9,54,0,0.12070447808820225,synthetic,prior_draw,47.0
rainbow,50823,4.642895883181245,5.3497321802675675,10,9,54,0,0.11470205991517439,synthetic,prior_draw,47.0
rainbow,50824,4.541125037887744,5.278213536640743,10,10,54,0,0.19618599584857255,synthetic,prior_draw,47.0
rainbow,50825,4.6493190723587965,5.373207874975483,10,10,54,0,0.1581062067840366,synthetic,prior_draw,47.0
rainbow,50826,4.482781646092949,5.207600336189976,10,10,54,0,0.21039421262237026,synthetic,prior_draw,47.0
rainbow,50827,4.780048023794271,5.525701448872338,10,10,54,0,0.1684442754870741,synthetic,prior_draw,47.0
rainbow,50828,4.778194804510317,5.506641857880852,10,10,54,0,0.2199524387093048,synthetic,prior_draw,47.0
rainbow,50829,4.57345897442977,5.319029746424486,10,10,54,0,0.17383300327367934,synthetic,prior_draw,47.0
rainbow,50830,4.3880525865440685,5.135926741041533,10,9,54,0,0.06611037426926994,synthetic,prior_draw,47.0
rainbow,50831,5.14851802876415,5.7769601781252495,10,10,54,0,0.18203205349491944,synthetic,prior_draw,47.0
rainbow,50832,4.8624102658626525,5.533962909082732,10,10,54,0,0.12645812910330226,synthetic,prior_draw,47.0
rainbow,50833,4.832958046427098,5.484052287852034,10,8,54,0,0.1338902251933695,synthetic,prior_draw,47.0
rainbow,50834,4.513640593789619,5.181447376896578,10,8,54,0,0.17975850667502985,synthetic,prior_draw,47.0
rainbow,50835,4.151316000957423,4.815525936965454,10,9,54,0,0.06072434773431312,synthetic,prior_draw,47.0
rainbow,50836,4.47347437881396,5.155420114982772,10,10,54,0,0.11803466670257001,synthetic,prior_draw,47.0
rainbow,50837,4.461625151946809,5.123087962360951,10,9,54,0,0.15986131149357108,synthetic,prior_draw,47.0
rainbow,50838,4.84597217992668,5.555950911227933,10,9,54,0,0.07769599028417316,synthetic,prior_draw,47.0
rainbow,50839,4.598749582682714,5.246566382133116,10,8,54,0,0.13118627382398337,synthetic,prior_draw,47.0
rainbow,50840,4.475337176252211,5.184872123187358,10,10,54,0,0.12926467234599845,synthetic,prior_draw,47.0
rainbow,50841,4.742691797057901,5.425262110989016,10,9,54,0,0.13148273264489574,synthetic,prior_draw,47.0
rainbow,50842,4.599635889581868,5.228937816715289,10,9,54,0,0.1393102954682463,synthetic,prior_draw,47.0
rainbow,50843,4.307479399710011,5.070186674549235,10,9,54,0,0.1339624669780479,synthetic,prior_draw,47.0
rainbow,50844,4.462839315930946,5.10541190361854,10,8,54,0,0.2098989007388653,synthetic,prior_draw,47.0
rainbow,50845,4.334730024797164,5.0617291046289035,10,9,54,0,0.11333744204849265,synthetic,prior_draw,47.0
rainbow,50846,4.697664998429002,5.431442507725173,10,10,54,0,0.1442413014510991,synthetic,prior_draw,47.0
rainbow,50847,4.38637158038904,5.137377268261935,10,9,54,0,0.18164163586967735,synthetic,prior_draw,47.0
rainbow,50848,4.61612833771031,5.207693428577688,10,10,54,0,0.15130110549240408,synthetic,prior_draw,47.0
rainbow,50849,4.659021576100561,5.322487957504069,10,8,54,0,0.15430664281577677,synthetic,prior_draw,47.0
rainbow,50850,4.556132456179737,5.280009806796961,10,9,54,0,0.11156146682354193,synthetic,prior_draw,47.0
rainbow,50851,4.6899687490051125,5.383948307154936,10,10,54,0,0.18142410373667478,synthetic,prior_draw,47.0
rainbow,50852,4.515993878291399,5.250841655673547,10,10,54,0,0.17447771558170547,synthetic,prior_draw,47.0
rainbow,50853,4.646526899364382,5.261189166064917,10,10,54,0,0.12651449971185355,synthetic,prior_draw,47.0
rainbow,50854,4.7807640451428535,5.437709161999866,10,9,54,0,0.14272222976905244,synthetic,prior_draw,47.0
rainbow,50855,4.9241344367709114,5.534106196508689,10,10,54,0,0.18654579230419138,synthetic,prior_draw,47.0
rainbow,50856,4.2015276666319,4.9242792888476075,10,10,54,0,0.2181338191652317,synthetic,prior_draw,47.0
rainbow,50857,4.710129375980229,5.433589252687338,10,10,54,0,0.15928703269598934,synthetic,prior_draw,47.0
rainbow,50858,4.723052387149903,5.369285129096083,10,9,54,0,0.21972296785057038,synthetic,prior_draw,47.0
rainbow,50859,4.774064635880834,5.541461458825616,10,9,54,0,0.19099677450905067,synthetic,prior_draw,47.0
rainbow,50860,4.684746067412858,5.302739233856368,10,10,54,0,0.2415278703203421,synthetic,prior_draw,47.0
rainbow,50861,5.029621703784933,5.647938934254156,10,10,54,0,0.14995644191339075,synthetic,prior_draw,47.0
rainbow,50862,4.474456828011959,5.22290401414998,10,10,54,0,0.19638035586270716,synthetic,prior_draw,47.0
rainbow,50863,5.088165408279019,5.778069129341684,10,10,54,0,0.10628443188361496,synthetic,prior_draw,47.0
rainbow,50864,4.6029219977411335,5.336454563288006,10,10,54,0,0.14504211364510886,synthetic,prior_draw,47.0
rainbow,50865,4.309216578086776,4.954089646112073,10,8,54,0,0.18240152547170327,synthetic,prior_draw,47.0
rainbow,50866,4.64325389004902,5.341573667146782,10,10,54,0,0.17021547647855556,synthetic,prior_draw,47.0
rainbow,50867,4.653053831862941,5.233638265892307,10,10,54,0,0.18440297878296502,synthetic,prior_draw,47.0
rainbow,50868,4.355552885443209,5.065026420254764,10,9,54,0,0.14684256688114974,synthetic,prior_draw,47.0
rainbow,50869,4.983626795607242,5.653829295172426,10,10,54,0,0.16929666556987738,synthetic,prior_draw,47.0
rainbow,50870,4.774082468685726,5.445901214888837,10,9,54,0,0.19534178276062875,synthetic,prior_draw,47.0
rainbow,50871,4.471667117764022,5.177860278559345,10,9,54,0,0.14234932254970403,synthetic,prior_draw,47.0
rainbow,50872,4.918883533675791,5.532138997822492,10,10,54,0,0.09148436132673572,synthetic,prior_draw,47.0
rainbow,50873,4.216624172059244,4.95787250741993,10,9,54,0,0.18453915455531358,synthetic,prior_draw,47.0
rainbow,50874,4.42363002129629,5.082701740889819,10,10,54,0,0.2862573728058963,synthetic,prior_draw,47.0
rainbow,50875,4.46890724482343,5.154869466557597,10,10,54,0,0.18481072156480077,synthetic,prior_draw,47.0
rainbow,50876,4.316873293490351,4.932163713616955,10,8,54,0,0.1689897532947718,synthetic,prior_draw,47.0
rainbow,50877,4.426585746768251,5.1899833075601585,10,9,54,0,0.08814123899943255,synthetic,prior_draw,47.0
rainbow,50878,4.883118954587722,5.536333686421109,10,10,54,0,0.20184124856101543,synthetic,prior_draw,47.0
rainbow,50879,4.552504715159349,5.1988917576743345,10,9,54,0,0.14129206933771396,synthetic,prior_draw,47.0
rainbow,50880,4.851061321893607,5.44328651702543,10,10,54,0,0.2788053112174577,synthetic,prior_draw,47.0
rainbow,50881,4.576549640826004,5.302897603168627,10,10,54,0,0.16444954386697994,synthetic,prior_draw,47.0
rainbow,50882,4.754388111275717,5.455596716495437,10,10,54,0,0.16822290987289615,synthetic,prior_draw,47.0
rainbow,50883,4.487496345063396,5.213644282666408,10,9,54,0,0.3402627251456323,synthetic,prior_draw,47.0
rainbow,50884,4.859724361774621,5.5226776833553455,10,9,54,0,0.12906775032740878,synthetic,prior_draw,47.0
rainbow,50885,4.554604831688699,5.2396136000306255,10,10,54,0,0.08646951732220833,synthetic,prior_draw,47.0
rainbow,50886,4.637332367208048,5.321720265674766,10,10,54,0,0.19756400726420886,synthetic,prior_draw,47.0
rainbow,50887,4.543921824166738,5.173903025228044,10,9,54,0,0.12895434288707888,synthetic,prior_draw,47.0
rainbow,50888,4.153796575174602,4.8123346732373165,10,9,54,0,0.20245176271699594,synthetic,prior_draw,47.0
rainbow,50889,3.7758855498061665,4.420944043439391,10,9,54,0,0.1553357350491616,synthetic,prior_draw,47.0
rainbow,50890,4.750261054303333,5.517574356010708,10,10,54,0,0.19192539575693832,synthetic,prior_draw,47.0
rainbow,50891,4.662118586204537,5.267221010501994,10,10,54,0,0.10874159636403538,synthetic,prior_draw,47.0
rainbow,50892,4.472027184209518,5.186337149268198,10,9,54,0,0.23211636860734283,synthetic,prior_draw,47.0
rainbow,50893,4.681302621780435,5.307015991622896,10,10,54,0,0.2591749432566022,synthetic,prior_draw,47.0
rainbow,50894,4.569141088643073,5.314737157851053,10,10,54,0,0.12859023843684111,synthetic,prior_draw,47.0
rainbow,50895,4.844838093163657,5.610900072160761,10,10,54,0,0.19686798577388412,synthetic,prior_draw,47.0
rainbow,50896,4.439752567337384,5.133670392118417,10,9,54,0,0.1825658384739562,synthetic,prior_draw,47.0
rainbow,50897,4.687023711647011,5.357547667206853,10,10,54,0,0.18648210048417158,synthetic,prior_draw,47.0
rainbow,50898,4.665196693143062,5.293449388667367,10,9,54,0,0.15349176895782998,synthetic,prior_draw,47.0
rainbow,50899,4.912083142634267,5.659520510123425,10,9,54,0,0.22862037560081236,synthetic,prior_draw,47.0
rainbow,50900,4.784874846150787,5.561076119307527,10,10,54,0,0.15140700469282894,synthetic,prior_draw,47.0
rainbow,50901,4.6065482038119425,5.379048601836676,10,10,54,0,0.26200335223720983,synthetic,prior_draw,47.0
rainbow,50902,4.907720714715411,5.525613548504582,10,9,54,0,0.1942255271487615,synthetic,prior_draw,47.0
rainbow,50903,4.792460479352914,5.432722812313382,10,9,54,0,0.19392413537258818,synthetic,prior_draw,47.0
rainbow,50904,4.371533250135633,4.985905411052297,10,8,54,0,0.1832578539865666,synthetic,prior_draw,47.0
rainbow,50905,4.718530350178075,5.454766314334028,10,10,54,0,0.16807603737053375,synthetic,prior_draw,47.0
rainbow,50906,4.589062274719592,5.354316681863739,10,9,54,0,0.176712537063839,synthetic,prior_draw,47.0
rainbow,50907,5.101396420213046,5.762189799288731,10,10,54,0,0.08983359904483496,synthetic,prior_draw,47.0
rainbow,50908,4.647312417267623,5.331893389839526,10,10,54,0,0.14262664197938643,synthetic,prior_draw,47.0
rainbow,50909,4.738150205353088,5.374936548733271,10,10,54,0,0.15539727740207998,synthetic,prior_draw,47.0
rainbow,50910,4.351357599427137,5.076433779227104,10,9,54,0,0.2578962401738973,synthetic,prior_draw,47.0
rainbow,50911,4.675416940108853,5.452091315297399,10,10,54,0,0.13257640659548633,synthetic,prior_draw,47.0
rainbow,50912,4.2315820215655515,4.947684114938087,10,9,54,0,0.10929738282912083,synthetic,prior_draw,47.0
rainbow,50913,4.365208162723512,5.058687939814682,10,9,54,0,0.2061135876257163,synthetic,prior_draw,47.0
rainbow,50914,4.660507438557721,5.289447166705054,10,10,54,0,0.1036549868763744,synthetic,prior_draw,47.0
rainbow,50915,4.641840615227311,5.26835512984328,10,10,54,0,0.11041736367717205,synthetic,prior_draw,47.0
rainbow,50916,4.411314243651913,5.023068774988101,10,9,54,0,0.1957283208622317,synthetic,prior_draw,47.0
rainbow,50917,4.7113358165323325,5.340091714926352,10,10,54,0,0.10783821587863025,synthetic,prior_draw,47.0
rainbow,50918,4.372036842703249,4.97719988523068,10,9,54,0,0.14619522681783537,synthetic,prior_draw,47.0
rainbow,50919,4.791100071583362,5.4289405625983935,10,10,54,0,0.2886926875769719,synthetic,prior_draw,47.0
rainbow,50920,4.614371627240723,5.302622006996103,10,10,54,0,0.11928381695648617,synthetic,prior_draw,47.0
rainbow,50921,4.947874956328862,5.593834320179458,10,10,54,0,0.144964023829146,synthetic,prior_draw,47.0
rainbow,50922,4.80589297926598,5.589195384131806,10,10,54,0,0.16582370351639678,synthetic,prior_draw,47.0
rainbow,50923,4.37726486196475,4.998498271726604,10,8,54,0,0.1478547218800484,synthetic,prior_draw,47.0
rainbow,50924,4.5286372127709,5.2411011010434745,10,9,54,0,0.17573992363468643,synthetic,prior_draw,47.0
rainbow,50925,4.898312436209709,5.515690149358661,10,10,54,0,0.09711253143380587,synthetic,prior_draw,47.0
rainbow,50926,4.439523587854148,5.18564299802378,10,9,54,0,0.14931012412326017,synthetic,prior_draw,47.0
rainbow,50927,5.039587128086685,5.6701857524632375,10,10,54,0,0.10510182252559445,synthetic,prior_draw,47.0
rainbow,50928,4.792389175784955,5.445809530982374,10,10,54,0,0.17364889070288184,synthetic,prior_draw,47.0
rainbow,50929,4.537250685286633,5.322797528074305,10,9,54,0,0.09176668817005014,synthetic,prior_draw,47.0
rainbow,50930,4.621922979273138,5.363019019980913,10,10,54,0,0.21390727807941257,synthetic,prior_draw,47.0
rainbow,50931,4.522589041502439,5.229594176059688,10,9,54,0,0.140134116680394,synthetic,prior_draw,47.0
rainbow,50932,4.748515605070504,5.375520595686557,10,9,54,0,0.09519807168133348,synthetic,prior_draw,47.0
rainbow,50933,4.156263685036669,4.8647233429372205,10,8,54,0,0.11387146299391479,synthetic,prior_draw,47.0
rainbow,50934,4.743917057184861,5.391482114636632,10,10,54,0,0.1702379110037839,synthetic,prior_draw,47.0
rainbow,50935,4.462875637370083,5.227861879110562,10,9,54,0,0.12989979914854188,synthetic,prior_draw,47.0
rainbow,50936,4.3907702168017915,5.045225825527516,10,9,54,0,0.16781057708934435,synthetic,prior_draw,47.0
rainbow,50937,5.021965763110823,5.698781687360837,10,10,54,0,0.15475246470241105,synthetic,prior_draw,47.0
rainbow,50938,4.421174975135241,5.1498337572169905,10,10,54,0,0.14281187607645318,synthetic,prior_draw,47.0
rainbow,50939,4.826660082154185,5.4680402567416015,10,10,54,0,0.20239560098479314,synthetic,prior_draw,47.0
rainbow,50940,4.900901851544443,5.599267449059628,10,9,54,0,0.16053943932102688,synthetic,prior_draw,47.0
rainbow,50941,4.462682587413552,5.151624509861197,10,10,54,0,0.24484828034388004,synthetic,prior_draw,47.0
rainbow,50942,4.412089887969121,5.134845674161527,10,10,54,0,0.1294828402338861,synthetic,prior_draw,47.0
rainbow,50943,4.658956436194713,5.36125878853048,10,10,54,0,0.10542332295552244,synthetic,prior_draw,47.0
rainbow,50944,4.877073636727785,5.563454475472498,10,9,54,0,0.15979907401979324,synthetic,prior_draw,47.0
rainbow,50945,4.785778348667679,5.548634612912013,10,10,54,0,0.15477561476528745,synthetic,prior_draw,47.0
rainbow,50946,4.317676047053953,5.060730425824641,10,9,54,0,0.20264514525018587,synthetic,prior_draw,47.0
rainbow,50947,4.851620635937356,5.5882627830703235,10,9,54,0,0.11052017351206062,synthetic,prior_draw,47.0
rainbow,50948,4.133147667379262,4.808878875248901,10,9,54,0,0.170221974960299,synthetic,prior_draw,47.0
rainbow,50949,4.5194727571601865,5.180198286713084,10,9,54,0,0.16199835317720787,synthetic,prior_draw,47.0
rainbow,50950,4.7857575230024985,5.423881331198947,10,10,54,0,0.08080518118160775,synthetic,prior_draw,47.0
rainbow,50951,4.825007541399103,5.447237298145459,10,8,54,0,0.1696862347420434,synthetic,prior_draw,47.0
rainbow,50952,4.972633135913914,5.687176048937689,10,10,54,0,0.18336303634783171,synthetic,prior_draw,47.0
rainbow,50953,4.775477848907714,5.425828475909766,10,9,54,0,0.14989321406035952,synthetic,prior_draw,47.0
rainbow,50954,4.366045765846855,5.0942270289615,10,9,54,0,0.14324228480866147,synthetic,prior_draw,47.0
rainbow,50955,5.043252087691503,5.666135711464222,10,9,54,0,0.12013648550152695,synthetic,prior_draw,47.0
rainbow,50956,4.690187008326863,5.432028634566224,10,10,54,0,0.1332136616990043,synthetic,prior_draw,47.0
rainbow,50957,4.398843516956247,5.156136051713153,10,9,54,0,0.24543381544753287,synthetic,prior_draw,47.0
rainbow,50958,4.756820282993524,5.368997197053782,10,8,54,0,0.11626645320635305,synthetic,prior_draw,47.0
rainbow,50959,4.644485462570426,5.354400254178739,10,10,54,0,0.1254646881521908,synthetic,prior_draw,47.0
rainbow,50960,4.8503885146373555,5.498358771926218,10,10,54,0,0.19256936988023174,synthetic,prior_draw,47.0
rainbow,50961,4.813814090648951,5.4301194710655505,10,10,54,0,0.35089382040795525,synthetic,prior_draw,47.0
rainbow,50962,4.3461856286785805,5.009584468338534,10,8,54,0,0.18084040605634827,synthetic,prior_draw,47.0
rainbow,50963,4.772114354427198,5.546146261632551,10,10,54,0,0.19562049755577693,synthetic,prior_draw,47.0
rainbow,50964,4.434067591328164,5.114987956572201,10,9,54,0,0.08185532527449219,synthetic,prior_draw,47.0
rainbow,50965,4.485802454084862,5.145171107794259,10,10,54,0,0.14264579769043356,synthetic,prior_draw,47.0
rainbow,50966,4.490686163006083,5.287601698385396,10,10,54,0,0.188460044204048,synthetic,prior_draw,47.0
rainbow,50967,4.616665825873349,5.371697928861138,10,10,54,0,0.12463517437035618,synthetic,prior_draw,47.0
rainbow,50968,4.745668203603094,5.356410067386753,10,10,54,0,0.18749635229138362,synthetic,prior_draw,47.0
rainbow,50969,4.416802262157752,5.14571848188564,10,9,54,0,0.2050383947221421,synthetic,prior_draw,47.0
rainbow,50970,4.868837045308581,5.481554255323743,10,9,54,0,0.21487713267650765,synthetic,prior_draw,47.0
rainbow,50971,4.573349130637677,5.333646134274646,10,10,54,0,0.17954737905095736,synthetic,prior_draw,47.0
rainbow,50972,4.686322985389372,5.393611115593599,10,9,54,0,0.13108770909770612,synthetic,prior_draw,47.0
rainbow,50973,4.8336049812873805,5.468458386292904,10,10,54,0,0.07968181659764234,synthetic,prior_draw,47.0
rainbow,50974,4.927102160431291,5.591722739124707,10,9,54,0,0.1654235224173575,synthetic,prior_draw,47.0
rainbow,50975,4.562583300165736,5.279379691434666,10,10,54,0,0.14852491644161495,synthetic,prior_draw,47.0
rainbow,50976,4.447401370491041,5.183332773896176,10,9,54,0,0.07713061839648777,synthetic,prior_draw,47.0
rainbow,50977,4.731784543796182,5.418661196038688,10,10,54,0,0.21392975841216802,synthetic,prior_draw,47.0
rainbow,50978,4.349132605782904,5.021625112143554,10,9,54,0,0.17008757149745463,synthetic,prior_draw,47.0
rainbow,50979,4.476804579210281,5.2404749106490565,10,9,54,0,0.22978088634478094,synthetic,prior_draw,47.0
rainbow,50980,4.2903080160752864,4.966429166245009,10,9,54,0,0.12839631122378475,synthetic,prior_draw,47.0
rainbow,50981,4.803693739852561,5.549259799224913,10,10,54,0,0.07153319435129453,synthetic,prior_draw,47.0
rainbow,50982,4.52892852345206,5.218599615367319,10,9,54,0,0.21793768818532527,synthetic,prior_draw,47.0
rainbow,50983,4.605039014067663,5.392217930755706,10,9,54,0,0.15609433409114443,synthetic,prior_draw,47.0
rainbow,50984,4.4798442120379915,5.135740524441311,10,10,54,0,0.11564332948184773,synthetic,prior_draw,47.0
rainbow,50985,4.856940845730018,5.528141216686666,10,10,54,0,0.1575016692256379,synthetic,prior_draw,47.0
rainbow,50986,4.425022631403419,5.162209589491633,10,9,54,0,0.18269271331761588,synthetic,prior_draw,47.0
rainbow,50987,4.351128526166958,5.088462457913308,10,9,54,0,0.14259507448462858,synthetic,prior_draw,47.0
rainbow,50988,4.845587466205576,5.508094620371349,10,10,54,0,0.10472021943443201,synthetic,prior_draw,47.0
rainbow,50989,4.466840883954005,5.159818251310177,10,10,54,0,0.15971547289747126,synthetic,prior_draw,47.0
rainbow,50990,4.5656652895695276,5.25479420152881,10,8,54,0,0.1035324381723772,synthetic,prior_draw,47.0
rainbow,50991,4.743670692923517,5.341818554832319,10,10,54,0,0.17359593350541017,synthetic,prior_draw,47.0
rainbow,50992,4.806980899660402,5.493108666297571,10,9,54,0,0.21071715320398154,synthetic,prior_draw,47.0
rainbow,50993,4.8628152208804725,5.490531652385124,10,10,54,0,0.16005035099374593,synthetic,prior_draw,47.0
rainbow,50994,4.309365873602168,5.050845962710661,10,9,54,0,0.19535049896869924,synthetic,prior_draw,47.0
rainbow,50995,4.49552989174764,5.201540403224321,10,10,54,0,0.18302378514421758,synthetic,prior_draw,47.0
rainbow,50996,4.472770848732598,5.0815651956665535,10,8,54,0,0.07039629648315728,synthetic,prior_draw,47.0
rainbow,50997,4.169873985062084,4.758513848480113,10,7,54,0,0.09986069445512094,synthetic,prior_draw,47.0
rainbow,50998,4.484732006413871,5.14515839393881,10,8,54,0,0.1947473700395902,synthetic,prior_draw,47.0
rainbow,50999,4.829505837754781,5.467289014974747,10,10,54,0,0.12423360551953602,synthetic,prior_draw,47.0
rainbow,51000,4.899811196787553,5.521363634970216,10,10,54,0,0.1784509539309767,synthetic,prior_draw,47.0
rainbow,51001,4.506480114831459,5.117946195105083,10,9,54,0,0.1890912516586154,synthetic,prior_draw,47.0
rainbow,51002,4.791455418719528,5.391941057767124,10,10,54,0,0.10208948140017647,synthetic,prior_draw,47.0
rainbow,51003,4.393784332502106,5.1238423841918,10,9,54,0,0.20148221565091992,synthetic,prior_draw,47.0
rainbow,51004,4.3986624210873755,5.040890569576893,10,8,54,0,0.15660605980103365,synthetic,prior_draw,47.0
rainbow,51005,4.578939423753046,5.2061902819261325,10,9,54,0,0.12481290320452472,synthetic,prior_draw,47.0
rainbow,51006,4.699038159794651,5.424902559898942,10,10,54,0,0.1478564822653847,synthetic,prior_draw,47.0
rainbow,51007,4.842668642433631,5.523466936872707,10,10,54,0,0.15804494775144654,synthetic,prior_draw,47.0
rainbow,51008,4.333042962375598,4.969113492328869,10,8,54,0,0.20603762997331193,synthetic,prior_draw,47.0
rainbow,51009,4.524800600385434,5.294975852616658,10,9,54,0,0.18197388668859832,synthetic,prior_draw,47.0
rainbow,51010,4.942387695188648,5.561475035028469,10,10,54,0,0.08456431815620534,synthetic,prior_draw,47.0
rainbow,51011,4.547791000620508,5.209554756604562,10,8,54,0,0.13959160710065763,synthetic,prior_draw,47.0
rainbow,51012,4.49464173104809,5.186684867321732,10,9,54,0,0.20233412434735082,synthetic,prior_draw,47.0
rainbow,51013,4.7452097619592255,5.38644733823821,10,10,54,0,0.20676951156273604,synthetic,prior_draw,47.0
rainbow,51014,5.185743336102296,5.811218566101799,10,10,54,0,0.13494073816624783,synthetic,prior_draw,47.0
rainbow,51015,4.010682608732486,4.6089783141199145,10,9,54,0,0.15171728849428376,synthetic,prior_draw,47.0
rainbow,51016,4.7898558981280495,5.420235269193669,10,10,54,0,0.10357612842348765,synthetic,prior_draw,47.0
rainbow,51017,4.30391363059756,4.987066955962302,10,9,54,0,0.2089754540186717,synthetic,prior_draw,47.0
rainbow,51018,4.983097198175416,5.578510827834243,10,10,54,0,0.20882546530494286,synthetic,prior_draw,47.0
rainbow,51019,4.382081286623772,5.121363220950171,10,9,54,0,0.14826499483649117,synthetic,prior_draw,47.0
rainbow,51020,4.646968427838457,5.3791750506708444,10,10,54,0,0.16425581607406495,synthetic,prior_draw,47.0
rainbow,51021,4.769582963705013,5.467127325587585,10,10,54,0,0.25285955275296185,synthetic,prior_draw,47.0
rainbow,51022,4.299795304517939,5.025254095946791,10,9,54,0,0.12098736186936748,synthetic,prior_draw,47.0
rainbow,51023,4.838925031044049,5.579525628638367,10,10,54,0,0.1340373206073567,synthetic,prior_draw,47.0
